{"type":"FeatureCollection","properties":{"source":"OpenStreetMap contributors via @geo-maps/earth-lands-10m (ODbL)","bbox":{"lat_min":35.4,"lat_max":46.6,"lon_min":6.2,"lon_max":18.8},"excludes":{"lat_min":37.85,"lat_max":39.05,"lon_min":14.15,"lon_max":15.55},"simplify_m":15.0,"min_area_km2":0.05},"features":[{"type":"Feature","properties":{"kind":"coast","area_km2":433191.0825},"geometry":{"type":"Polygon","coordinates":[[[18.70797,42.33438],[18.70879,42.33987],[18.69667,42.3461],[18.68733,42.35704],[18.70648,42.35434],[18.70024,42.35989],[18.70139,42.36331],[18.68787,42.3725],[18.69109,42.37658],[18.68341,42.38204],[18.68483,42.38532],[18.67639,42.38289],[18.66366,42.38672],[18.65285,42.38274],[18.6519,42.37585],[18.65873,42.37208],[18.65248,42.36841],[18.65373,42.36262],[18.64376,42.36442],[18.64341,42.36899],[18.63841,42.37052],[18.63153,42.36923],[18.6311,42.36192],[18.61682,42.36823],[18.60956,42.3642],[18.60982,42.3695],[18.60143,42.36964],[18.59022,42.3776],[18.59338,42.38129],[18.5851,42.38096],[18.58361,42.38513],[18.57513,42.38646],[18.56998,42.39115],[18.57923,42.39463],[18.57658,42.397],[18.57988,42.4006],[18.5621,42.40304],[18.55606,42.40925],[18.5589,42.41237],[18.54783,42.41329],[18.5464,42.42135],[18.55595,42.42885],[18.5761,42.43198],[18.61605,42.42216],[18.6642,42.40536],[18.69088,42.40304],[18.70259,42.39334],[18.70983,42.39165],[18.70528,42.39358],[18.70997,42.39929],[18.71298,42.3983],[18.70611,42.40246],[18.70992,42.40466],[18.70594,42.40509],[18.71284,42.40671],[18.71308,42.41608],[18.70198,42.42306],[18.70136,42.4287],[18.6997,42.4268],[18.69358,42.43184],[18.68796,42.43108],[18.68748,42.43349],[18.68813,42.4313],[18.69409,42.43339],[18.69247,42.43616],[18.68868,42.43337],[18.69042,42.43883],[18.68437,42.43916],[18.68675,42.44809],[18.6813,42.45944],[18.68646,42.47338],[18.69036,42.47748],[18.73414,42.46579],[18.75431,42.44896],[18.75228,42.44414],[18.76065,42.42394],[18.76996,42.42168],[18.76641,42.42617],[18.76837,42.42568],[18.77313,42.42623],[18.76745,42.42729],[18.77479,42.42672],[18.76757,42.42748],[18.76186,42.44171],[18.76567,42.44859],[18.76356,42.48975],[18.75355,42.49005],[18.73338,42.4833],[18.6997,42.48525],[18.69147,42.4923],[18.69635,42.5095],[18.68832,42.51722],[18.67648,42.50518],[18.66783,42.50452],[18.64932,42.48981],[18.68697,42.4787],[18.67368,42.46617],[18.67635,42.45992],[18.6618,42.45556],[18.65814,42.45001],[18.65226,42.44667],[18.65291,42.45034],[18.6319,42.44071],[18.59768,42.43302],[18.56437,42.45398],[18.55179,42.44925],[18.5321,42.44949],[18.53473,42.45037],[18.52479,42.45601],[18.5149,42.45838],[18.50405,42.44865],[18.51117,42.43839],[18.53,42.42399],[18.52257,42.41997],[18.51388,42.42132],[18.50976,42.41464],[18.51128,42.40617],[18.53387,42.39241],[18.52458,42.39366],[18.50818,42.40223],[18.50857,42.40751],[18.48631,42.42119],[18.46314,42.44439],[18.4504,42.45089],[18.44108,42.44647],[18.43486,42.4536],[18.42751,42.45263],[18.42749,42.44637],[18.40937,42.45869],[18.42543,42.4544],[18.4203,42.46455],[18.39432,42.47825],[18.38382,42.48017],[18.37272,42.4889],[18.32838,42.51031],[18.28821,42.52319],[18.27556,42.53047],[18.27195,42.53806],[18.23355,42.5585],[18.22452,42.57354],[18.208,42.58206],[18.21718,42.58073],[18.21136,42.58772],[18.21878,42.58132],[18.2232,42.58173],[18.22687,42.58985],[18.22411,42.59367],[18.23038,42.60004],[18.22375,42.61149],[18.21253,42.6139],[18.2071,42.62196],[18.19911,42.62367],[18.19805,42.6201],[18.1816,42.61725],[18.18029,42.61448],[18.14875,42.62997],[18.13074,42.63283],[18.12441,42.63965],[18.11256,42.64173],[18.10732,42.63899],[18.10605,42.64142],[18.09976,42.64038],[18.09387,42.64641],[18.08789,42.64337],[18.05969,42.64967],[18.0701,42.6556],[18.0578,42.65887],[18.05986,42.66375],[18.07678,42.66357],[18.08703,42.65312],[18.07861,42.66668],[18.10457,42.67213],[18.13194,42.67025],[18.13476,42.67159],[18.13685,42.67543],[18.13046,42.67163],[18.10036,42.67438],[18.0732,42.66886],[18.05552,42.67825],[18.04683,42.69066],[18.04476,42.70174],[18.03918,42.69643],[18.04508,42.68446],[18.02664,42.68825],[18.01862,42.69438],[18.00655,42.69515],[17.98416,42.70504],[17.96735,42.71273],[17.96399,42.72076],[17.95587,42.72155],[17.95438,42.72857],[17.94912,42.7266],[17.93093,42.73581],[17.92827,42.74019],[17.90556,42.74548],[17.8774,42.76302],[17.87357,42.77297],[17.88382,42.77344],[17.88416,42.77891],[17.89029,42.78303],[17.88794,42.78748],[17.86991,42.77962],[17.87245,42.77606],[17.86597,42.7765],[17.86065,42.77884],[17.85876,42.78474],[17.84652,42.78845],[17.84499,42.79326],[17.85131,42.79553],[17.84527,42.79658],[17.84356,42.80415],[17.82823,42.80002],[17.82255,42.80208],[17.81966,42.7994],[17.80787,42.80303],[17.80691,42.80703],[17.80206,42.80491],[17.7961,42.80721],[17.79364,42.80704],[17.79347,42.80648],[17.79746,42.79961],[17.79367,42.8004],[17.78142,42.78719],[17.76245,42.80442],[17.73067,42.81976],[17.71369,42.82402],[17.69733,42.83538],[17.7005,42.82781],[17.7169,42.82218],[17.7185,42.81694],[17.74868,42.80163],[17.76082,42.78237],[17.7707,42.77518],[17.76098,42.76993],[17.76166,42.761],[17.74773,42.77163],[17.74828,42.7745],[17.75424,42.77374],[17.75509,42.77776],[17.74898,42.78604],[17.75088,42.79113],[17.74231,42.79705],[17.73572,42.79652],[17.73494,42.79184],[17.72662,42.79215],[17.71897,42.79535],[17.71604,42.80098],[17.70915,42.79658],[17.70459,42.79785],[17.70496,42.80271],[17.69717,42.80034],[17.69441,42.80596],[17.68829,42.80383],[17.67792,42.808],[17.67642,42.81712],[17.66899,42.81178],[17.63852,42.81647],[17.59223,42.83329],[17.54914,42.84099],[17.54032,42.84622],[17.53944,42.84411],[17.50908,42.84954],[17.49599,42.8571],[17.44645,42.86785],[17.44572,42.87242],[17.44235,42.87048],[17.43064,42.87526],[17.43696,42.87559],[17.43748,42.88397],[17.44986,42.88404],[17.44737,42.88896],[17.45444,42.89245],[17.42797,42.90242],[17.41905,42.91101],[17.41328,42.9119],[17.41173,42.9094],[17.4014,42.91766],[17.39857,42.91232],[17.36233,42.91349],[17.34899,42.91907],[17.33461,42.93172],[17.25209,42.95785],[17.21806,42.98109],[17.20166,42.98173],[17.17491,42.97264],[17.17365,42.97489],[17.13569,42.97446],[17.11409,42.98067],[17.10339,42.97882],[17.09417,42.98493],[17.06864,42.98377],[17.03834,43.00282],[17.01758,43.00354],[17.00836,43.00618],[17.00514,43.01089],[17.01798,43.00513],[17.02386,43.01611],[17.02047,43.01839],[17.02519,43.02305],[17.03491,43.0243],[17.02938,43.03117],[17.02172,43.03114],[17.02213,43.02519],[17.01242,43.02961],[17.01268,43.03578],[17.0182,43.03718],[17.0126,43.03991],[17.01563,43.04155],[17.00136,43.04561],[17.0052,43.04815],[17.02947,43.04423],[17.03652,43.04008],[17.03354,43.03751],[17.04727,43.03545],[17.05497,43.02828],[17.07154,43.02385],[17.06734,43.02094],[17.07658,43.01938],[17.17081,43.02505],[17.17472,43.02158],[17.20171,43.0169],[17.23412,43.01554],[17.26395,43.00862],[17.27475,43.01002],[17.28365,43.0037],[17.28729,43.00574],[17.30226,43.00244],[17.30936,42.99774],[17.32563,42.9942],[17.3261,42.99084],[17.3309,42.99242],[17.36108,42.98189],[17.38912,42.96934],[17.39001,42.96638],[17.44019,42.95336],[17.45134,42.94022],[17.4497,42.92763],[17.46912,42.92042],[17.46934,42.9146],[17.47887,42.91321],[17.47606,42.91866],[17.4794,42.91985],[17.49113,42.90912],[17.49549,42.91179],[17.51133,42.90966],[17.51334,42.91203],[17.51943,42.9056],[17.53144,42.90342],[17.53319,42.90634],[17.52431,42.91906],[17.51677,42.92336],[17.5191,42.92507],[17.52265,42.92157],[17.52609,42.92436],[17.54428,42.9133],[17.56039,42.91077],[17.59857,42.89448],[17.60924,42.8956],[17.62811,42.88094],[17.6396,42.87792],[17.64875,42.8708],[17.66816,42.86774],[17.64985,42.88053],[17.67946,42.87004],[17.68325,42.86383],[17.68056,42.8621],[17.7037,42.85281],[17.70588,42.84522],[17.70928,42.84731],[17.71914,42.83815],[17.72191,42.83767],[17.71947,42.8407],[17.73214,42.83371],[17.74519,42.83449],[17.6955,42.85997],[17.70807,42.85699],[17.70199,42.86659],[17.709,42.87369],[17.71859,42.87628],[17.70861,42.8836],[17.70063,42.87944],[17.69948,42.86996],[17.69125,42.86831],[17.65039,42.88768],[17.63439,42.90155],[17.59453,42.91401],[17.55198,42.9338],[17.56868,42.92885],[17.56705,42.93261],[17.60238,42.91713],[17.62591,42.91317],[17.62357,42.91833],[17.61604,42.91917],[17.60762,42.92875],[17.58423,42.93513],[17.5764,42.94283],[17.56623,42.9413],[17.5627,42.9438],[17.55748,42.94014],[17.5449,42.94537],[17.54416,42.93923],[17.51288,42.95474],[17.50362,42.96418],[17.50882,42.96479],[17.50737,42.9672],[17.49306,42.96978],[17.4889,42.97532],[17.49263,42.97787],[17.47367,42.98783],[17.47374,42.99636],[17.47896,42.99596],[17.47898,43.00235],[17.48257,43.00151],[17.47299,43.00463],[17.4707,43.00147],[17.47016,43.00274],[17.47018,43.00214],[17.46792,43.00056],[17.46297,43.00933],[17.46825,43.00724],[17.46087,43.0246],[17.45425,43.02216],[17.45152,43.02609],[17.45199,43.02651],[17.45118,43.02659],[17.45075,43.0272],[17.46309,43.03678],[17.45201,43.04085],[17.44629,43.04503],[17.44629,43.04295],[17.43681,43.03678],[17.4437,43.0273],[17.43999,43.02766],[17.43704,43.03112],[17.43118,43.02791],[17.42917,43.02854],[17.43448,43.03678],[17.42432,43.03948],[17.42432,43.03005],[17.42177,43.03084],[17.42252,43.04284],[17.43034,43.04635],[17.42398,43.04615],[17.42399,43.0484],[17.43592,43.05243],[17.4321,43.05468],[17.43042,43.05246],[17.4241,43.06322],[17.41888,43.0546],[17.42247,43.05028],[17.41858,43.04152],[17.40853,43.04018],[17.39685,43.05495],[17.37805,43.06381],[17.36314,43.0841],[17.35615,43.08414],[17.34765,43.1009],[17.33916,43.10431],[17.33587,43.11213],[17.32097,43.11967],[17.30153,43.1219],[17.29824,43.12657],[17.28935,43.12799],[17.28222,43.13848],[17.2622,43.14653],[17.26044,43.15103],[17.25284,43.15068],[17.24828,43.1554],[17.24211,43.15344],[17.23104,43.15748],[17.22876,43.16172],[17.20469,43.16967],[17.18631,43.16918],[17.18172,43.17385],[17.16898,43.17626],[17.15346,43.19246],[17.14421,43.19597],[17.13802,43.19365],[17.11291,43.20738],[17.1065,43.22675],[17.07714,43.23369],[17.07568,43.24158],[17.06223,43.24908],[17.06336,43.25313],[17.0533,43.26969],[17.01885,43.28705],[17.01884,43.29436],[17.01498,43.29473],[17.01615,43.29201],[17.00837,43.29472],[17.01285,43.29547],[17.01265,43.29982],[17.00112,43.30503],[16.99287,43.31696],[16.95842,43.34248],[16.94766,43.35822],[16.92279,43.3698],[16.91399,43.38026],[16.89463,43.39007],[16.8862,43.40105],[16.86858,43.39745],[16.80766,43.40505],[16.77718,43.40542],[16.76417,43.40912],[16.75008,43.40728],[16.71124,43.41951],[16.69441,43.44255],[16.68664,43.43704],[16.68293,43.43984],[16.66557,43.43829],[16.65175,43.44139],[16.63941,43.43699],[16.63967,43.44407],[16.62945,43.44573],[16.62318,43.45298],[16.60263,43.46048],[16.59934,43.45856],[16.60112,43.46061],[16.59549,43.45993],[16.58802,43.4645],[16.5819,43.46312],[16.56958,43.47319],[16.56456,43.47366],[16.55366,43.4834],[16.53618,43.49156],[16.53197,43.50386],[16.52447,43.50138],[16.52344,43.50213],[16.52344,43.50103],[16.52307,43.50091],[16.52641,43.49942],[16.52385,43.49771],[16.49745,43.50229],[16.4734,43.50013],[16.46511,43.50208],[16.46259,43.49947],[16.4578,43.49859],[16.46274,43.50089],[16.436,43.50101],[16.44248,43.50365],[16.43689,43.50797],[16.42752,43.50252],[16.43261,43.50269],[16.42959,43.5006],[16.39991,43.50489],[16.39929,43.50781],[16.38793,43.50768],[16.4026,43.51583],[16.42588,43.51622],[16.42822,43.52076],[16.42085,43.52253],[16.42402,43.52643],[16.431,43.52429],[16.4328,43.52747],[16.42322,43.52709],[16.42713,43.52861],[16.44151,43.53005],[16.44001,43.52554],[16.44415,43.52366],[16.44664,43.53047],[16.44909,43.52765],[16.4731,43.52743],[16.4612,43.53243],[16.47733,43.53214],[16.46866,43.53732],[16.43938,43.53882],[16.43667,43.54424],[16.42811,43.54566],[16.40607,43.54393],[16.40623,43.54615],[16.40542,43.54482],[16.40373,43.54456],[16.39952,43.5447],[16.40384,43.54607],[16.39197,43.54853],[16.34782,43.55105],[16.30984,43.53914],[16.30243,43.52796],[16.2947,43.52438],[16.27278,43.52569],[16.27645,43.52445],[16.24264,43.515],[16.22247,43.51788],[16.20816,43.51007],[16.19877,43.5116],[16.18326,43.50696],[16.18023,43.50868],[16.18471,43.51036],[16.18577,43.51182],[16.17954,43.51327],[16.1609,43.51221],[16.1567,43.51571],[16.14453,43.51484],[16.13143,43.52023],[16.12753,43.51579],[16.11879,43.51752],[16.11583,43.51306],[16.11,43.51368],[16.12401,43.50967],[16.13023,43.51094],[16.13218,43.50742],[16.1412,43.50534],[16.1506,43.50578],[16.15676,43.50361],[16.15489,43.50187],[16.17385,43.50031],[16.17719,43.49243],[16.17074,43.48581],[16.1328,43.48095],[16.11047,43.48857],[16.11274,43.48408],[16.12889,43.47806],[16.11393,43.47093],[16.09232,43.47265],[16.08599,43.47856],[16.07854,43.47892],[16.08069,43.48341],[16.07529,43.48099],[16.06696,43.48559],[16.05943,43.47533],[16.04722,43.48078],[16.03753,43.47783],[16.04332,43.49017],[16.02663,43.49281],[16.02135,43.4911],[16.02092,43.48569],[16.01453,43.4849],[16.01911,43.49144],[16.01685,43.50199],[16.01222,43.50236],[16.01452,43.49761],[16.00466,43.49464],[16.00607,43.49067],[16.00037,43.48677],[15.9936,43.49149],[16.00151,43.49924],[15.98731,43.4998],[15.98672,43.50661],[15.98399,43.49873],[15.98013,43.49964],[15.97828,43.49543],[15.96978,43.49393],[15.97446,43.50021],[15.97325,43.50593],[15.96263,43.49869],[15.96053,43.50319],[15.95164,43.50536],[15.95226,43.50866],[15.96447,43.50905],[15.95219,43.51814],[15.97478,43.50937],[15.97339,43.5131],[15.99046,43.51798],[15.98264,43.52401],[15.98075,43.53504],[15.99465,43.53802],[15.9784,43.54135],[15.97139,43.53977],[15.9754,43.53412],[15.96814,43.53016],[15.97558,43.52533],[15.96902,43.52019],[15.96624,43.53281],[15.96038,43.53209],[15.9634,43.52633],[15.96163,43.52221],[15.96007,43.52699],[15.95364,43.52726],[15.9608,43.54029],[15.95239,43.54032],[15.93853,43.54751],[15.93461,43.54477],[15.92699,43.55099],[15.92414,43.55638],[15.92781,43.55957],[15.93752,43.56096],[15.94205,43.55826],[15.94605,43.55839],[15.93822,43.56395],[15.94346,43.57037],[15.93745,43.56999],[15.93394,43.56411],[15.91758,43.57089],[15.91665,43.57501],[15.93198,43.57975],[15.93327,43.58652],[15.91898,43.58409],[15.92346,43.58793],[15.91722,43.59191],[15.92275,43.58981],[15.92622,43.597],[15.92089,43.59982],[15.91927,43.60736],[15.92588,43.60833],[15.92408,43.61121],[15.92725,43.61233],[15.91709,43.62006],[15.92241,43.62366],[15.91224,43.62744],[15.92095,43.63337],[15.9303,43.63002],[15.94512,43.63176],[15.96019,43.63033],[15.96674,43.63116],[15.97134,43.63009],[15.97456,43.63056],[15.95752,43.63758],[15.95611,43.63526],[15.94692,43.63591],[15.937,43.64375],[15.91651,43.64117],[15.90566,43.64394],[15.90241,43.64845],[15.90795,43.646],[15.91938,43.65044],[15.92588,43.64775],[15.93122,43.64968],[15.9265,43.65471],[15.95064,43.64017],[15.94705,43.6456],[15.95065,43.65265],[15.94356,43.65655],[15.9482,43.65958],[15.93971,43.6597],[15.93925,43.66591],[15.92852,43.67238],[15.94755,43.67102],[15.94712,43.6767],[15.95766,43.68121],[15.9574,43.686],[15.94498,43.69318],[15.93863,43.69273],[15.94637,43.68009],[15.94401,43.67387],[15.93866,43.67206],[15.92941,43.67603],[15.92607,43.67187],[15.89369,43.69968],[15.88877,43.69372],[15.88012,43.69505],[15.87588,43.6989],[15.87868,43.70056],[15.87413,43.70004],[15.87067,43.70295],[15.87822,43.70759],[15.86426,43.72005],[15.86426,43.70834],[15.85562,43.71561],[15.86014,43.71943],[15.85897,43.72412],[15.8861,43.72764],[15.89051,43.71824],[15.89971,43.71333],[15.90568,43.71608],[15.89417,43.72358],[15.90625,43.72012],[15.88853,43.73519],[15.88869,43.74013],[15.85122,43.76257],[15.84749,43.76255],[15.84868,43.75943],[15.86906,43.74606],[15.87989,43.72935],[15.86131,43.72725],[15.85626,43.73207],[15.85572,43.72495],[15.84653,43.72746],[15.85022,43.72148],[15.80734,43.73972],[15.8051,43.74395],[15.79891,43.74404],[15.78237,43.75816],[15.77795,43.75604],[15.778,43.75883],[15.77205,43.75186],[15.76887,43.75419],[15.74758,43.75056],[15.74704,43.75483],[15.7414,43.75414],[15.73712,43.75947],[15.72682,43.75944],[15.72706,43.76248],[15.7312,43.76211],[15.72964,43.76474],[15.71894,43.76249],[15.69924,43.76884],[15.6941,43.76481],[15.69617,43.77065],[15.68775,43.77639],[15.68387,43.7751],[15.68667,43.77747],[15.6837,43.78416],[15.67346,43.78707],[15.67369,43.79076],[15.66,43.79968],[15.65575,43.79663],[15.64954,43.80129],[15.6489,43.80125],[15.64794,43.79954],[15.6462,43.79861],[15.63829,43.80062],[15.61538,43.81536],[15.61443,43.82275],[15.62748,43.81599],[15.6306,43.8101],[15.63771,43.81766],[15.64331,43.81435],[15.65216,43.81636],[15.66725,43.80719],[15.67469,43.8072],[15.68076,43.79705],[15.68279,43.80259],[15.67695,43.81342],[15.68345,43.81676],[15.66294,43.81637],[15.65535,43.82524],[15.63964,43.83422],[15.63292,43.83407],[15.62495,43.84377],[15.58915,43.84846],[15.58128,43.85749],[15.57412,43.85835],[15.5779,43.86371],[15.57577,43.86657],[15.57577,43.89789],[15.57956,43.91372],[15.56672,43.92955],[15.5127,43.94469],[15.5127,43.92955],[15.50201,43.92955],[15.5127,43.91931],[15.5426,43.89789],[15.55664,43.89243],[15.55664,43.87167],[15.5539,43.87112],[15.54398,43.87882],[15.53426,43.88097],[15.5354,43.88426],[15.52873,43.8866],[15.5357,43.8903],[15.52386,43.89945],[15.50963,43.90607],[15.49702,43.9076],[15.48847,43.91499],[15.47755,43.9143],[15.47821,43.91872],[15.46905,43.91481],[15.45573,43.92296],[15.43929,43.93851],[15.44548,43.94151],[15.43949,43.95164],[15.4045,43.96865],[15.38587,43.99148],[15.36814,43.99966],[15.36107,44.01417],[15.34328,44.0305],[15.3294,44.0366],[15.30764,44.03754],[15.30749,44.04137],[15.2992,44.04337],[15.30096,44.04603],[15.30873,44.04346],[15.30675,44.04766],[15.31123,44.04744],[15.30832,44.04866],[15.31054,44.05179],[15.29871,44.05186],[15.30574,44.05339],[15.29576,44.0576],[15.29841,44.05079],[15.28703,44.05779],[15.2813,44.06319],[15.27925,44.06818],[15.28388,44.06848],[15.27622,44.07815],[15.27542,44.08556],[15.26517,44.08655],[15.2691,44.08729],[15.26636,44.09028],[15.2548,44.08889],[15.25857,44.09148],[15.25461,44.09374],[15.25969,44.0946],[15.2567,44.09751],[15.24876,44.09957],[15.25342,44.09585],[15.24978,44.09764],[15.24994,44.09417],[15.22714,44.1101],[15.22845,44.11203],[15.22643,44.11027],[15.2194,44.1176],[15.22205,44.11895],[15.23449,44.11172],[15.2283,44.1179],[15.23058,44.12013],[15.22444,44.11894],[15.22528,44.12513],[15.20332,44.13099],[15.21305,44.13781],[15.21084,44.1457],[15.17411,44.17411],[15.15621,44.18045],[15.16135,44.18161],[15.16114,44.18631],[15.14248,44.19516],[15.15622,44.1989],[15.16024,44.20302],[15.15837,44.21587],[15.16309,44.21902],[15.16452,44.21592],[15.16577,44.21547],[15.16702,44.21557],[15.16362,44.22193],[15.16796,44.22751],[15.14663,44.23667],[15.1471,44.24007],[15.13292,44.24009],[15.13344,44.2483],[15.12466,44.24943],[15.12967,44.25482],[15.1112,44.25932],[15.11362,44.26454],[15.12487,44.26763],[15.12747,44.27801],[15.12812,44.27688],[15.13051,44.2784],[15.13106,44.2786],[15.13138,44.27847],[15.13176,44.27396],[15.14031,44.27999],[15.14525,44.27798],[15.17749,44.25005],[15.17907,44.24703],[15.17714,44.24926],[15.17557,44.24912],[15.17537,44.24985],[15.17433,44.24973],[15.17209,44.25116],[15.17138,44.25098],[15.17993,44.24578],[15.17647,44.24372],[15.18313,44.23981],[15.18588,44.23872],[15.18297,44.23999],[15.18385,44.2408],[15.18608,44.2414],[15.18729,44.24234],[15.18204,44.24124],[15.18102,44.24385],[15.18453,44.24624],[15.18799,44.24265],[15.1897,44.24715],[15.18004,44.24798],[15.20225,44.24694],[15.21357,44.25682],[15.20399,44.27219],[15.19658,44.27443],[15.1909,44.28155],[15.19676,44.28673],[15.21356,44.28014],[15.21607,44.284],[15.20641,44.2911],[15.20969,44.29224],[15.22846,44.28112],[15.23301,44.28174],[15.26051,44.25877],[15.28506,44.24616],[15.29896,44.24832],[15.30003,44.25649],[15.29183,44.26011],[15.28163,44.27944],[15.2842,44.28147],[15.30171,44.27869],[15.30718,44.28239],[15.30629,44.28778],[15.28278,44.30234],[15.27162,44.31423],[15.26093,44.31875],[15.25853,44.32393],[15.26459,44.32718],[15.26576,44.33217],[15.27179,44.32919],[15.27626,44.33259],[15.27546,44.32645],[15.27961,44.32365],[15.30008,44.31755],[15.33182,44.30073],[15.32922,44.29184],[15.36823,44.27674],[15.40161,44.25796],[15.41754,44.25422],[15.42761,44.26069],[15.44299,44.263],[15.46262,44.25597],[15.46427,44.25885],[15.47109,44.25457],[15.47891,44.25534],[15.47808,44.25229],[15.4906,44.25347],[15.49344,44.24966],[15.50358,44.25076],[15.50498,44.24793],[15.51244,44.249],[15.52129,44.24492],[15.52537,44.22652],[15.53626,44.21919],[15.51723,44.22068],[15.50814,44.21364],[15.47258,44.21033],[15.47066,44.20343],[15.47911,44.20175],[15.49663,44.18857],[15.52498,44.17597],[15.54215,44.18678],[15.54606,44.18512],[15.54518,44.18198],[15.5495,44.17981],[15.54529,44.18816],[15.5482,44.19093],[15.56867,44.18996],[15.57686,44.18274],[15.58973,44.17841],[15.59328,44.1802],[15.598,44.16938],[15.60509,44.16675],[15.60619,44.16226],[15.6022,44.16133],[15.60581,44.1561],[15.60125,44.15559],[15.59998,44.14489],[15.61171,44.13221],[15.61815,44.12898],[15.61919,44.13245],[15.62924,44.13427],[15.62742,44.14151],[15.63245,44.14414],[15.60903,44.16173],[15.60574,44.16994],[15.59941,44.17006],[15.59658,44.18017],[15.60602,44.18492],[15.59571,44.19173],[15.59003,44.20138],[15.54132,44.21924],[15.52817,44.227],[15.52215,44.24795],[15.53556,44.24626],[15.53373,44.25572],[15.54153,44.25853],[15.53678,44.26127],[15.53121,44.25967],[15.5258,44.26905],[15.50914,44.27345],[15.47811,44.26787],[15.47624,44.27745],[15.46324,44.28391],[15.45354,44.27929],[15.4278,44.30429],[15.4084,44.3172],[15.33961,44.33714],[15.32127,44.34931],[15.31474,44.34918],[15.31221,44.35304],[15.30833,44.35084],[15.30331,44.35847],[15.29534,44.36153],[15.29336,44.35978],[15.29035,44.36339],[15.28579,44.36108],[15.28245,44.36568],[15.27725,44.36553],[15.21421,44.42631],[15.1905,44.43569],[15.17992,44.44535],[15.18742,44.44314],[15.18561,44.44609],[15.1793,44.4502],[15.17482,44.44685],[15.17086,44.45539],[15.16034,44.45875],[15.16134,44.46245],[15.1559,44.46019],[15.14979,44.46194],[15.14685,44.46713],[15.14504,44.46465],[15.14194,44.46969],[15.13549,44.4715],[15.13299,44.47406],[15.13694,44.47637],[15.13013,44.47715],[15.12907,44.48202],[15.12441,44.48228],[15.10953,44.50519],[15.09979,44.51065],[15.10086,44.51378],[15.09799,44.51212],[15.09283,44.51792],[15.09069,44.51624],[15.08336,44.51933],[15.07906,44.52545],[15.07601,44.52596],[15.07473,44.52377],[15.07234,44.52411],[15.06536,44.53039],[15.06737,44.53359],[15.06156,44.53439],[15.04578,44.54968],[15.02854,44.55702],[15.02797,44.56037],[15.02548,44.55812],[15.0223,44.55968],[15.02176,44.56378],[15.01458,44.55942],[15.0046,44.57028],[14.98817,44.57403],[14.99137,44.57858],[14.9857,44.57668],[14.98614,44.58184],[14.98204,44.58275],[14.97897,44.59306],[14.97408,44.59573],[14.97592,44.59878],[14.97105,44.59836],[14.96532,44.60544],[14.96816,44.61344],[14.96395,44.61313],[14.96325,44.62462],[14.95843,44.62861],[14.96193,44.63079],[14.95424,44.63164],[14.95265,44.63698],[14.9442,44.63891],[14.94512,44.64259],[14.93863,44.64325],[14.93944,44.64591],[14.93063,44.65068],[14.93164,44.65403],[14.9287,44.65325],[14.92572,44.65823],[14.92657,44.66352],[14.93021,44.66302],[14.93093,44.66357],[14.92573,44.66724],[14.92805,44.66961],[14.921,44.67093],[14.91434,44.6818],[14.90866,44.68373],[14.91216,44.6895],[14.90361,44.68813],[14.90451,44.69109],[14.89619,44.6964],[14.90355,44.70009],[14.89456,44.69992],[14.89781,44.70593],[14.89192,44.70851],[14.89393,44.71173],[14.88919,44.71655],[14.88973,44.72127],[14.8987,44.72001],[14.8983,44.72709],[14.89447,44.7257],[14.8919,44.72803],[14.89416,44.73543],[14.8978,44.73423],[14.89898,44.7427],[14.89004,44.75107],[14.8834,44.78041],[14.8874,44.78434],[14.88129,44.78385],[14.87925,44.79134],[14.87981,44.80224],[14.88402,44.80193],[14.87992,44.8055],[14.8801,44.81337],[14.88534,44.81745],[14.88024,44.81814],[14.88487,44.82577],[14.88123,44.83571],[14.88539,44.83593],[14.88656,44.83635],[14.88155,44.83953],[14.88207,44.84446],[14.88522,44.84359],[14.88735,44.84758],[14.8841,44.84861],[14.88488,44.85913],[14.88887,44.85415],[14.89434,44.86011],[14.89246,44.87957],[14.89824,44.88252],[14.89572,44.88613],[14.9024,44.89673],[14.90678,44.89648],[14.90331,44.89859],[14.90661,44.90723],[14.91142,44.90347],[14.91666,44.92231],[14.91414,44.92577],[14.91987,44.92895],[14.92328,44.94703],[14.92795,44.95139],[14.92109,44.96178],[14.91925,44.97373],[14.89629,44.98957],[14.90095,44.99096],[14.89913,44.99882],[14.88915,45.01162],[14.8814,45.0367],[14.87533,45.03992],[14.87703,45.04517],[14.8551,45.07286],[14.85709,45.07772],[14.85257,45.08495],[14.83919,45.09646],[14.84452,45.10383],[14.84004,45.10827],[14.84735,45.11521],[14.83427,45.10795],[14.83109,45.11096],[14.83398,45.11666],[14.82785,45.11299],[14.81962,45.1162],[14.81436,45.11424],[14.80813,45.12148],[14.7904,45.12328],[14.78556,45.12519],[14.78825,45.12669],[14.78583,45.12567],[14.78581,45.12821],[14.78559,45.12876],[14.78417,45.1298],[14.7852,45.12721],[14.76734,45.12993],[14.74019,45.13823],[14.73668,45.14363],[14.71607,45.15381],[14.71929,45.15736],[14.71395,45.16189],[14.69467,45.1697],[14.69713,45.17069],[14.68778,45.17171],[14.69032,45.17288],[14.67701,45.18539],[14.65511,45.20082],[14.64826,45.20081],[14.64812,45.20486],[14.63355,45.21246],[14.62442,45.21355],[14.61764,45.21952],[14.61236,45.21785],[14.60951,45.22279],[14.61654,45.22602],[14.6117,45.22772],[14.61137,45.23309],[14.583,45.24928],[14.5725,45.2488],[14.5768,45.25332],[14.57525,45.25733],[14.56247,45.26533],[14.56005,45.27318],[14.56861,45.27143],[14.5621,45.27681],[14.56629,45.27803],[14.56495,45.2821],[14.58123,45.279],[14.58121,45.28169],[14.55842,45.29805],[14.53548,45.30666],[14.56031,45.28419],[14.55734,45.27954],[14.5511,45.27955],[14.5528,45.27776],[14.54208,45.27783],[14.49734,45.29492],[14.48809,45.30301],[14.48834,45.30803],[14.47676,45.311],[14.4815,45.31618],[14.47825,45.31498],[14.47689,45.31309],[14.47447,45.31167],[14.47412,45.31174],[14.46083,45.32031],[14.43765,45.32169],[14.44276,45.32144],[14.44174,45.32204],[14.44328,45.32193],[14.44618,45.32471],[14.44767,45.32687],[14.44316,45.32287],[14.43785,45.32707],[14.41156,45.33411],[14.38015,45.33778],[14.33373,45.35171],[14.33198,45.35587],[14.32138,45.35125],[14.32196,45.34769],[14.31012,45.33853],[14.31098,45.33444],[14.30382,45.33258],[14.29789,45.32045],[14.29186,45.31869],[14.28525,45.30683],[14.28097,45.30591],[14.28338,45.30401],[14.27714,45.29716],[14.27826,45.28965],[14.27354,45.28681],[14.27107,45.26672],[14.2652,45.26464],[14.26501,45.25268],[14.25482,45.23746],[14.25004,45.21605],[14.24459,45.21123],[14.24499,45.18403],[14.23479,45.17463],[14.23764,45.16899],[14.22598,45.15329],[14.22854,45.14944],[14.22275,45.14418],[14.22374,45.13682],[14.2166,45.13486],[14.20753,45.116],[14.19376,45.12235],[14.18232,45.13264],[14.16922,45.13467],[14.18624,45.12737],[14.18778,45.12168],[14.19714,45.1154],[14.19848,45.10872],[14.18954,45.09319],[14.16591,45.07278],[14.1608,45.07386],[14.15893,45.07905],[14.15173,45.07874],[14.1535,45.06942],[14.14754,45.06724],[14.15517,45.06547],[14.15615,45.05969],[14.15982,45.05931],[14.15476,45.05261],[14.15926,45.05152],[14.163,45.04116],[14.142,45.05392],[14.16088,45.03292],[14.15461,45.03356],[14.15493,45.02789],[14.16097,45.02318],[14.15892,45.02055],[14.1643,45.01982],[14.16207,45.01452],[14.1658,45.01469],[14.16837,45.01025],[14.16581,45.00515],[14.17181,44.98639],[14.1693,44.97914],[14.16563,44.9792],[14.16406,44.97345],[14.14744,44.95707],[14.13964,44.96066],[14.13714,44.96775],[14.12224,44.96175],[14.11818,44.96585],[14.12104,44.96802],[14.10919,44.97174],[14.08109,44.95707],[14.07538,44.94678],[14.06506,44.94499],[14.06982,44.95038],[14.06813,44.95971],[14.07378,44.96464],[14.07257,44.96921],[14.07845,44.9713],[14.08635,44.96857],[14.09362,44.97206],[14.09667,44.96892],[14.10073,44.97317],[14.08975,44.97587],[14.08776,44.98516],[14.08154,44.98502],[14.07604,44.99765],[14.07789,45.00554],[14.06736,45.00005],[14.05484,45.00314],[14.05933,45.01863],[14.05326,45.02185],[14.05376,45.02703],[14.04679,45.03542],[14.0459,45.03233],[14.0391,45.03151],[14.04679,45.01492],[14.03741,45.00084],[14.04638,45.00008],[14.0487,44.99547],[14.06977,44.99298],[14.07663,44.97794],[14.07209,44.97558],[14.06358,44.97771],[14.06689,44.97417],[14.06451,44.96713],[14.05228,44.96289],[14.05677,44.95927],[14.05044,44.95508],[14.05297,44.94751],[14.03143,44.95431],[14.03112,44.95154],[14.04074,44.94679],[14.03853,44.94442],[14.04489,44.94455],[14.05021,44.93812],[14.04142,44.93388],[14.04558,44.93148],[14.03875,44.92571],[14.04175,44.92371],[14.0382,44.91758],[14.02732,44.92646],[14.02884,44.91945],[14.01899,44.91621],[14.0297,44.91276],[14.0256,44.91021],[14.02668,44.90448],[14.01957,44.90224],[14.01574,44.89653],[14.01226,44.90147],[14.00663,44.89279],[13.99797,44.89398],[13.99683,44.89185],[13.98378,44.90258],[13.98072,44.90303],[13.98345,44.89743],[13.98015,44.89175],[13.98446,44.89384],[13.99111,44.88977],[13.98933,44.8873],[14.00361,44.88644],[13.99962,44.88008],[13.99038,44.87848],[13.99084,44.87365],[13.99713,44.87051],[13.99466,44.86724],[14.00142,44.86432],[13.99262,44.86133],[13.98951,44.85486],[13.98059,44.85355],[13.97816,44.84044],[13.98887,44.82874],[13.97167,44.82066],[13.97605,44.81714],[13.9841,44.81745],[13.98462,44.82185],[13.99123,44.82072],[13.98982,44.81599],[14.00028,44.81114],[13.99428,44.80789],[14.00345,44.80528],[14.00046,44.80217],[13.99064,44.80593],[13.98742,44.80309],[13.9587,44.8054],[13.95029,44.80315],[13.93438,44.81388],[13.92979,44.81207],[13.93253,44.80937],[13.92973,44.80317],[13.92802,44.81412],[13.93388,44.81711],[13.92974,44.82],[13.92763,44.81651],[13.92243,44.8164],[13.92343,44.82112],[13.92838,44.8208],[13.92392,44.82579],[13.90883,44.83002],[13.90868,44.8223],[13.89859,44.8245],[13.90296,44.82075],[13.90032,44.81758],[13.88489,44.82426],[13.88347,44.8204],[13.88776,44.81713],[13.91306,44.81444],[13.92442,44.80333],[13.91985,44.80081],[13.92134,44.79584],[13.91381,44.79287],[13.92053,44.78131],[13.91244,44.77543],[13.92164,44.77709],[13.92267,44.77364],[13.91696,44.77203],[13.92653,44.76874],[13.91925,44.76608],[13.90561,44.76933],[13.90376,44.78322],[13.9072,44.78588],[13.90215,44.78572],[13.90092,44.79081],[13.90499,44.79738],[13.90191,44.79878],[13.90257,44.80836],[13.88586,44.81046],[13.88012,44.80562],[13.87298,44.8049],[13.87832,44.80806],[13.87823,44.81041],[13.86801,44.80831],[13.862,44.81291],[13.87486,44.82093],[13.86739,44.82203],[13.86211,44.81606],[13.85616,44.81561],[13.85341,44.81802],[13.85644,44.82115],[13.84672,44.8246],[13.84676,44.82818],[13.85181,44.82618],[13.86248,44.82934],[13.86,44.8334],[13.84368,44.83154],[13.84729,44.83695],[13.84252,44.83873],[13.84264,44.84301],[13.84867,44.84672],[13.84274,44.84578],[13.83661,44.83874],[13.8413,44.83565],[13.83365,44.83274],[13.82701,44.83622],[13.83507,44.84304],[13.83064,44.84792],[13.8364,44.84942],[13.8365,44.85031],[13.83071,44.85031],[13.83006,44.85384],[13.8249,44.85397],[13.8267,44.85784],[13.82244,44.8566],[13.8185,44.8608],[13.81492,44.86026],[13.81749,44.85524],[13.81394,44.85442],[13.80921,44.857],[13.81402,44.85974],[13.81211,44.8617],[13.80684,44.8591],[13.79659,44.86363],[13.79285,44.87367],[13.79993,44.87684],[13.81638,44.86405],[13.8257,44.86396],[13.82779,44.86654],[13.82865,44.86329],[13.83679,44.86455],[13.84204,44.86785],[13.84095,44.87114],[13.83375,44.87237],[13.83874,44.8756],[13.84136,44.87129],[13.8478,44.8734],[13.84841,44.88527],[13.83473,44.88444],[13.83118,44.87787],[13.82209,44.87904],[13.81764,44.87568],[13.81145,44.87894],[13.81134,44.88295],[13.8048,44.88387],[13.80606,44.89314],[13.79418,44.89054],[13.80908,44.89891],[13.81313,44.90784],[13.80941,44.91179],[13.8146,44.9144],[13.80927,44.91196],[13.80334,44.91498],[13.80169,44.93062],[13.78165,44.95144],[13.7853,44.95624],[13.7673,44.97076],[13.76079,44.98307],[13.76355,44.98578],[13.73506,44.98581],[13.73646,44.99157],[13.72424,44.99753],[13.72065,45.00763],[13.71157,45.00818],[13.71436,45.02159],[13.69028,45.02366],[13.69142,45.03876],[13.68124,45.04415],[13.68897,45.05059],[13.67726,45.05283],[13.66989,45.05626],[13.67034,45.058],[13.67078,45.058],[13.6704,45.05827],[13.67099,45.06056],[13.65157,45.06658],[13.62887,45.06331],[13.62654,45.07024],[13.6366,45.06966],[13.63308,45.07619],[13.63526,45.07427],[13.63877,45.07907],[13.62906,45.08409],[13.64035,45.08643],[13.64129,45.0943],[13.63584,45.0981],[13.63013,45.09421],[13.63186,45.09957],[13.62232,45.10005],[13.60711,45.11572],[13.60908,45.1182],[13.61621,45.11683],[13.61551,45.12074],[13.62335,45.11591],[13.62748,45.12221],[13.62049,45.12339],[13.62124,45.1277],[13.6331,45.13154],[13.63731,45.12934],[13.68582,45.12895],[13.70657,45.1347],[13.72579,45.13362],[13.74,45.12895],[13.72667,45.13532],[13.70823,45.13818],[13.69065,45.13585],[13.68637,45.13266],[13.62641,45.13709],[13.61241,45.1303],[13.60327,45.13193],[13.60196,45.13943],[13.59669,45.14062],[13.60089,45.14274],[13.59776,45.147],[13.60353,45.14879],[13.59698,45.1502],[13.59734,45.15352],[13.6041,45.1532],[13.61096,45.15881],[13.59985,45.16345],[13.60367,45.16486],[13.59625,45.16758],[13.59805,45.17265],[13.58869,45.17497],[13.60342,45.17797],[13.60361,45.18069],[13.59465,45.18693],[13.58926,45.1859],[13.59116,45.18916],[13.58537,45.19069],[13.58622,45.1942],[13.57982,45.1979],[13.5906,45.19875],[13.58725,45.20579],[13.5907,45.20256],[13.59892,45.20366],[13.59563,45.20805],[13.58709,45.20914],[13.59203,45.2094],[13.58844,45.21349],[13.59474,45.21405],[13.59202,45.21829],[13.59605,45.22355],[13.58871,45.22774],[13.59818,45.22837],[13.59471,45.23803],[13.60082,45.24367],[13.58942,45.24897],[13.59519,45.25147],[13.59401,45.25502],[13.58376,45.25347],[13.57599,45.25581],[13.58229,45.26493],[13.57296,45.26437],[13.58207,45.27194],[13.58212,45.27783],[13.58419,45.27576],[13.59677,45.27706],[13.59863,45.27431],[13.60622,45.27674],[13.59609,45.27939],[13.60169,45.2857],[13.59697,45.28282],[13.59221,45.28323],[13.59224,45.28575],[13.58756,45.28389],[13.56848,45.29828],[13.57531,45.30046],[13.59019,45.29752],[13.58702,45.30197],[13.59118,45.3058],[13.59358,45.3058],[13.59273,45.3064],[13.61449,45.31399],[13.58135,45.3144],[13.5791,45.31598],[13.5791,45.31443],[13.55936,45.31468],[13.55738,45.31525],[13.55601,45.31648],[13.55545,45.31764],[13.56242,45.31655],[13.56407,45.32207],[13.55784,45.32421],[13.55308,45.32132],[13.55157,45.32592],[13.53923,45.32957],[13.5442,45.33309],[13.54041,45.33812],[13.54464,45.34061],[13.53806,45.35213],[13.5499,45.35367],[13.55618,45.35793],[13.54257,45.36102],[13.54046,45.36711],[13.54524,45.37263],[13.53528,45.37537],[13.54535,45.37807],[13.53224,45.38659],[13.54046,45.39121],[13.53088,45.39583],[13.53683,45.40206],[13.5307,45.40262],[13.51527,45.41573],[13.51556,45.42332],[13.5204,45.42254],[13.5239,45.42563],[13.53516,45.41781],[13.53516,45.4293],[13.5187,45.4293],[13.51997,45.43247],[13.51651,45.43303],[13.51467,45.43419],[13.51279,45.43627],[13.52007,45.43359],[13.5242,45.43721],[13.51605,45.44079],[13.51797,45.43973],[13.51775,45.43845],[13.51458,45.44046],[13.51436,45.4377],[13.5086,45.44156],[13.51906,45.44942],[13.51211,45.45117],[13.51701,45.45133],[13.51449,45.45834],[13.50854,45.45853],[13.51407,45.46341],[13.50814,45.46542],[13.50925,45.46816],[13.50632,45.46731],[13.51079,45.4731],[13.4899,45.4867],[13.49102,45.4905],[13.49916,45.49254],[13.49717,45.49768],[13.50566,45.49969],[13.50127,45.50096],[13.50372,45.50354],[13.51094,45.50528],[13.55419,45.49126],[13.59441,45.47171],[13.58573,45.47853],[13.5928,45.48512],[13.5844,45.49811],[13.59728,45.4969],[13.58673,45.50148],[13.59437,45.50281],[13.59454,45.50538],[13.59661,45.50208],[13.59482,45.50697],[13.60125,45.50613],[13.59501,45.50729],[13.59278,45.51328],[13.57768,45.51595],[13.5725,45.51393],[13.56629,45.52113],[13.56809,45.5281],[13.56624,45.52619],[13.56295,45.5304],[13.58105,45.52516],[13.59961,45.52544],[13.60364,45.5279],[13.60186,45.537],[13.61398,45.54006],[13.62971,45.53356],[13.64426,45.53186],[13.6497,45.53606],[13.65391,45.53649],[13.65103,45.53376],[13.65693,45.53487],[13.65699,45.53892],[13.65418,45.53733],[13.65209,45.53712],[13.656,45.54172],[13.6645,45.54225],[13.66882,45.5388],[13.67797,45.54505],[13.69082,45.54821],[13.7105,45.5468],[13.71985,45.54296],[13.72591,45.55087],[13.73863,45.55229],[13.73017,45.55318],[13.73306,45.55716],[13.74589,45.55844],[13.73329,45.55946],[13.73426,45.56272],[13.74678,45.56544],[13.74644,45.56797],[13.74088,45.56793],[13.74167,45.57367],[13.73439,45.57453],[13.7292,45.58012],[13.70338,45.58994],[13.70845,45.59368],[13.71811,45.59066],[13.72325,45.5925],[13.71914,45.60573],[13.72787,45.60611],[13.7347,45.61062],[13.74696,45.60855],[13.75169,45.61079],[13.74987,45.60927],[13.75359,45.60605],[13.75632,45.60881],[13.75206,45.60959],[13.75184,45.61012],[13.76661,45.60674],[13.76551,45.60622],[13.76802,45.60469],[13.76725,45.60713],[13.78546,45.59784],[13.79734,45.6037],[13.79279,45.6049],[13.79679,45.60391],[13.81377,45.61462],[13.80026,45.60996],[13.78601,45.61164],[13.78575,45.61376],[13.78259,45.61191],[13.77753,45.61117],[13.78083,45.61231],[13.77371,45.6125],[13.77724,45.61375],[13.78223,45.61187],[13.78455,45.61408],[13.77163,45.62523],[13.77816,45.63118],[13.77407,45.6331],[13.77571,45.63557],[13.77205,45.63311],[13.77372,45.63539],[13.76967,45.63638],[13.76888,45.63406],[13.76665,45.63693],[13.76599,45.63048],[13.75691,45.62788],[13.75493,45.63123],[13.76241,45.63494],[13.74952,45.63557],[13.75383,45.63806],[13.74424,45.63912],[13.75557,45.64947],[13.75236,45.6501],[13.75947,45.6498],[13.75653,45.64909],[13.75581,45.64801],[13.75903,45.6457],[13.75954,45.6489],[13.76413,45.64915],[13.76204,45.65077],[13.76946,45.653],[13.75214,45.6763],[13.75328,45.68053],[13.73333,45.69628],[13.71198,45.70236],[13.71221,45.71018],[13.67702,45.73697],[13.64254,45.75678],[13.63429,45.7649],[13.63728,45.76384],[13.63698,45.7662],[13.62766,45.76841],[13.63182,45.77016],[13.60164,45.77142],[13.58266,45.78028],[13.58634,45.78285],[13.5791,45.78285],[13.5791,45.7778],[13.58058,45.77883],[13.57972,45.77484],[13.55952,45.77681],[13.55853,45.78009],[13.56351,45.78341],[13.55708,45.78241],[13.54242,45.79956],[13.53893,45.80222],[13.5333,45.80464],[13.54812,45.79024],[13.54152,45.79276],[13.5361,45.78697],[13.53236,45.79058],[13.53096,45.78549],[13.53842,45.78197],[13.54622,45.7871],[13.5522,45.77788],[13.54607,45.78514],[13.52584,45.77125],[13.52077,45.76196],[13.52109,45.7513],[13.52512,45.74818],[13.51642,45.74439],[13.52551,45.73729],[13.52495,45.73686],[13.53516,45.73163],[13.53516,45.73629],[13.55045,45.73005],[13.55698,45.73518],[13.55657,45.73034],[13.54714,45.72376],[13.54214,45.7238],[13.53516,45.72868],[13.53516,45.72387],[13.53168,45.7239],[13.48638,45.70415],[13.47076,45.70389],[13.47415,45.70618],[13.44959,45.7208],[13.45063,45.72152],[13.44727,45.72387],[13.44391,45.72152],[13.44475,45.72152],[13.42529,45.71641],[13.40332,45.72309],[13.35938,45.72796],[13.34214,45.73686],[13.31543,45.74985],[13.27148,45.75045],[13.22754,45.75574],[13.20919,45.76752],[13.18359,45.77846],[13.17213,45.76752],[13.13965,45.74299],[13.13965,45.76849],[13.11759,45.76752],[13.10949,45.73686],[13.0957,45.73091],[13.06115,45.70618],[13.05795,45.67767],[13.07373,45.68058],[13.07373,45.67548],[13.05176,45.67548],[13.05176,45.67476],[13.07373,45.67437],[13.07563,45.67548],[13.07473,45.68076],[13.0957,45.68463],[13.13965,45.69077],[13.15032,45.69104],[13.15013,45.69052],[13.11088,45.66414],[13.10217,45.64538],[13.0957,45.65001],[13.07606,45.64477],[13.0957,45.64477],[13.0957,45.63539],[12.9873,45.62433],[12.99403,45.62941],[12.98584,45.63606],[12.97554,45.62941],[12.98448,45.62404],[12.97949,45.62354],[12.97817,45.62708],[12.96924,45.62275],[12.92099,45.61299],[12.9147,45.61225],[12.91223,45.61404],[12.92035,45.61404],[12.91992,45.62006],[12.89795,45.62006],[12.89795,45.61404],[12.90888,45.61404],[12.89207,45.60282],[12.89333,45.60001],[12.86871,45.58922],[12.86895,45.58573],[12.86506,45.58743],[12.85353,45.58366],[12.80337,45.56405],[12.75688,45.53923],[12.71961,45.52498],[12.6947,45.51996],[12.63692,45.50074],[12.5845,45.47792],[12.56445,45.47453],[12.46766,45.44497],[12.44616,45.43457],[12.43652,45.42681],[12.43652,45.4293],[12.42825,45.4293],[12.42042,45.44074],[12.42412,45.44472],[12.41769,45.44472],[12.40714,45.46013],[12.41214,45.46013],[12.41455,45.45363],[12.42554,45.45161],[12.43652,45.45448],[12.44381,45.46013],[12.44738,45.46784],[12.44768,45.47554],[12.4585,45.47554],[12.4585,45.48134],[12.48047,45.48104],[12.50217,45.48032],[12.4965,45.47554],[12.50244,45.47007],[12.51158,45.47554],[12.51382,45.47994],[12.52441,45.47959],[12.5443,45.48563],[12.54639,45.4846],[12.54988,45.48732],[12.56181,45.49095],[12.55453,45.49095],[12.54639,45.49391],[12.54639,45.49095],[12.52441,45.49095],[12.52441,45.49131],[12.56836,45.51148],[12.59033,45.51079],[12.59033,45.50586],[12.59533,45.50635],[12.59328,45.51069],[12.61231,45.51009],[12.61231,45.50635],[12.62161,45.50635],[12.61461,45.51126],[12.63531,45.52174],[12.64533,45.54376],[12.61231,45.53895],[12.56836,45.53702],[12.54527,45.55253],[12.57499,45.55253],[12.56887,45.5562],[12.56836,45.5664],[12.52441,45.56755],[12.485,45.56593],[12.48607,45.56791],[12.48047,45.56881],[12.48047,45.56574],[12.47806,45.55253],[12.48719,45.55253],[12.48047,45.54311],[12.43652,45.53901],[12.43652,45.5445],[12.43222,45.53714],[12.43652,45.53412],[12.43652,45.51655],[12.39258,45.50737],[12.37061,45.50991],[12.34863,45.50079],[12.33752,45.49095],[12.33518,45.48946],[12.33407,45.49095],[12.32666,45.49391],[12.32287,45.49095],[12.32666,45.48599],[12.32867,45.4853],[12.30469,45.46998],[12.26074,45.46938],[12.24411,45.46013],[12.26062,45.43109],[12.25799,45.4293],[12.26074,45.4293],[12.26074,45.42216],[12.24889,45.42668],[12.25389,45.41388],[12.26074,45.41152],[12.26074,45.4022],[12.2168,45.40958],[12.20336,45.39845],[12.19482,45.38302],[12.17285,45.38102],[12.12896,45.38702],[12.14088,45.36758],[12.13744,45.3367],[12.13184,45.32125],[12.1364,45.3058],[12.12891,45.28616],[12.12891,45.26312],[12.17285,45.25663],[12.2168,45.25536],[12.2168,45.24395],[12.218,45.24395],[12.2168,45.23619],[12.19474,45.213],[12.22576,45.213],[12.22576,45.18328],[12.22335,45.18204],[12.26074,45.18204],[12.26074,45.18568],[12.27832,45.213],[12.29997,45.23752],[12.30019,45.23672],[12.30469,45.23576],[12.30469,45.22917],[12.30398,45.22923],[12.30058,45.22329],[12.30572,45.19752],[12.30469,45.19752],[12.30469,45.18204],[12.28659,45.18204],[12.30469,45.17821],[12.31012,45.18204],[12.30949,45.19009],[12.31223,45.18587],[12.31751,45.18734],[12.31656,45.18389],[12.33143,45.16655],[12.32666,45.16655],[12.32666,45.15105],[12.33029,45.15105],[12.32888,45.14353],[12.30469,45.13817],[12.28683,45.13232],[12.27823,45.12005],[12.26488,45.10455],[12.28099,45.08904],[12.28564,45.07352],[12.28272,45.07352],[12.28272,45.07078],[12.28581,45.07297],[12.2903,45.058],[12.28272,45.058],[12.28272,45.051],[12.29156,45.05725],[12.30469,45.04936],[12.31533,45.04629],[12.3171,45.04248],[12.32666,45.03803],[12.32787,45.04248],[12.32856,45.04248],[12.34863,45.03669],[12.34863,45.02659],[12.30469,45.01708],[12.30321,45.01142],[12.30029,45.01142],[12.30277,45.0097],[12.29917,44.99588],[12.30469,44.99588],[12.30469,44.98339],[12.30077,44.98034],[12.30469,44.9776],[12.30469,44.97541],[12.34863,44.98808],[12.36044,44.99588],[12.39258,45.01544],[12.40553,45.01215],[12.40464,45.01142],[12.40843,45.01142],[12.41455,45.00987],[12.41455,45.00789],[12.41807,45.00897],[12.43652,45.00429],[12.43652,44.98168],[12.43454,44.98034],[12.43652,44.98034],[12.43652,44.97845],[12.42791,44.9648],[12.43112,44.96164],[12.42782,44.94925],[12.43652,44.94199],[12.44686,44.94925],[12.4585,44.94925],[12.4585,44.95468],[12.43652,44.95468],[12.43652,44.95632],[12.45126,44.9648],[12.48047,44.98796],[12.48047,44.99567],[12.4861,44.99319],[12.492,44.99243],[12.49805,44.97483],[12.49805,44.9648],[12.46237,44.9648],[12.48047,44.95754],[12.50239,44.96168],[12.50244,44.94925],[12.48926,44.94925],[12.50244,44.93992],[12.50244,44.9337],[12.47797,44.9337],[12.48047,44.92839],[12.48047,44.88817],[12.45686,44.87144],[12.43652,44.87144],[12.43652,44.88701],[12.43988,44.88701],[12.43652,44.88939],[12.43652,44.90258],[12.42584,44.90258],[12.38232,44.87144],[12.39258,44.86375],[12.40981,44.84029],[12.39258,44.84029],[12.39258,44.83308],[12.3862,44.82471],[12.39258,44.82019],[12.41455,44.82006],[12.41455,44.80912],[12.35553,44.80912],[12.34866,44.82288],[12.37061,44.82288],[12.37061,44.82471],[12.35062,44.82471],[12.34863,44.82734],[12.33484,44.82565],[12.33295,44.82879],[12.31696,44.83797],[12.31713,44.84286],[12.29018,44.83995],[12.29318,44.84855],[12.28599,44.84136],[12.28904,44.84064],[12.28447,44.84054],[12.28408,44.83647],[12.26634,44.82208],[12.26074,44.8288],[12.26074,44.81754],[12.25774,44.8151],[12.26053,44.81321],[12.26074,44.8133],[12.26074,44.80912],[12.23265,44.80912],[12.2168,44.81181],[12.2168,44.81352],[12.2111,44.81041],[12.20585,44.80912],[12.19267,44.79353],[12.19396,44.77794],[12.2168,44.7575],[12.24678,44.74763],[12.24038,44.69182],[12.24584,44.67643],[12.25407,44.67672],[12.24987,44.66125],[12.26896,44.63142],[12.26074,44.63426],[12.2168,44.63751],[12.20094,44.65302],[12.20164,44.66318],[12.20741,44.66865],[12.2043,44.68428],[12.19482,44.68428],[12.19482,44.69604],[12.17819,44.68428],[12.17578,44.67647],[12.17866,44.66902],[12.17285,44.66541],[12.16282,44.65319],[12.15088,44.65419],[12.15088,44.65302],[12.13425,44.65302],[12.13744,44.65092],[12.12891,44.6502],[12.12891,44.65302],[12.10693,44.65302],[12.10693,44.65492],[12.10323,44.65302],[12.10828,44.6474],[12.10176,44.62304],[12.09995,44.62175],[12.10142,44.62175],[12.09478,44.60611],[12.10831,44.59047],[12.11607,44.55916],[12.12891,44.55585],[12.12891,44.58016],[12.14812,44.55916],[12.17285,44.54338],[12.19405,44.55916],[12.2168,44.57058],[12.24653,44.59047],[12.24006,44.62175],[12.27454,44.62175],[12.27899,44.59678],[12.28303,44.59508],[12.28548,44.5541],[12.27785,44.55329],[12.27695,44.55506],[12.2733,44.55629],[12.27276,44.5563],[12.27214,44.55567],[12.27796,44.553],[12.28587,44.55386],[12.281,44.54651],[12.28162,44.52784],[12.26074,44.52784],[12.26074,44.54602],[12.23713,44.52784],[12.25161,44.49651],[12.26074,44.49651],[12.26074,44.50732],[12.28195,44.52244],[12.28301,44.50382],[12.28572,44.49757],[12.31401,44.49775],[12.28446,44.49724],[12.28686,44.49651],[12.26824,44.49651],[12.28272,44.48962],[12.28501,44.49201],[12.28636,44.48682],[12.2915,44.48829],[12.29139,44.49139],[12.29174,44.48828],[12.31436,44.49496],[12.28595,44.48641],[12.28929,44.46319],[12.31484,44.40705],[12.32464,44.36193],[12.34314,44.32145],[12.34062,44.31991],[12.34433,44.31931],[12.35013,44.29043],[12.36007,44.26924],[12.35598,44.26742],[12.36061,44.26902],[12.36803,44.24941],[12.39201,44.2133],[12.39258,44.21286],[12.39258,44.20988],[12.39456,44.2113],[12.40063,44.20654],[12.4055,44.20883],[12.42523,44.1828],[12.44337,44.1681],[12.44591,44.16921],[12.52488,44.09842],[12.56133,44.07624],[12.56768,44.07627],[12.56293,44.0718],[12.56836,44.06905],[12.57413,44.0718],[12.56907,44.07628],[12.57679,44.08184],[12.57525,44.07904],[12.62298,44.03324],[12.6581,44.00862],[12.65427,44.00862],[12.65625,44.00726],[12.65816,44.00857],[12.69089,43.98563],[12.7176,43.97313],[12.73838,43.96822],[12.75136,43.97131],[12.76636,43.96614],[12.80103,43.96415],[12.89164,43.9236],[12.89888,43.9226],[12.90008,43.92478],[12.90325,43.91628],[12.90116,43.92534],[12.90633,43.92512],[12.90424,43.91635],[12.90685,43.92529],[12.9057,43.92778],[12.90703,43.92619],[12.90739,43.92281],[12.98569,43.86568],[13.00945,43.85256],[13.01479,43.85203],[13.0166,43.85632],[13.02243,43.85326],[13.02222,43.84959],[13.0325,43.84216],[13.04774,43.83426],[13.05176,43.83142],[13.05238,43.83186],[13.05899,43.82842],[13.13484,43.77273],[13.20931,43.72623],[13.22088,43.72344],[13.21965,43.71847],[13.22143,43.72409],[13.21998,43.71752],[13.22081,43.72055],[13.22258,43.72278],[13.22144,43.72014],[13.23122,43.71204],[13.28312,43.68099],[13.35556,43.64804],[13.37933,43.64302],[13.41435,43.62349],[13.45274,43.61092],[13.48093,43.60679],[13.48158,43.61056],[13.48389,43.60772],[13.48796,43.60956],[13.48015,43.61155],[13.48887,43.61455],[13.4876,43.6106],[13.49216,43.61374],[13.49578,43.61162],[13.48911,43.6156],[13.49769,43.62269],[13.50312,43.61769],[13.50152,43.61466],[13.50362,43.61312],[13.50865,43.62297],[13.4939,43.62554],[13.50477,43.6254],[13.49903,43.62926],[13.50691,43.63056],[13.51467,43.62438],[13.53209,43.61941],[13.53861,43.61053],[13.5534,43.6025],[13.56542,43.58925],[13.56569,43.58323],[13.57593,43.58064],[13.56733,43.58205],[13.57597,43.56866],[13.58663,43.5645],[13.59634,43.56495],[13.61224,43.55777],[13.61596,43.55283],[13.62561,43.55045],[13.62765,43.5399],[13.62083,43.53191],[13.62677,43.51048],[13.62279,43.50701],[13.62465,43.49973],[13.66809,43.43104],[13.71331,43.33101],[13.72593,43.31506],[13.73323,43.31434],[13.7292,43.31328],[13.7333,43.3103],[13.73606,43.31125],[13.73355,43.31293],[13.73554,43.31567],[13.73667,43.31108],[13.73555,43.3083],[13.75114,43.27797],[13.77812,43.23594],[13.80352,43.17278],[13.81225,43.1676],[13.80777,43.16633],[13.81203,43.16536],[13.81015,43.16342],[13.81325,43.16532],[13.81222,43.1703],[13.8136,43.16891],[13.81438,43.15296],[13.84418,43.10113],[13.85101,43.05899],[13.87239,42.98807],[13.88182,42.96277],[13.88474,42.95948],[13.88889,42.95906],[13.89073,42.95738],[13.88406,42.95838],[13.88626,42.95367],[13.88973,42.9531],[13.88919,42.95517],[13.89467,42.96002],[13.88773,42.94917],[13.91581,42.89399],[13.92085,42.89307],[13.93072,42.84287],[13.94672,42.79904],[13.96824,42.75879],[13.97152,42.75527],[13.97364,42.75601],[13.97778,42.75531],[13.97079,42.75455],[13.97329,42.75085],[13.97973,42.75551],[13.97532,42.74947],[13.99644,42.70763],[14.02664,42.66653],[14.0379,42.65683],[14.05701,42.62503],[14.06314,42.61779],[14.0625,42.61779],[14.0625,42.61532],[14.06418,42.61656],[14.10993,42.56249],[14.15559,42.52262],[14.15039,42.52321],[14.14763,42.5207],[14.15039,42.51873],[14.15039,42.5207],[14.15778,42.5207],[14.20653,42.47812],[14.21712,42.4721],[14.21347,42.4721],[14.21631,42.46822],[14.22071,42.47006],[14.22354,42.46845],[14.23337,42.47084],[14.23667,42.46519],[14.23031,42.46902],[14.22777,42.4678],[14.23173,42.46401],[14.23179,42.46729],[14.23471,42.46561],[14.23238,42.46147],[14.24903,42.44848],[14.32739,42.40145],[14.37244,42.37861],[14.39061,42.37333],[14.39837,42.36411],[14.41133,42.35745],[14.43248,42.35508],[14.42088,42.35549],[14.42375,42.351],[14.40877,42.35761],[14.41172,42.34544],[14.41543,42.34655],[14.41323,42.34851],[14.41591,42.34646],[14.42398,42.34888],[14.41391,42.34585],[14.41362,42.34257],[14.4262,42.33488],[14.42593,42.32582],[14.44283,42.31127],[14.44758,42.31144],[14.44682,42.30842],[14.50266,42.27204],[14.50107,42.26084],[14.50827,42.25253],[14.56438,42.22316],[14.60623,42.2058],[14.60589,42.20354],[14.64806,42.19281],[14.69692,42.17522],[14.70841,42.17426],[14.70814,42.17601],[14.70936,42.17862],[14.71227,42.1802],[14.70844,42.17491],[14.71043,42.17222],[14.71401,42.17377],[14.71174,42.17765],[14.7169,42.17205],[14.7205,42.15542],[14.71708,42.15046],[14.71852,42.13509],[14.72289,42.12622],[14.71786,42.10663],[14.74093,42.0867],[14.77999,42.06954],[14.78563,42.0682],[14.78612,42.07029],[14.78953,42.06981],[14.78591,42.0675],[14.7894,42.06906],[14.81913,42.05037],[14.89089,42.02386],[14.96428,42.00849],[14.99466,42.00484],[15.00475,42.00649],[15.00947,42.00264],[14.99917,42.00522],[15.00314,42.00338],[15.00009,42.0028],[15.00025,42.00146],[15.0042,42.00262],[15.00033,41.99889],[15.00341,41.99187],[15.03098,41.97986],[15.03624,41.97231],[15.05709,41.96133],[15.06486,41.95261],[15.07487,41.94921],[15.07026,41.9485],[15.06848,41.94454],[15.07384,41.94842],[15.08016,41.94186],[15.09989,41.9349],[15.16835,41.92198],[15.34059,41.91813],[15.34899,41.90871],[15.35963,41.90412],[15.41491,41.90107],[15.50856,41.91016],[15.5058,41.90228],[15.46289,41.90228],[15.42481,41.88323],[15.38086,41.88836],[15.33691,41.89298],[15.3094,41.90223],[15.31985,41.86956],[15.33691,41.86642],[15.38086,41.86545],[15.38086,41.86956],[15.46479,41.86956],[15.46875,41.86674],[15.46875,41.86956],[15.47806,41.86956],[15.5127,41.89394],[15.55664,41.89522],[15.57387,41.90228],[15.59996,41.92328],[15.60873,41.9246],[15.61964,41.92928],[15.64309,41.92669],[15.6558,41.92146],[15.66671,41.92303],[15.66677,41.91878],[15.67179,41.91583],[15.66789,41.91983],[15.66729,41.92123],[15.66741,41.92278],[15.67189,41.91593],[15.67837,41.91474],[15.77392,41.9183],[15.79556,41.92249],[15.79603,41.92231],[15.79102,41.91863],[15.79834,41.91863],[15.79834,41.92144],[15.80055,41.92061],[15.8621,41.92707],[15.88623,41.93101],[15.88668,41.93294],[15.88845,41.93374],[15.89184,41.9332],[15.88735,41.93319],[15.88721,41.93063],[15.8903,41.93291],[15.89374,41.92982],[15.91082,41.9315],[15.98112,41.9422],[15.99325,41.94797],[16.00576,41.94607],[16.01195,41.95032],[16.03416,41.9453],[16.04259,41.94618],[16.04379,41.94918],[16.04486,41.94672],[16.05797,41.94557],[16.0612,41.94897],[16.06523,41.94407],[16.07168,41.94581],[16.0751,41.94089],[16.08431,41.94151],[16.09296,41.93802],[16.0934,41.93303],[16.1026,41.92809],[16.10843,41.92898],[16.11904,41.91633],[16.13058,41.91256],[16.14074,41.91483],[16.15027,41.91015],[16.1623,41.89076],[16.1728,41.8867],[16.1774,41.89072],[16.1793,41.89098],[16.17306,41.88623],[16.17652,41.88481],[16.18031,41.88843],[16.18088,41.88416],[16.18644,41.88343],[16.17779,41.87857],[16.17668,41.8554],[16.18475,41.83985],[16.19238,41.83738],[16.18869,41.82793],[16.19994,41.8261],[16.19367,41.82181],[16.19808,41.81235],[16.19291,41.80998],[16.19775,41.80334],[16.19292,41.80016],[16.19484,41.78982],[16.18749,41.78618],[16.19297,41.78245],[16.18667,41.77939],[16.18945,41.77473],[16.17817,41.76699],[16.16759,41.7664],[16.16348,41.75475],[16.14736,41.74963],[16.14473,41.74218],[16.12162,41.73892],[16.11719,41.73073],[16.10341,41.72856],[16.08989,41.71486],[16.07322,41.71049],[16.06577,41.69379],[16.0521,41.68983],[16.03466,41.67713],[15.99053,41.66296],[15.97533,41.65385],[15.95638,41.64823],[15.94844,41.64172],[15.94847,41.64398],[15.94427,41.6429],[15.93523,41.63466],[15.92482,41.6317],[15.92345,41.62883],[15.92553,41.62442],[15.92544,41.6205],[15.92262,41.62921],[15.91252,41.62415],[15.92234,41.62139],[15.91674,41.62176],[15.91411,41.61726],[15.91243,41.62331],[15.90912,41.62095],[15.91227,41.61854],[15.90729,41.62068],[15.89958,41.61133],[15.89409,41.57678],[15.90398,41.53468],[15.92562,41.49328],[15.95576,41.46221],[15.99321,41.43911],[16.00813,41.43244],[16.0093,41.43424],[16.00952,41.43429],[16.00808,41.43134],[16.04504,41.42058],[16.12637,41.38742],[16.1301,41.3863],[16.13396,41.38972],[16.13139,41.38576],[16.13527,41.3861],[16.13467,41.39047],[16.16149,41.37276],[16.19685,41.35894],[16.21377,41.35675],[16.25875,41.32995],[16.28072,41.32421],[16.28443,41.32542],[16.28346,41.32843],[16.2898,41.33282],[16.28534,41.32451],[16.29401,41.32183],[16.29494,41.33384],[16.29491,41.32363],[16.30287,41.31906],[16.35923,41.30469],[16.40082,41.2852],[16.41653,41.28202],[16.42157,41.28485],[16.42419,41.28481],[16.41947,41.28262],[16.42035,41.27806],[16.4227,41.28295],[16.42769,41.27369],[16.4371,41.26988],[16.44173,41.27173],[16.44169,41.26683],[16.45324,41.25979],[16.46824,41.25555],[16.4813,41.25683],[16.48652,41.25048],[16.49628,41.25027],[16.50991,41.24642],[16.50474,41.24737],[16.50498,41.24334],[16.50763,41.24566],[16.52617,41.24107],[16.5408,41.23009],[16.57225,41.21841],[16.58011,41.21108],[16.59094,41.21479],[16.58399,41.21226],[16.58554,41.2099],[16.58033,41.21077],[16.58213,41.20826],[16.59704,41.20534],[16.59113,41.21201],[16.59463,41.21169],[16.60343,41.20323],[16.62655,41.19385],[16.66196,41.19261],[16.67206,41.1887],[16.6724,41.19158],[16.6814,41.18182],[16.69632,41.17697],[16.75064,41.16667],[16.7491,41.16384],[16.75582,41.16491],[16.76322,41.16032],[16.77954,41.15977],[16.7928,41.14787],[16.80994,41.14017],[16.83434,41.13665],[16.8527,41.14221],[16.84532,41.13515],[16.85479,41.13201],[16.85377,41.12888],[16.85982,41.1288],[16.85586,41.13156],[16.85967,41.13058],[16.86211,41.13367],[16.86095,41.1294],[16.86581,41.13027],[16.86479,41.13398],[16.8688,41.13458],[16.861,41.13779],[16.86606,41.14023],[16.87097,41.13566],[16.8712,41.13979],[16.86673,41.14304],[16.85505,41.14357],[16.84787,41.14788],[16.85534,41.14393],[16.86841,41.14306],[16.87263,41.14018],[16.87171,41.13018],[16.87746,41.12836],[16.87909,41.12763],[16.87968,41.12675],[16.87415,41.12801],[16.87272,41.12595],[16.87577,41.12702],[16.87911,41.12257],[16.92935,41.11146],[16.96079,41.09795],[16.95949,41.09591],[16.95643,41.09591],[16.96289,41.09111],[16.96289,41.0957],[16.98217,41.09468],[17.00834,41.0857],[17.04653,41.08077],[17.09767,41.0624],[17.0932,41.06138],[17.09998,41.05715],[17.1014,41.06252],[17.1031,41.05506],[17.13503,41.03983],[17.17989,41.0266],[17.187,41.01644],[17.20149,41.00899],[17.20463,41.00522],[17.20025,41.00604],[17.20184,41.00328],[17.23376,40.99221],[17.23682,40.99367],[17.25815,40.97852],[17.26293,40.97841],[17.26491,40.97315],[17.27175,40.9751],[17.28796,40.96218],[17.2927,40.96327],[17.29411,40.95872],[17.30302,40.95889],[17.30793,40.95696],[17.30896,40.95592],[17.30262,40.95836],[17.29909,40.95715],[17.30432,40.95299],[17.30499,40.95596],[17.30668,40.94783],[17.31624,40.94525],[17.31709,40.94003],[17.33541,40.92834],[17.35001,40.90565],[17.38794,40.8932],[17.40329,40.87881],[17.41387,40.87448],[17.40933,40.87526],[17.41206,40.87126],[17.46834,40.84292],[17.47186,40.83288],[17.49629,40.82155],[17.55995,40.79782],[17.63399,40.78089],[17.66298,40.77257],[17.66318,40.77012],[17.68661,40.76585],[17.69797,40.75899],[17.70384,40.75956],[17.70439,40.75673],[17.70826,40.75794],[17.72212,40.74897],[17.72683,40.74951],[17.72761,40.74632],[17.73581,40.74501],[17.74347,40.73542],[17.76827,40.72332],[17.80006,40.71613],[17.79704,40.71266],[17.80042,40.70862],[17.83952,40.69096],[17.92676,40.67951],[17.93411,40.68109],[17.93564,40.68627],[17.94276,40.67806],[17.94834,40.67676],[17.94711,40.66953],[17.95318,40.66404],[17.9585,40.66416],[17.95797,40.66048],[17.96049,40.66278],[17.96712,40.66391],[17.96975,40.66265],[17.98379,40.66382],[17.99656,40.66314],[17.97177,40.66254],[17.96837,40.65297],[17.96709,40.66259],[17.96236,40.66254],[17.96248,40.65701],[17.95067,40.64456],[17.92969,40.64055],[17.92969,40.6473],[17.91797,40.6473],[17.92755,40.64014],[17.92696,40.64002],[17.92759,40.64011],[17.92969,40.63854],[17.92969,40.64041],[17.94444,40.64249],[17.95089,40.63699],[17.94962,40.63305],[17.95311,40.63735],[17.95301,40.64509],[17.96065,40.64431],[17.95866,40.64592],[17.96608,40.64795],[17.96716,40.64489],[17.97063,40.64562],[17.969,40.65016],[17.97353,40.65111],[17.97494,40.6473],[17.97363,40.6473],[17.97363,40.6422],[17.97915,40.64639],[17.98464,40.6435],[17.98864,40.64637],[17.98186,40.6495],[17.98977,40.6463],[17.99086,40.64997],[17.99614,40.64806],[17.99937,40.65589],[18.00335,40.65455],[17.99856,40.64903],[18.00413,40.64437],[18.02297,40.64163],[18.01493,40.63707],[18.01601,40.62547],[18.01758,40.62395],[18.01758,40.61395],[18.02797,40.61395],[18.04528,40.59729],[18.04249,40.58161],[18.03474,40.57223],[18.04012,40.56101],[18.06011,40.54543],[18.07742,40.53838],[18.07535,40.53549],[18.08038,40.52582],[18.11594,40.5067],[18.1266,40.49319],[18.16006,40.48115],[18.17015,40.48059],[18.18512,40.46954],[18.20066,40.46869],[18.21225,40.46311],[18.22259,40.45267],[18.23393,40.44918],[18.23636,40.44695],[18.23214,40.44695],[18.23731,40.44026],[18.24162,40.44212],[18.28013,40.40674],[18.30719,40.39078],[18.30529,40.38382],[18.31678,40.37239],[18.3509,40.3529],[18.38566,40.31488],[18.40062,40.30417],[18.40319,40.30353],[18.40487,40.3047],[18.40658,40.30492],[18.40801,40.30449],[18.40456,40.30354],[18.40936,40.29846],[18.42285,40.29473],[18.43209,40.28288],[18.43047,40.27248],[18.44124,40.26918],[18.44187,40.2585],[18.46138,40.23271],[18.46478,40.22259],[18.45839,40.21111],[18.459,40.20258],[18.4642,40.19248],[18.47246,40.18809],[18.47133,40.18321],[18.47795,40.1798],[18.47727,40.17542],[18.48266,40.17096],[18.47999,40.16751],[18.48688,40.16191],[18.48804,40.15501],[18.491,40.15579],[18.48768,40.14791],[18.49518,40.14526],[18.49388,40.15018],[18.50325,40.14697],[18.50797,40.13913],[18.51711,40.13479],[18.50661,40.12612],[18.52049,40.10746],[18.51884,40.10427],[18.49378,40.08833],[18.48774,40.07921],[18.48275,40.08139],[18.4852,40.07572],[18.47538,40.04441],[18.44897,40.02917],[18.44498,40.03225],[18.43555,40.0245],[18.435,40.01415],[18.43025,40.01167],[18.43182,39.99919],[18.42408,40.0014],[18.41402,39.99148],[18.40281,39.96109],[18.39529,39.92008],[18.39247,39.92091],[18.39472,39.91302],[18.39036,39.90767],[18.39964,39.88997],[18.39793,39.87218],[18.3934,39.8683],[18.38956,39.84615],[18.38448,39.84118],[18.39094,39.81742],[18.369,39.79366],[18.3658,39.79639],[18.35794,39.79311],[18.36473,39.79662],[18.36161,39.79786],[18.34589,39.78959],[18.33985,39.79548],[18.33272,39.79673],[18.32693,39.80738],[18.31345,39.80894],[18.30758,39.81712],[18.27345,39.83028],[18.27681,39.83053],[18.26993,39.83443],[18.20584,39.83664],[18.19336,39.84384],[18.19336,39.85261],[18.18684,39.8476],[18.18298,39.84982],[18.17122,39.84981],[18.16428,39.85808],[18.14759,39.86286],[18.11807,39.88662],[18.11412,39.88663],[18.11619,39.88457],[18.1035,39.89402],[18.08705,39.89948],[18.0691,39.9188],[18.04803,39.92839],[18.03331,39.94904],[18.0298,39.94877],[18.02584,39.9627],[18.01282,39.96968],[17.9937,39.99856],[18.00632,39.99571],[18.01788,40.00682],[18.02081,40.01707],[18.016,40.03418],[17.99611,40.0515],[17.9798,40.05369],[17.98058,40.05615],[17.97827,40.05376],[17.97995,40.05282],[17.97372,40.05196],[17.97218,40.05445],[17.97363,40.058],[17.98326,40.06155],[17.97731,40.05689],[17.99,40.05836],[17.99924,40.0679],[17.99837,40.06627],[18.00192,40.06668],[18.01181,40.08538],[18.00995,40.10909],[17.99284,40.12897],[17.99669,40.13157],[17.98771,40.13355],[17.98731,40.14042],[17.97935,40.13812],[17.97475,40.14807],[17.9637,40.14736],[17.95888,40.15868],[17.95423,40.15903],[17.94633,40.16862],[17.93651,40.17126],[17.92902,40.17955],[17.91786,40.19799],[17.92335,40.20644],[17.92209,40.21361],[17.91888,40.21397],[17.92659,40.21855],[17.9247,40.22384],[17.9146,40.23029],[17.91329,40.23489],[17.90896,40.23475],[17.91158,40.23914],[17.9067,40.23771],[17.89539,40.25023],[17.90978,40.24125],[17.90726,40.25292],[17.8988,40.25921],[17.89077,40.25687],[17.87907,40.272],[17.86829,40.27114],[17.86773,40.27861],[17.85987,40.28436],[17.84608,40.28573],[17.83988,40.28041],[17.81649,40.28956],[17.79649,40.28941],[17.7922,40.29288],[17.77365,40.29483],[17.76328,40.29158],[17.76091,40.29742],[17.75514,40.29458],[17.74795,40.29508],[17.7475,40.29801],[17.74339,40.29496],[17.73368,40.29978],[17.68084,40.30457],[17.57325,40.29911],[17.56287,40.29523],[17.56479,40.29634],[17.56425,40.29788],[17.50797,40.29487],[17.49486,40.30984],[17.45907,40.31585],[17.45169,40.32578],[17.44329,40.32961],[17.39487,40.33244],[17.38079,40.34009],[17.38005,40.34605],[17.3758,40.34537],[17.37312,40.3494],[17.36607,40.34829],[17.36654,40.35097],[17.35704,40.35259],[17.3557,40.3561],[17.34974,40.35441],[17.341,40.36238],[17.3297,40.36365],[17.32627,40.36091],[17.31127,40.36606],[17.29787,40.38011],[17.27936,40.37932],[17.27698,40.38584],[17.26991,40.38493],[17.26825,40.39011],[17.26073,40.38909],[17.25689,40.39584],[17.24711,40.39542],[17.23731,40.4022],[17.23254,40.40098],[17.22453,40.40891],[17.20333,40.40788],[17.20206,40.41338],[17.20911,40.42165],[17.23248,40.42437],[17.24614,40.43484],[17.24331,40.43919],[17.24764,40.43979],[17.24774,40.44345],[17.25472,40.44108],[17.25142,40.44624],[17.2463,40.4464],[17.25139,40.44809],[17.24847,40.45998],[17.23578,40.47301],[17.23427,40.47187],[17.22956,40.4735],[17.27051,40.47081],[17.31445,40.47199],[17.32996,40.48038],[17.31445,40.49598],[17.27051,40.49486],[17.22656,40.49401],[17.22656,40.47454],[17.22353,40.47559],[17.22588,40.4807],[17.22033,40.47934],[17.22149,40.47587],[17.21516,40.47887],[17.21677,40.47411],[17.21304,40.47902],[17.20998,40.47391],[17.2041,40.47959],[17.2062,40.47407],[17.20515,40.47381],[17.20303,40.47896],[17.19827,40.47912],[17.19635,40.47489],[17.19853,40.47517],[17.20111,40.47375],[17.19607,40.47457],[17.19594,40.47713],[17.19232,40.47703],[17.19414,40.4718],[17.19128,40.47924],[17.17401,40.47644],[17.18199,40.48142],[17.1814,40.49277],[17.17668,40.48985],[17.166,40.50101],[17.15722,40.49486],[17.1552,40.49657],[17.16584,40.50415],[17.16268,40.5061],[17.14451,40.49488],[17.15033,40.507],[17.12172,40.51872],[17.07261,40.51833],[17.01823,40.50422],[16.96532,40.479],[16.90224,40.43565],[16.86893,40.40205],[16.85398,40.38282],[16.85303,40.38325],[16.85036,40.38003],[16.85182,40.38003],[16.81827,40.33687],[16.81857,40.33228],[16.8128,40.34126],[16.80963,40.33867],[16.81244,40.34654],[16.80908,40.34911],[16.80572,40.34654],[16.80908,40.34654],[16.80908,40.33823],[16.8086,40.33784],[16.80908,40.33778],[16.80908,40.33715],[16.80929,40.33775],[16.81475,40.33698],[16.81768,40.33179],[16.80569,40.32373],[16.78672,40.3023],[16.75316,40.25186],[16.73788,40.22173],[16.74037,40.21709],[16.73608,40.205],[16.73116,40.20666],[16.72881,40.20507],[16.73046,40.20379],[16.73189,40.20541],[16.73551,40.20414],[16.72195,40.19225],[16.68667,40.14771],[16.62656,40.10297],[16.6055,40.07941],[16.59928,40.03722],[16.60971,40.01625],[16.61417,39.9848],[16.62972,39.96551],[16.62726,39.9572],[16.60376,39.92945],[16.55453,39.88787],[16.52344,39.85077],[16.52344,39.85499],[16.50909,39.84229],[16.51374,39.8392],[16.50124,39.82429],[16.48788,39.79065],[16.48827,39.7632],[16.49862,39.7425],[16.52344,39.72839],[16.52344,39.72409],[16.52223,39.72409],[16.52344,39.717],[16.53034,39.72169],[16.52538,39.69028],[16.52344,39.69028],[16.52344,39.68584],[16.52536,39.68732],[16.52869,39.6732],[16.52344,39.67354],[16.51801,39.66905],[16.52322,39.66529],[16.52292,39.65941],[16.52568,39.66362],[16.52889,39.66081],[16.52514,39.66752],[16.52919,39.67121],[16.52824,39.66777],[16.53756,39.65802],[16.56346,39.6426],[16.6056,39.62509],[16.62242,39.62133],[16.68839,39.62184],[16.69378,39.62118],[16.69922,39.61704],[16.69922,39.62051],[16.73391,39.61627],[16.75221,39.62347],[16.75243,39.62262],[16.76514,39.61498],[16.76514,39.62192],[16.77293,39.61977],[16.81771,39.5883],[16.82704,39.56774],[16.86676,39.53863],[16.946,39.50623],[16.93992,39.50627],[16.95183,39.49851],[17.02189,39.48385],[17.02901,39.47733],[17.04028,39.45183],[17.06174,39.43363],[17.11519,39.40654],[17.1569,39.40122],[17.136,39.37496],[17.12873,39.34942],[17.11057,39.31334],[17.11162,39.28902],[17.10458,39.26591],[17.10684,39.25365],[17.12852,39.22299],[17.14893,39.20439],[17.14648,39.19983],[17.13867,39.20588],[17.13867,39.19821],[17.14561,39.19821],[17.11837,39.14747],[17.10807,39.10767],[17.11508,39.09099],[17.12621,39.09242],[17.11871,39.0885],[17.12558,39.08473],[17.13111,39.08712],[17.13031,39.08447],[17.13605,39.08342],[17.12634,39.09624],[17.13541,39.0867],[17.13877,39.07989],[17.13723,39.07753],[17.13835,39.07982],[17.13607,39.08167],[17.13037,39.07489],[17.13206,39.06449],[17.14724,39.04631],[17.17311,39.03296],[17.18921,39.03094],[17.19673,39.02662],[17.20529,39.02955],[17.20592,39.02471],[17.20117,39.02096],[17.18904,39.0205],[17.16426,38.9947],[17.16046,38.96988],[17.17212,38.95738],[17.16939,38.95312],[17.14944,38.94401],[17.11353,38.91035],[17.09983,38.90335],[17.10111,38.89957],[17.09573,38.8991],[17.09418,38.89247],[17.08978,38.89597],[17.09358,38.90565],[17.08436,38.91257],[17.04353,38.91905],[17.03111,38.91597],[17.02555,38.90791],[17.02898,38.90809],[17.02177,38.90575],[17.02045,38.90978],[17.00651,38.91493],[16.99824,38.92941],[16.98004,38.93818],[16.95904,38.93867],[16.94162,38.93605],[16.94471,38.94232],[16.94092,38.94306],[16.94092,38.93594],[16.90195,38.93007],[16.89722,38.92899],[16.89697,38.92918],[16.89697,38.92894],[16.8343,38.91462],[16.77415,38.89473],[16.63509,38.82475],[16.63275,38.82748],[16.63206,38.82508],[16.62491,38.82547],[16.60487,38.81099],[16.56695,38.7659],[16.57216,38.76],[16.57109,38.75467],[16.55961,38.74788],[16.55929,38.74127],[16.54346,38.72794],[16.53497,38.71348],[16.53625,38.70292],[16.54653,38.69208],[16.55517,38.69062],[16.55756,38.68481],[16.55595,38.65913],[16.56067,38.62122],[16.57051,38.59168],[16.56796,38.59066],[16.57139,38.5916],[16.57185,38.5366],[16.57972,38.50277],[16.58348,38.45809],[16.57196,38.42777],[16.56738,38.42777],[16.56738,38.42312],[16.5064,38.36755],[16.48072,38.34926],[16.48466,38.35889],[16.47949,38.35943],[16.47949,38.34838],[16.47255,38.34344],[16.46362,38.33934],[16.46657,38.34166],[16.45752,38.34166],[16.45752,38.33655],[16.4311,38.32444],[16.43684,38.32796],[16.43564,38.32963],[16.43127,38.3259],[16.42303,38.32598],[16.33613,38.30063],[16.28822,38.25911],[16.28174,38.25094],[16.28174,38.25997],[16.27571,38.25544],[16.28137,38.25048],[16.26927,38.23524],[16.25977,38.22563],[16.25977,38.22593],[16.2533,38.22092],[16.25511,38.22092],[16.23779,38.2034],[16.23779,38.20704],[16.23245,38.20366],[16.23528,38.20086],[16.19332,38.15841],[16.16415,38.13395],[16.14297,38.04357],[16.14482,38.03122],[16.10671,37.96734],[16.06325,37.92454],[16.04426,37.9208],[16.03616,37.92396],[16.01995,37.92266],[15.996,37.91584],[15.95591,37.91996],[15.92096,37.92979],[15.87925,37.92709],[15.8395,37.91926],[15.7616,37.91682],[15.74576,37.92553],[15.73329,37.92531],[15.70742,37.93824],[15.69678,37.94924],[15.67808,37.95422],[15.64575,37.99182],[15.63463,38.01461],[15.63449,38.01986],[15.65303,38.02935],[15.65721,38.04018],[15.64804,38.05419],[15.65207,38.06623],[15.63473,38.07546],[15.6308,38.10178],[15.6479,38.11394],[15.64748,38.12496],[15.64802,38.12506],[15.64945,38.12826],[15.65046,38.1208],[15.65692,38.13665],[15.65097,38.14341],[15.65529,38.15293],[15.64067,38.16873],[15.64135,38.18122],[15.63419,38.18582],[15.6339,38.21038],[15.62916,38.21874],[15.63354,38.2164],[15.63147,38.22335],[15.63245,38.22629],[15.63631,38.23218],[15.66871,38.23939],[15.69202,38.25087],[15.70774,38.25112],[15.71551,38.25764],[15.71755,38.25438],[15.73003,38.25255],[15.75013,38.25724],[15.79428,38.28021],[15.81732,38.30075],[15.8299,38.32486],[15.82879,38.33757],[15.83598,38.35161],[15.83322,38.35744],[15.83661,38.36405],[15.84864,38.37024],[15.85928,38.38158],[15.86138,38.39504],[15.87558,38.42193],[15.89268,38.44391],[15.9082,38.43081],[15.9082,38.47036],[15.91975,38.47939],[15.90931,38.47939],[15.92985,38.53302],[15.92841,38.55038],[15.90227,38.56367],[15.89312,38.57787],[15.86679,38.59245],[15.846,38.61262],[15.83913,38.61207],[15.83755,38.6158],[15.82662,38.61892],[15.83623,38.64554],[15.84828,38.659],[15.86856,38.67168],[15.88484,38.67348],[15.8955,38.68094],[15.90549,38.6835],[15.90178,38.68102],[15.90214,38.67988],[15.91014,38.68121],[15.93796,38.69163],[15.94801,38.691],[15.97202,38.71468],[15.98672,38.72299],[16.00027,38.72462],[16.0055,38.72202],[16.02129,38.72717],[16.04222,38.72776],[16.04652,38.72398],[16.0551,38.72589],[16.05816,38.72124],[16.10663,38.71194],[16.12561,38.72373],[16.12889,38.72445],[16.12272,38.71667],[16.12896,38.71588],[16.13154,38.71682],[16.12796,38.72087],[16.13333,38.71718],[16.14746,38.7244],[16.16052,38.73767],[16.1825,38.74735],[16.191,38.76071],[16.21328,38.81054],[16.22135,38.85974],[16.22051,38.90528],[16.21608,38.92505],[16.21251,38.92975],[16.19816,38.93149],[16.17428,38.94579],[16.15795,38.95012],[16.1377,38.98867],[16.09857,39.03117],[16.08287,39.09419],[16.06583,39.14029],[16.05202,39.29554],[16.04342,39.31188],[16.03875,39.34171],[15.99899,39.43611],[15.98136,39.46115],[15.9589,39.47808],[15.94493,39.50293],[15.92523,39.5266],[15.91696,39.52877],[15.92018,39.52411],[15.90527,39.53772],[15.88657,39.54077],[15.8741,39.55381],[15.8525,39.61688],[15.85274,39.61406],[15.84279,39.62965],[15.83188,39.66811],[15.8144,39.67776],[15.81402,39.69227],[15.80902,39.71014],[15.80434,39.71405],[15.80895,39.7184],[15.80692,39.73452],[15.79798,39.76909],[15.79834,39.76881],[15.79834,39.77477],[15.79651,39.77477],[15.78572,39.8165],[15.77556,39.82358],[15.77726,39.83226],[15.77073,39.83279],[15.76901,39.83612],[15.781,39.84882],[15.78852,39.84893],[15.79199,39.85485],[15.78859,39.86975],[15.78166,39.87305],[15.78382,39.88097],[15.77984,39.89238],[15.75553,39.92659],[15.75913,39.92659],[15.7544,39.93022],[15.7544,39.92818],[15.75117,39.93271],[15.74276,39.93442],[15.73404,39.94301],[15.73905,39.94571],[15.73368,39.95032],[15.73267,39.96323],[15.72286,39.96913],[15.72045,39.97686],[15.70789,39.98665],[15.7109,39.98672],[15.71107,39.98823],[15.70313,39.98949],[15.69769,39.99378],[15.69883,39.99844],[15.68428,40.002],[15.68011,40.00664],[15.67512,40.01458],[15.67673,40.03018],[15.67195,40.0291],[15.6714,40.03399],[15.6629,40.04011],[15.64688,40.03951],[15.63771,40.04951],[15.63232,40.0506],[15.62603,40.05777],[15.62479,40.06487],[15.62782,40.06347],[15.63241,40.06806],[15.62748,40.07332],[15.61622,40.06875],[15.60205,40.07435],[15.57225,40.0785],[15.56217,40.07507],[15.53086,40.07378],[15.5037,40.06419],[15.49169,40.05232],[15.49503,40.05256],[15.48456,40.03832],[15.47539,40.03983],[15.46025,40.03372],[15.4199,39.99062],[15.41134,39.99337],[15.41385,39.99562],[15.41326,39.99706],[15.40577,39.99466],[15.39292,39.99564],[15.39307,39.9983],[15.3871,39.99588],[15.38113,40.00062],[15.37105,39.99674],[15.36478,40.00089],[15.35358,39.99976],[15.34776,40.00564],[15.34196,40.00516],[15.31486,40.03177],[15.29485,40.0289],[15.29152,40.02341],[15.27121,40.02233],[15.26781,40.03146],[15.27669,40.03249],[15.27844,40.0296],[15.28552,40.03471],[15.28226,40.05494],[15.2719,40.07405],[15.26253,40.08279],[15.24227,40.08991],[15.22425,40.10535],[15.22466,40.10321],[15.22363,40.10282],[15.22243,40.10855],[15.20569,40.12309],[15.17921,40.12471],[15.1325,40.1711],[15.11296,40.17705],[15.10012,40.17309],[15.08528,40.17353],[15.06628,40.16395],[15.05322,40.17085],[15.03955,40.17012],[15.02978,40.17757],[15.02502,40.17901],[15.02538,40.1765],[15.01509,40.19836],[14.99232,40.21823],[14.96903,40.22192],[14.95136,40.23332],[14.93971,40.23305],[14.93531,40.22854],[14.90868,40.24367],[14.90462,40.25302],[14.90598,40.25465],[14.92267,40.26203],[14.92624,40.26694],[14.93321,40.26719],[14.93357,40.26953],[14.93445,40.27099],[14.935,40.26811],[14.94433,40.27758],[14.94639,40.30643],[14.9382,40.31855],[14.94619,40.33677],[14.96983,40.34082],[14.97158,40.3462],[14.98265,40.35464],[14.97942,40.35069],[14.98536,40.35148],[14.98723,40.35517],[14.9959,40.35466],[15.00123,40.37631],[14.99938,40.38891],[14.97838,40.4323],[14.93985,40.48569],[14.89119,40.56929],[14.85113,40.61505],[14.82045,40.64256],[14.82087,40.64078],[14.81908,40.63964],[14.81528,40.6409],[14.8121,40.64287],[14.82061,40.64099],[14.81261,40.64412],[14.82024,40.6427],[14.79064,40.66429],[14.77216,40.67303],[14.76781,40.67151],[14.7649,40.67185],[14.76924,40.67306],[14.75722,40.67773],[14.75206,40.67515],[14.75548,40.67189],[14.74991,40.66503],[14.74844,40.66422],[14.74394,40.66349],[14.75501,40.67206],[14.74754,40.6777],[14.74838,40.67335],[14.74605,40.67639],[14.74364,40.67163],[14.73842,40.67161],[14.74212,40.66997],[14.74679,40.66653],[14.73448,40.67055],[14.71906,40.66673],[14.69194,40.63324],[14.67851,40.63296],[14.66092,40.63972],[14.66214,40.642],[14.62618,40.64881],[14.60719,40.63268],[14.59988,40.63336],[14.60035,40.63075],[14.5845,40.62464],[14.57203,40.61127],[14.56945,40.61573],[14.54306,40.61434],[14.52808,40.60681],[14.50677,40.62251],[14.4863,40.62737],[14.46277,40.61718],[14.45108,40.61902],[14.43766,40.6126],[14.41906,40.61037],[14.40611,40.59863],[14.38104,40.59307],[14.36373,40.58306],[14.34707,40.57926],[14.34576,40.57214],[14.33757,40.56998],[14.34083,40.57631],[14.33673,40.57703],[14.32463,40.56905],[14.32221,40.58034],[14.32724,40.58646],[14.32036,40.58764],[14.32716,40.59302],[14.32837,40.59651],[14.32462,40.59711],[14.33095,40.60122],[14.32979,40.60702],[14.34214,40.61868],[14.33946,40.62805],[14.34709,40.62712],[14.35163,40.63452],[14.36514,40.62762],[14.37777,40.631],[14.37731,40.62879],[14.39776,40.64022],[14.39745,40.63743],[14.40059,40.64064],[14.40134,40.63825],[14.40883,40.65062],[14.4035,40.65616],[14.4305,40.66618],[14.43859,40.68167],[14.44691,40.68701],[14.47007,40.69421],[14.47046,40.6957],[14.47335,40.69943],[14.47103,40.69157],[14.47926,40.69589],[14.48188,40.70303],[14.47903,40.71258],[14.47233,40.72338],[14.47306,40.71567],[14.47085,40.7287],[14.46138,40.74223],[14.44784,40.74983],[14.44666,40.7548],[14.44438,40.74883],[14.44987,40.74412],[14.43738,40.75469],[14.41474,40.75162],[14.39449,40.76],[14.36048,40.7875],[14.36073,40.7832],[14.35866,40.79072],[14.35216,40.7919],[14.33497,40.80624],[14.33248,40.8104],[14.33553,40.80855],[14.33552,40.81],[14.32651,40.81793],[14.30541,40.83169],[14.29979,40.83391],[14.30176,40.83241],[14.29745,40.83096],[14.2923,40.83773],[14.29047,40.83519],[14.29089,40.83832],[14.28686,40.83995],[14.28592,40.83721],[14.27963,40.84253],[14.27802,40.83961],[14.2752,40.83995],[14.27791,40.84317],[14.27406,40.84462],[14.27088,40.83828],[14.27218,40.84309],[14.26978,40.84334],[14.26988,40.84048],[14.26898,40.83976],[14.26599,40.83968],[14.26932,40.84022],[14.26872,40.8446],[14.26445,40.84461],[14.25715,40.83943],[14.26127,40.837],[14.25209,40.8362],[14.27247,40.83318],[14.27621,40.83013],[14.25276,40.83502],[14.25569,40.83382],[14.24797,40.82941],[14.2497,40.82696],[14.25012,40.82903],[14.2514,40.8294],[14.24991,40.82622],[14.24314,40.83128],[14.2255,40.83046],[14.22046,40.82646],[14.22614,40.82681],[14.21476,40.82111],[14.20768,40.81282],[14.20777,40.80104],[14.18779,40.79222],[14.17419,40.79917],[14.1617,40.79279],[14.1625,40.79992],[14.16805,40.79711],[14.17326,40.8021],[14.17175,40.80658],[14.16585,40.80456],[14.16915,40.80628],[14.16559,40.81131],[14.15894,40.80783],[14.1658,40.81187],[14.16214,40.81534],[14.11361,40.8211],[14.10972,40.82289],[14.1099,40.82313],[14.11904,40.82152],[14.11934,40.82525],[14.1061,40.83153],[14.08681,40.8302],[14.07161,40.81855],[14.08264,40.81186],[14.08147,40.80063],[14.08767,40.79429],[14.07798,40.79037],[14.08925,40.78802],[14.08949,40.77771],[14.08083,40.78655],[14.07218,40.78731],[14.0625,40.79463],[14.0625,40.78815],[14.04785,40.78943],[14.04051,40.79133],[14.04525,40.79103],[14.04101,40.79418],[14.03887,40.79111],[14.03998,40.79445],[14.04355,40.79555],[14.03567,40.79848],[14.03527,40.80015],[14.03985,40.79825],[14.04198,40.80107],[14.0404,40.80597],[14.0475,40.82401],[14.04661,40.83803],[14.0625,40.83102],[14.07387,40.84706],[14.04603,40.84706],[14.04507,40.86221],[14.02941,40.90466],[14.00739,40.94178],[13.97905,40.97203],[13.97639,40.97786],[13.97952,40.97939],[13.98085,40.97348],[13.98504,40.97339],[13.9804,40.97973],[13.97507,40.97797],[13.97395,40.97605],[13.95514,40.99764],[13.92651,41.02121],[13.92707,41.02504],[13.9251,41.02408],[13.92274,41.02375],[13.9221,41.02408],[13.9212,41.02749],[13.93066,41.02685],[13.93497,41.02964],[13.93066,41.04089],[13.93066,41.04622],[13.92205,41.04622],[13.93066,41.03972],[13.93066,41.02964],[13.92063,41.02964],[13.91632,41.04599],[13.90012,41.07876],[13.90869,41.07682],[13.91132,41.07935],[13.90869,41.08046],[13.90869,41.07935],[13.89983,41.07935],[13.89481,41.0895],[13.83066,41.16844],[13.78397,41.20817],[13.75747,41.22559],[13.761,41.22825],[13.75488,41.22825],[13.75488,41.22729],[13.73838,41.23814],[13.70618,41.25392],[13.70088,41.25319],[13.69822,41.24834],[13.69414,41.25054],[13.68094,41.24418],[13.65365,41.25704],[13.62131,41.26076],[13.61434,41.25928],[13.6164,41.25775],[13.61286,41.25459],[13.61277,41.25684],[13.60732,41.25455],[13.6151,41.25326],[13.58957,41.24903],[13.5791,41.24254],[13.5791,41.24477],[13.57514,41.24477],[13.57864,41.24226],[13.57252,41.23846],[13.57327,41.23216],[13.56704,41.22838],[13.57205,41.22311],[13.57184,41.21528],[13.57871,41.21434],[13.57799,41.21587],[13.57819,41.21728],[13.58371,41.21034],[13.59011,41.21045],[13.58967,41.20709],[13.56965,41.20419],[13.57077,41.20718],[13.55652,41.21112],[13.54969,41.20658],[13.52437,41.22262],[13.51389,41.22514],[13.51095,41.22159],[13.50339,41.22147],[13.50403,41.22561],[13.48536,41.23737],[13.47541,41.23965],[13.47028,41.23657],[13.46692,41.2403],[13.46141,41.23952],[13.46054,41.24407],[13.4448,41.25288],[13.43507,41.25504],[13.4359,41.25306],[13.41876,41.2645],[13.40405,41.27015],[13.4128,41.27781],[13.40332,41.28312],[13.39789,41.27781],[13.39521,41.27354],[13.37807,41.28013],[13.33581,41.29111],[13.28141,41.29739],[13.26623,41.29461],[13.25698,41.28492],[13.26069,41.28231],[13.21134,41.28354],[13.17194,41.27525],[13.10551,41.24169],[13.09543,41.22527],[13.09207,41.22554],[13.09582,41.22422],[13.06821,41.22175],[13.04559,41.2269],[13.03368,41.241],[13.03587,41.24925],[13.03445,41.25218],[13.05176,41.25462],[13.05417,41.27781],[13.05176,41.27781],[13.05176,41.29374],[13.02513,41.27781],[13.02343,41.27481],[13.02154,41.27869],[12.99083,41.32377],[12.97612,41.33887],[12.98326,41.34383],[12.96387,41.35786],[12.96032,41.35379],[12.92722,41.37681],[12.93629,41.37681],[12.91992,41.38909],[12.91992,41.38154],[12.89798,41.39228],[12.88623,41.40978],[12.87598,41.41469],[12.8721,41.40978],[12.87184,41.40507],[12.86938,41.40628],[12.84564,41.41352],[12.83181,41.41575],[12.81232,41.41347],[12.78063,41.41794],[12.77244,41.41686],[12.76479,41.40763],[12.70894,41.44327],[12.66614,41.45722],[12.667,41.45653],[12.66604,41.45716],[12.66419,41.45406],[12.65998,41.45151],[12.66407,41.45647],[12.65819,41.45602],[12.65842,41.4549],[12.6604,41.45511],[12.66125,41.45429],[12.65822,41.45466],[12.65876,41.45159],[12.65726,41.45537],[12.65226,41.45561],[12.63848,41.45205],[12.63471,41.44601],[12.63141,41.44846],[12.6313,41.44421],[12.63811,41.44368],[12.63782,41.44276],[12.62272,41.44357],[12.60542,41.47055],[12.55535,41.53129],[12.43245,41.64452],[12.35255,41.6964],[12.28357,41.72627],[12.25368,41.7367],[12.2504,41.73583],[12.24575,41.73623],[12.25157,41.73729],[12.23459,41.73966],[12.25212,41.74381],[12.25398,41.74683],[12.23114,41.74091],[12.22254,41.744],[12.21891,41.75357],[12.21869,41.75661],[12.22502,41.74402],[12.2299,41.75123],[12.22013,41.77059],[12.21437,41.77111],[12.22245,41.77247],[12.22451,41.78223],[12.21755,41.79886],[12.22455,41.80408],[12.2168,41.80408],[12.2168,41.80066],[12.20577,41.82701],[12.16808,41.8861],[12.13793,41.91815],[12.11773,41.92989],[12.09154,41.93591],[12.07231,41.94953],[12.04905,41.95519],[12.02301,41.98366],[12.00537,41.99059],[12.00675,41.99091],[12.00764,41.99212],[11.97951,41.99659],[11.96425,42.01407],[11.91571,42.03919],[11.89368,42.04004],[11.87302,42.03672],[11.87083,42.0333],[11.83325,42.03028],[11.83274,42.0371],[11.82088,42.04728],[11.81899,42.05629],[11.81563,42.05982],[11.81277,42.05969],[11.80987,42.06247],[11.80916,42.06493],[11.8098,42.06641],[11.81053,42.0624],[11.81298,42.06004],[11.81444,42.06025],[11.81093,42.06382],[11.81333,42.06698],[11.80496,42.07382],[11.80688,42.08036],[11.79958,42.08644],[11.78685,42.08869],[11.77862,42.09353],[11.76311,42.10639],[11.78932,42.09022],[11.79053,42.09155],[11.78811,42.09591],[11.78368,42.09403],[11.78267,42.09983],[11.76811,42.10716],[11.7724,42.10943],[11.76399,42.11393],[11.76876,42.11422],[11.76819,42.12021],[11.75857,42.1248],[11.75307,42.12211],[11.75413,42.13002],[11.74334,42.14166],[11.74299,42.14992],[11.73374,42.15765],[11.73957,42.17097],[11.7204,42.18697],[11.69571,42.23513],[11.68109,42.24548],[11.65732,42.2751],[11.62364,42.30046],[11.55043,42.34118],[11.48569,42.36608],[11.39441,42.39317],[11.38184,42.40526],[11.36776,42.3975],[11.29707,42.40824],[11.2904,42.40454],[11.28032,42.4079],[11.27878,42.41674],[11.27295,42.41862],[11.25,42.4186],[11.25,42.42346],[11.27223,42.42346],[11.29395,42.42956],[11.25,42.45589],[11.25,42.42867],[11.22501,42.45589],[11.20606,42.48055],[11.20606,42.49936],[11.1906,42.49051],[11.19237,42.50003],[11.19083,42.516],[11.18373,42.53083],[11.15679,42.56277],[11.13903,42.56074],[11.13434,42.55527],[11.13916,42.55418],[11.13394,42.55114],[11.1275,42.55691],[11.12246,42.55699],[11.10634,42.58327],[11.10861,42.58749],[11.10206,42.6018],[11.0823,42.61346],[11.08257,42.61669],[11.08828,42.61796],[11.08533,42.62682],[11.06666,42.63727],[11.01399,42.65682],[11.01564,42.6601],[11.01096,42.66329],[11.01502,42.66628],[11.0083,42.66628],[11.0083,42.6659],[10.99278,42.6983],[10.98087,42.71183],[10.98777,42.71544],[10.98044,42.71229],[10.97886,42.71735],[10.961,42.73134],[10.91854,42.75107],[10.88082,42.75983],[10.88534,42.76315],[10.87647,42.76315],[10.87647,42.76083],[10.82385,42.77304],[10.79444,42.77649],[10.79065,42.77271],[10.74254,42.79877],[10.72952,42.80152],[10.73222,42.80257],[10.73128,42.8036],[10.73457,42.80831],[10.7359,42.80912],[10.73252,42.80469],[10.73329,42.80347],[10.73941,42.80941],[10.74745,42.80602],[10.75946,42.80954],[10.77292,42.83165],[10.77568,42.84679],[10.77164,42.8517],[10.77369,42.85837],[10.76845,42.85975],[10.77168,42.86675],[10.76892,42.8692],[10.78601,42.88926],[10.77828,42.90329],[10.77249,42.90097],[10.77822,42.90336],[10.77311,42.90955],[10.74584,42.9261],[10.70818,42.94152],[10.67698,42.94959],[10.64569,42.95316],[10.60156,42.95448],[10.60314,42.95191],[10.59752,42.95426],[10.59365,42.95391],[10.5947,42.95642],[10.59082,42.95926],[10.58496,42.95642],[10.59082,42.95642],[10.59082,42.95366],[10.56166,42.95102],[10.55467,42.9415],[10.54688,42.94482],[10.54317,42.94034],[10.55381,42.94034],[10.55265,42.93875],[10.54603,42.93598],[10.54884,42.93379],[10.54083,42.93663],[10.54663,42.92848],[10.55146,42.93112],[10.556,42.93171],[10.54368,42.92077],[10.52503,42.91971],[10.51117,42.9326],[10.50632,42.92983],[10.49545,42.93151],[10.49908,42.93584],[10.4832,42.9661],[10.48777,42.97658],[10.48338,42.9884],[10.49454,42.99505],[10.50705,42.99058],[10.51518,42.99754],[10.51086,43.01262],[10.52158,43.0191],[10.53795,43.09442],[10.53775,43.10246],[10.53643,43.10211],[10.53598,43.0988],[10.53551,43.09782],[10.53512,43.09792],[10.53918,43.11455],[10.53839,43.16963],[10.5267,43.23743],[10.50417,43.28785],[10.48841,43.30172],[10.48378,43.30036],[10.48056,43.30237],[10.48453,43.30066],[10.4904,43.30367],[10.49113,43.30575],[10.48822,43.30682],[10.48895,43.30367],[10.48332,43.30182],[10.48134,43.30692],[10.45811,43.32312],[10.4555,43.34304],[10.44896,43.35431],[10.44398,43.35254],[10.43715,43.37767],[10.43054,43.38185],[10.42825,43.39224],[10.42421,43.39221],[10.42252,43.39568],[10.42705,43.39274],[10.42544,43.39962],[10.41763,43.40349],[10.40402,43.40098],[10.40758,43.40696],[10.39979,43.416],[10.4008,43.42456],[10.38945,43.43127],[10.379,43.44909],[10.37811,43.44665],[10.36042,43.46126],[10.33984,43.46578],[10.3303,43.47377],[10.33193,43.48353],[10.32014,43.49753],[10.31883,43.51126],[10.31432,43.51334],[10.31388,43.5145],[10.31598,43.51822],[10.31279,43.51773],[10.30875,43.52663],[10.29736,43.53556],[10.30122,43.53829],[10.29492,43.54172],[10.29805,43.54393],[10.29381,43.54137],[10.29257,43.54693],[10.29794,43.54535],[10.2949,43.55003],[10.30387,43.545],[10.29965,43.54994],[10.30445,43.54915],[10.30394,43.55291],[10.29836,43.55138],[10.30394,43.55694],[10.2954,43.551],[10.30135,43.5591],[10.29543,43.55672],[10.31819,43.57313],[10.32,43.58437],[10.31485,43.57395],[10.31127,43.57143],[10.31124,43.57615],[10.30937,43.57107],[10.30442,43.58039],[10.3156,43.58039],[10.30518,43.5867],[10.29779,43.58069],[10.29115,43.59699],[10.28406,43.64915],[10.26901,43.67686],[10.2746,43.6791],[10.26848,43.6772],[10.27595,43.67998],[10.27019,43.67582],[10.2832,43.67582],[10.2832,43.68523],[10.28096,43.6836],[10.28275,43.69195],[10.27452,43.73433],[10.27897,43.73379],[10.2801,43.73425],[10.27563,43.73423],[10.27487,43.73441],[10.27843,43.73605],[10.27717,43.74355],[10.27019,43.77109],[10.28484,43.77109],[10.2832,43.77607],[10.26988,43.7723],[10.26154,43.80518],[10.23277,43.86216],[10.2423,43.85556],[10.24109,43.86354],[10.23992,43.86328],[10.244,43.86622],[10.23933,43.86622],[10.23498,43.87724],[10.18715,43.93635],[10.16025,43.96163],[10.11501,43.99703],[10.06464,44.02787],[10.04572,44.03266],[10.0422,44.02918],[10.04579,44.03414],[10.03788,44.03596],[10.03563,44.03289],[10.04158,44.02666],[10.02773,44.0396],[10.00052,44.05106],[9.98505,44.04696],[9.97779,44.03544],[9.96369,44.03738],[9.93989,44.05429],[9.92856,44.0574],[9.91984,44.06736],[9.9141,44.06604],[9.91513,44.0707],[9.90675,44.06724],[9.90926,44.07114],[9.90432,44.07481],[9.90982,44.07507],[9.90675,44.08135],[9.89922,44.08315],[9.88857,44.08068],[9.88487,44.08331],[9.88126,44.08103],[9.87905,44.08757],[9.86347,44.09136],[9.86504,44.09613],[9.85841,44.09504],[9.85709,44.09709],[9.85874,44.09521],[9.8627,44.09645],[9.85508,44.10032],[9.8593,44.10461],[9.85312,44.10305],[9.85597,44.10717],[9.85071,44.10773],[9.85159,44.11015],[9.84585,44.10464],[9.84006,44.1096],[9.84029,44.1035],[9.83703,44.10338],[9.83839,44.10982],[9.82997,44.1055],[9.83398,44.10423],[9.83178,44.10417],[9.82907,44.1058],[9.8245,44.10061],[9.82775,44.10145],[9.83441,44.09832],[9.83208,44.09654],[9.82722,44.099],[9.83177,44.09587],[9.82581,44.09927],[9.83136,44.09538],[9.82499,44.09857],[9.82074,44.09494],[9.81528,44.10325],[9.81071,44.10188],[9.82198,44.09304],[9.81735,44.09226],[9.81582,44.09032],[9.82515,44.09045],[9.82257,44.08348],[9.82687,44.08016],[9.82847,44.08144],[9.82843,44.07978],[9.8301,44.08107],[9.83207,44.07995],[9.82992,44.07609],[9.83634,44.0732],[9.84197,44.07455],[9.83639,44.0653],[9.84521,44.06928],[9.8435,44.06467],[9.85125,44.06673],[9.84641,44.06277],[9.85175,44.06006],[9.83952,44.05779],[9.83764,44.05198],[9.83214,44.04807],[9.81702,44.06085],[9.79803,44.06465],[9.78955,44.07134],[9.77417,44.07551],[9.77319,44.08057],[9.76076,44.08342],[9.75731,44.09087],[9.7397,44.09151],[9.73624,44.1004],[9.72567,44.10638],[9.72564,44.11241],[9.71733,44.11799],[9.70501,44.11905],[9.70345,44.12531],[9.69259,44.12774],[9.6756,44.13949],[9.65708,44.14557],[9.64869,44.14533],[9.64267,44.14377],[9.63421,44.13377],[9.60582,44.1584],[9.61011,44.16657],[9.60644,44.1714],[9.58373,44.17577],[9.58485,44.17986],[9.58013,44.18317],[9.57426,44.18019],[9.5689,44.18219],[9.56906,44.19108],[9.55929,44.19605],[9.55205,44.20499],[9.52694,44.20802],[9.50145,44.2225],[9.49545,44.23478],[9.48824,44.23907],[9.48035,44.24068],[9.47245,44.23343],[9.45225,44.24042],[9.44377,44.2381],[9.43275,44.2535],[9.41859,44.25954],[9.40344,44.25194],[9.39496,44.26934],[9.3901,44.2667],[9.3845,44.2682],[9.38477,44.27243],[9.38778,44.2697],[9.3926,44.27231],[9.39166,44.27911],[9.37534,44.29143],[9.33814,44.30813],[9.34312,44.30813],[9.33838,44.31152],[9.33537,44.30937],[9.3342,44.30989],[9.33511,44.30918],[9.33382,44.30826],[9.33039,44.31023],[9.32979,44.30956],[9.31611,44.31191],[9.32223,44.31098],[9.32402,44.31235],[9.31702,44.31274],[9.31929,44.31367],[9.31835,44.31581],[9.30362,44.3227],[9.24594,44.34085],[9.23434,44.34817],[9.2292,44.34617],[9.23504,44.34305],[9.22433,44.34058],[9.22583,44.3352],[9.21377,44.3337],[9.2142,44.32924],[9.21885,44.33187],[9.2118,44.31831],[9.21338,44.31024],[9.20899,44.31061],[9.21415,44.30606],[9.20982,44.303],[9.21436,44.30332],[9.21762,44.29854],[9.19295,44.30829],[9.17874,44.30898],[9.17529,44.31615],[9.16632,44.31259],[9.16466,44.31795],[9.15575,44.3157],[9.1451,44.32235],[9.15428,44.33253],[9.15539,44.34515],[9.14078,44.36093],[9.13108,44.36087],[9.10068,44.37157],[9.09796,44.37143],[9.09668,44.37234],[9.09668,44.37137],[9.09157,44.37111],[9.08163,44.3759],[9.05832,44.38013],[9.04766,44.37907],[9.03304,44.38348],[8.99822,44.38602],[8.9857,44.39178],[8.96867,44.38924],[8.96163,44.39194],[8.95095,44.39106],[8.94286,44.39549],[8.94103,44.39241],[8.93841,44.39226],[8.93489,44.39326],[8.93961,44.39236],[8.93613,44.39429],[8.94013,44.39484],[8.93585,44.39673],[8.93346,44.39357],[8.92677,44.39648],[8.93135,44.39556],[8.93152,44.40094],[8.92472,44.39937],[8.92414,44.39991],[8.92563,44.40097],[8.92741,44.40063],[8.92666,44.40171],[8.92762,44.40239],[8.92619,44.40239],[8.92529,44.40369],[8.92889,44.40341],[8.91872,44.40705],[8.92686,44.40838],[8.92236,44.41004],[8.92766,44.4104],[8.92219,44.41053],[8.92562,44.41234],[8.92404,44.41414],[8.92173,44.41107],[8.91968,44.41435],[8.91785,44.411],[8.91707,44.41417],[8.91626,44.41111],[8.91238,44.4126],[8.91466,44.40993],[8.90983,44.40979],[8.91482,44.4083],[8.91039,44.40794],[8.91233,44.40523],[8.91864,44.40391],[8.91773,44.39817],[8.90874,44.39986],[8.90795,44.40314],[8.9066,44.39974],[8.90046,44.40362],[8.89724,44.40205],[8.89651,44.40562],[8.89515,44.40242],[8.88738,44.40728],[8.88565,44.40414],[8.88361,44.40797],[8.88366,44.40441],[8.87536,44.40589],[8.87495,44.4091],[8.87141,44.4052],[8.82186,44.41489],[8.82301,44.41778],[8.83462,44.41543],[8.83468,44.41693],[8.83895,44.41755],[8.83977,44.41515],[8.84066,44.41764],[8.84103,44.41518],[8.85217,44.41908],[8.84668,44.4203],[8.84539,44.41834],[8.84344,44.41812],[8.84599,44.42077],[8.84114,44.41943],[8.84233,44.42204],[8.83768,44.4209],[8.83577,44.42392],[8.83284,44.42163],[8.82727,44.42389],[8.82842,44.41849],[8.8221,44.42412],[8.80668,44.42287],[8.77703,44.42665],[8.79784,44.42211],[8.79673,44.4172],[8.77595,44.4203],[8.77673,44.41746],[8.77324,44.42327],[8.74581,44.42713],[8.72542,44.41628],[8.71286,44.41544],[8.69295,44.4083],[8.68573,44.40148],[8.68854,44.39755],[8.68005,44.39306],[8.64934,44.3898],[8.63961,44.38617],[8.61531,44.36729],[8.59433,44.35998],[8.57124,44.35698],[8.56967,44.35203],[8.56973,44.35411],[8.56825,44.35561],[8.56625,44.3535],[8.56841,44.34972],[8.57124,44.35254],[8.56913,44.34934],[8.55025,44.34385],[8.54208,44.33575],[8.50376,44.32663],[8.49568,44.31668],[8.48785,44.31333],[8.48498,44.30821],[8.49039,44.31195],[8.48878,44.3091],[8.49076,44.30829],[8.49189,44.31248],[8.50028,44.31665],[8.49489,44.31256],[8.49705,44.31044],[8.49915,44.31202],[8.50505,44.31475],[8.49052,44.30477],[8.46729,44.29729],[8.45141,44.28827],[8.44241,44.27835],[8.44522,44.27667],[8.44411,44.27667],[8.44198,44.27738],[8.44177,44.27678],[8.4375,44.28059],[8.4331,44.27667],[8.4375,44.27423],[8.4375,44.27112],[8.44058,44.27333],[8.44019,44.27219],[8.44058,44.27013],[8.44799,44.2729],[8.44069,44.2701],[8.44651,44.2684],[8.44258,44.26497],[8.44947,44.26617],[8.45441,44.25989],[8.45385,44.26753],[8.45641,44.2583],[8.44549,44.24716],[8.44273,44.23737],[8.42822,44.23299],[8.41587,44.22121],[8.41673,44.20126],[8.4246,44.19474],[8.40812,44.1861],[8.4072,44.18107],[8.37151,44.17788],[8.36978,44.17347],[8.34543,44.16836],[8.33607,44.16203],[8.2949,44.1534],[8.27023,44.14004],[8.26972,44.13473],[8.26662,44.13592],[8.26311,44.13231],[8.26683,44.13411],[8.2683,44.13186],[8.27176,44.13568],[8.2705,44.13277],[8.24832,44.11563],[8.23113,44.09112],[8.2251,44.06603],[8.22631,44.04397],[8.2233,44.04232],[8.21777,44.04629],[8.21777,44.04022],[8.21946,44.04022],[8.20224,44.03079],[8.19238,44.02123],[8.194,44.0161],[8.17985,44.0118],[8.16324,43.99244],[8.16023,43.97255],[8.17376,43.95465],[8.14004,43.94637],[8.12804,43.92657],[8.09186,43.91588],[8.08654,43.90813],[8.08691,43.90963],[8.08595,43.91026],[8.07806,43.90374],[8.08288,43.89756],[8.07271,43.89107],[8.04557,43.88708],[8.04614,43.88595],[8.03882,43.88255],[8.04486,43.88752],[8.03909,43.88405],[8.03605,43.88604],[8.02797,43.88272],[8.0299,43.87699],[8.02566,43.88154],[8.02546,43.87733],[8.01872,43.87836],[8.02944,43.8747],[8.02174,43.87648],[8.00688,43.86897],[8.00142,43.86774],[7.99805,43.87013],[7.99253,43.86622],[7.99469,43.86622],[7.97113,43.8609],[7.96719,43.85242],[7.96201,43.85028],[7.91774,43.84354],[7.91554,43.83832],[7.90792,43.83711],[7.91733,43.83831],[7.91215,43.83631],[7.89088,43.83816],[7.86621,43.83328],[7.86621,43.83844],[7.86052,43.83453],[7.86288,43.83262],[7.85046,43.83017],[7.83301,43.81631],[7.80492,43.82321],[7.79495,43.81808],[7.78915,43.81688],[7.78854,43.81591],[7.78694,43.81687],[7.7945,43.81822],[7.79432,43.81958],[7.78697,43.81958],[7.78691,43.8173],[7.78423,43.81917],[7.78376,43.81617],[7.77863,43.81559],[7.78524,43.81445],[7.76896,43.81305],[7.76115,43.80744],[7.75342,43.80728],[7.73881,43.79537],[7.71368,43.80086],[7.7029,43.79889],[7.70349,43.79777],[7.70767,43.79846],[7.70889,43.79808],[7.7034,43.79754],[7.70054,43.79884],[7.67282,43.77569],[7.62696,43.78375],[7.63175,43.78696],[7.62451,43.79299],[7.62451,43.78418],[7.60673,43.78731],[7.60254,43.79113],[7.59793,43.78885],[7.57526,43.79284],[7.55951,43.78827],[7.55551,43.77998],[7.54245,43.78437],[7.51453,43.783],[7.5223,43.7832],[7.51053,43.78112],[7.51128,43.77544],[7.49372,43.76976],[7.48534,43.76266],[7.48193,43.75724],[7.48689,43.74901],[7.47454,43.75118],[7.462,43.76048],[7.45357,43.75867],[7.4448,43.7498],[7.43918,43.7494],[7.43982,43.74658],[7.43302,43.74574],[7.43003,43.73639],[7.42228,43.73672],[7.42376,43.7328],[7.43209,43.73641],[7.42282,43.72847],[7.42166,43.73017],[7.41753,43.73031],[7.42398,43.72796],[7.4166,43.72334],[7.41532,43.72608],[7.41578,43.72397],[7.41237,43.72482],[7.4063,43.71878],[7.40139,43.72111],[7.3889,43.7193],[7.38911,43.72334],[7.37485,43.71772],[7.35978,43.72258],[7.35089,43.71512],[7.33816,43.71218],[7.33934,43.71022],[7.33794,43.70727],[7.33622,43.71068],[7.33733,43.70683],[7.32964,43.70205],[7.33404,43.68994],[7.3365,43.68821],[7.33561,43.69192],[7.3421,43.68617],[7.34984,43.6867],[7.34212,43.68283],[7.33965,43.68631],[7.33805,43.68396],[7.33443,43.68618],[7.33231,43.67501],[7.32643,43.67446],[7.32054,43.68821],[7.3267,43.69575],[7.32538,43.70006],[7.31469,43.70669],[7.3069,43.69813],[7.31065,43.69942],[7.30425,43.68503],[7.2938,43.68653],[7.29364,43.69075],[7.28537,43.69363],[7.28418,43.69818],[7.28329,43.6945],[7.28835,43.69041],[7.27763,43.69435],[7.26334,43.69435],[7.23939,43.68702],[7.23056,43.67852],[7.23077,43.6658],[7.21254,43.64769],[7.20109,43.64548],[7.2036,43.65115],[7.19405,43.65777],[7.18127,43.6543],[7.17869,43.65453],[7.18559,43.65576],[7.18531,43.65712],[7.15956,43.6547],[7.14543,43.64366],[7.13983,43.63241],[7.14046,43.63484],[7.1364,43.63628],[7.1397,43.634],[7.1263,43.60446],[7.12562,43.59365],[7.13038,43.58901],[7.12167,43.58718],[7.12884,43.58311],[7.13297,43.59069],[7.13015,43.58169],[7.12447,43.5753],[7.13104,43.56917],[7.1405,43.56945],[7.13462,43.55571],[7.14089,43.55619],[7.1451,43.55221],[7.13769,43.54879],[7.13843,43.54592],[7.13006,43.5438],[7.12938,43.54654],[7.12426,43.54648],[7.1225,43.54197],[7.11949,43.54268],[7.11688,43.54885],[7.12217,43.55251],[7.12151,43.55977],[7.11705,43.55969],[7.11255,43.56248],[7.11578,43.56094],[7.11726,43.56144],[7.1124,43.56734],[7.09693,43.57101],[7.08429,43.56945],[7.08448,43.56627],[7.07818,43.56269],[7.08183,43.56811],[7.07838,43.56465],[7.07332,43.56526],[7.07794,43.56404],[7.06835,43.56262],[7.05557,43.54806],[7.0412,43.54257],[7.03858,43.53512],[7.03011,43.53953],[7.03394,43.54096],[7.03254,43.54434],[7.03097,43.54083],[7.03235,43.54625],[7.02126,43.54993],[7.01625,43.5475],[7.01646,43.55105],[7.01231,43.55049],[7.01762,43.54496],[7.00784,43.54836],[6.99034,43.54886],[6.96164,43.54149],[6.9502,43.53298],[6.95017,43.52785],[6.94532,43.52689],[6.94872,43.52703],[6.9498,43.52625],[6.9414,43.52173],[6.9417,43.51694],[6.93949,43.51418],[6.94134,43.51707],[6.937,43.51742],[6.9385,43.50847],[6.95362,43.50645],[6.95679,43.49738],[6.94583,43.49149],[6.94903,43.48577],[6.94589,43.48319],[6.93071,43.48351],[6.93324,43.47792],[6.92375,43.47361],[6.92248,43.46984],[6.92596,43.46841],[6.92004,43.4575],[6.9236,43.45675],[6.92051,43.45318],[6.9238,43.45067],[6.89872,43.44204],[6.89943,43.43958],[6.89223,43.437],[6.89632,43.43404],[6.8943,43.43051],[6.87904,43.42809],[6.87855,43.42525],[6.86985,43.42549],[6.86596,43.43384],[6.85341,43.43353],[6.85771,43.43153],[6.85625,43.42467],[6.86098,43.42196],[6.85643,43.41108],[6.82928,43.41849],[6.80916,43.41291],[6.79577,43.41337],[6.78896,43.40775],[6.78229,43.40896],[6.7819,43.41277],[6.78115,43.40918],[6.77991,43.41296],[6.77702,43.4136],[6.77401,43.41499],[6.77336,43.41599],[6.78078,43.41274],[6.78,43.41393],[6.76353,43.42193],[6.76569,43.42394],[6.75001,43.41976],[6.74611,43.42348],[6.7468,43.42033],[6.75083,43.4192],[6.73452,43.40733],[6.72924,43.39508],[6.72363,43.39797],[6.71381,43.38908],[6.73133,43.38908],[6.71971,43.3783],[6.7216,43.37559],[6.71401,43.37212],[6.71322,43.36603],[6.71955,43.3573],[6.7128,43.35242],[6.71633,43.35211],[6.71644,43.34669],[6.69432,43.33979],[6.68914,43.34218],[6.68768,43.34005],[6.68535,43.33933],[6.68724,43.34125],[6.68054,43.34074],[6.66952,43.33346],[6.6652,43.32486],[6.67126,43.31263],[6.65933,43.31393],[6.64154,43.30502],[6.63395,43.30709],[6.62772,43.30385],[6.62442,43.2958],[6.58614,43.28022],[6.58561,43.27049],[6.58837,43.26762],[6.57956,43.26121],[6.5918,43.26121],[6.5918,43.26406],[6.59333,43.26246],[6.62121,43.26429],[6.63333,43.27231],[6.63406,43.27016],[6.63868,43.27153],[6.63865,43.2737],[6.63707,43.27324],[6.63251,43.27269],[6.6388,43.27409],[6.6461,43.27392],[6.66496,43.26488],[6.66969,43.2687],[6.66928,43.27617],[6.67827,43.27906],[6.69778,43.26646],[6.69128,43.2525],[6.67651,43.2447],[6.6684,43.24557],[6.66457,43.24163],[6.66454,43.21169],[6.68119,43.19986],[6.67585,43.19542],[6.65983,43.19641],[6.64296,43.18713],[6.63957,43.1731],[6.64691,43.16755],[6.63343,43.17243],[6.62239,43.1646],[6.62275,43.15949],[6.62081,43.15787],[6.61389,43.16622],[6.61008,43.16588],[6.608,43.17286],[6.60289,43.17412],[6.60013,43.18323],[6.5618,43.18885],[6.55036,43.18671],[6.53703,43.17926],[6.53365,43.17234],[6.53633,43.17092],[6.5376,43.17337],[6.53984,43.17035],[6.53859,43.17345],[6.54025,43.16953],[6.53483,43.16356],[6.5242,43.16617],[6.50948,43.15875],[6.50988,43.15584],[6.50155,43.15576],[6.49408,43.15044],[6.46464,43.15757],[6.44944,43.15366],[6.44863,43.14906],[6.43904,43.14221],[6.43963,43.1473],[6.43058,43.15159],[6.42107,43.14682],[6.40441,43.1496],[6.39682,43.14359],[6.38641,43.14484],[6.37732,43.13628],[6.36774,43.13607],[6.3653,43.12415],[6.36232,43.12385],[6.36448,43.12108],[6.367,43.12552],[6.36659,43.1223],[6.36512,43.12019],[6.36254,43.12227],[6.36012,43.12023],[6.36417,43.11107],[6.35906,43.10602],[6.36904,43.10286],[6.36396,43.09343],[6.37085,43.09139],[6.36493,43.09061],[6.36455,43.08648],[6.34593,43.09098],[6.332,43.08958],[6.32388,43.09397],[6.32172,43.09164],[6.32487,43.09927],[6.31681,43.10638],[6.30783,43.10844],[6.2982,43.10632],[6.29665,43.11045],[6.28997,43.10685],[6.28798,43.11472],[6.28,43.116],[6.27541,43.12099],[6.26172,43.12138],[6.24958,43.11556],[6.24764,43.12004],[6.24897,43.11583],[6.24748,43.11438],[6.24657,43.11411],[6.24875,43.11588],[6.24847,43.11647],[6.23532,43.11309],[6.20127,43.11607],[6.2,43.11541],[6.2,46.6],[18.8,46.6],[18.8,42.27478],[18.7851,42.28199],[18.78718,42.27009],[18.77732,42.26769],[18.73562,42.30311],[18.73015,42.30324],[18.73359,42.30693],[18.72464,42.3083],[18.70704,42.32241],[18.71453,42.32802],[18.70797,42.33438]]]}},{"type":"Feature","properties":{"kind":"coast","area_km2":69493.8011},"geometry":{"type":"Polygon","coordinates":[[[6.26437,37.01413],[6.26165,37.02305],[6.26506,37.02621],[6.31004,37.0406],[6.33695,37.06817],[6.36707,37.07791],[6.38452,37.0782],[6.40212,37.08482],[6.40551,37.0813],[6.41554,37.08609],[6.42074,37.08103],[6.44796,37.08155],[6.46493,37.08482],[6.46744,37.08921],[6.48581,37.08641],[6.50953,37.07542],[6.51183,37.06248],[6.51849,37.06146],[6.51585,37.05791],[6.51978,37.0539],[6.53813,37.05111],[6.54353,37.0561],[6.5489,37.05444],[6.53936,37.03432],[6.5507,37.02595],[6.56969,37.02812],[6.5635,37.0139],[6.56859,37.00892],[6.58298,37.01545],[6.57385,37.00209],[6.57088,37.00534],[6.57174,37.00264],[6.5677,37.0022],[6.56943,36.99921],[6.563,36.99317],[6.56893,36.985],[6.56715,36.985],[6.56982,36.98287],[6.56982,36.98378],[6.57041,36.98297],[6.58136,36.97666],[6.61491,36.96957],[6.61875,36.97306],[6.63092,36.97415],[6.62446,36.96688],[6.63459,36.95683],[6.64087,36.95534],[6.6469,36.96069],[6.65384,36.95566],[6.65862,36.96055],[6.66449,36.95017],[6.67329,36.94728],[6.67867,36.95795],[6.68334,36.95875],[6.68912,36.94901],[6.69776,36.95203],[6.70495,36.94924],[6.7103,36.95243],[6.71295,36.94676],[6.72656,36.94616],[6.74676,36.95186],[6.74986,36.958],[6.747,36.96259],[6.75194,36.96426],[6.75089,36.95039],[6.76891,36.94496],[6.78361,36.94821],[6.78922,36.95779],[6.79419,36.95358],[6.80129,36.95727],[6.81618,36.94757],[6.83084,36.95043],[6.83547,36.95557],[6.84628,36.95369],[6.84991,36.95594],[6.84479,36.94541],[6.84758,36.93583],[6.86182,36.93122],[6.86814,36.93387],[6.87347,36.93058],[6.87602,36.93363],[6.88174,36.93185],[6.88084,36.92558],[6.88732,36.9187],[6.88311,36.91426],[6.88384,36.90515],[6.88045,36.90439],[6.8824,36.89946],[6.88019,36.90383],[6.87854,36.90225],[6.88266,36.89495],[6.89445,36.88832],[6.90257,36.88992],[6.90086,36.88608],[6.9067,36.8883],[6.91457,36.88589],[6.91395,36.88722],[6.9029,36.89114],[6.90117,36.89293],[6.93031,36.8801],[6.93663,36.88862],[6.94646,36.89243],[6.93685,36.88822],[6.93483,36.88199],[6.94237,36.88241],[6.93819,36.87962],[6.94336,36.87452],[6.94336,36.88247],[6.94708,36.88267],[6.94308,36.88683],[6.95349,36.88312],[7.00707,36.89338],[7.0507,36.90724],[7.05685,36.91422],[7.06098,36.91533],[7.068,36.91103],[7.07034,36.91595],[7.08763,36.92098],[7.1043,36.92111],[7.11902,36.90825],[7.12442,36.91119],[7.13395,36.90802],[7.14424,36.9118],[7.14682,36.91698],[7.1618,36.91702],[7.21574,36.95469],[7.24966,36.99532],[7.25574,37.02657],[7.25041,37.02727],[7.24919,37.03312],[7.24118,37.03859],[7.22138,37.0443],[7.18551,37.07277],[7.17928,37.07232],[7.18097,37.07658],[7.16968,37.07678],[7.16999,37.0808],[7.1838,37.08181],[7.18498,37.07808],[7.19627,37.07515],[7.21324,37.08985],[7.21538,37.08597],[7.23177,37.08687],[7.25579,37.07905],[7.26506,37.06859],[7.27268,37.06591],[7.28689,37.07027],[7.28878,37.07517],[7.28425,37.07728],[7.29187,37.0809],[7.30489,37.07635],[7.30703,37.0715],[7.33694,37.06469],[7.35076,37.0666],[7.35481,37.07148],[7.35987,37.06879],[7.37316,37.07149],[7.36966,37.0816],[7.38794,37.08386],[7.38671,37.07844],[7.39339,37.07562],[7.38106,37.06364],[7.39618,37.04611],[7.40493,37.04579],[7.40512,37.04159],[7.4125,37.03872],[7.46695,37.04656],[7.48725,37.04116],[7.51222,37.04238],[7.51808,37.03796],[7.52499,37.02006],[7.55297,37.00602],[7.55716,36.99321],[7.56291,36.98842],[7.5897,36.97692],[7.60075,36.96806],[7.60705,36.96917],[7.62094,36.96164],[7.62993,36.96598],[7.64306,36.96323],[7.65816,36.97882],[7.66133,36.97293],[7.65888,36.96954],[7.66483,36.9652],[7.67665,36.96662],[7.67532,36.96943],[7.67976,36.97192],[7.692,36.95934],[7.70232,36.96356],[7.70115,36.95217],[7.70849,36.94882],[7.72102,36.95529],[7.769,36.95895],[7.77595,36.96257],[7.77621,36.96696],[7.78201,36.96663],[7.78193,36.96972],[7.78983,36.96668],[7.7926,36.96938],[7.79371,36.96653],[7.78026,36.95815],[7.78238,36.95132],[7.76833,36.94513],[7.76684,36.93361],[7.76049,36.92949],[7.77182,36.90991],[7.77883,36.90881],[7.78167,36.90636],[7.78223,36.90509],[7.77698,36.90814],[7.76595,36.89624],[7.76073,36.89677],[7.76731,36.89465],[7.77786,36.9029],[7.77966,36.90205],[7.76348,36.88794],[7.76309,36.87926],[7.76748,36.8783],[7.76409,36.87637],[7.76772,36.8779],[7.76786,36.87257],[7.77814,36.86569],[7.77358,36.86204],[7.77832,36.86204],[7.77832,36.86556],[7.7876,36.85934],[7.81965,36.84775],[7.81701,36.84446],[7.82227,36.84232],[7.82227,36.84681],[7.8564,36.84206],[7.90513,36.84311],[7.95315,36.8495],[7.94678,36.84446],[7.9541,36.84446],[7.9541,36.84962],[7.9555,36.84981],[8.04851,36.87628],[8.17971,36.92774],[8.19677,36.93922],[8.20586,36.93795],[8.20848,36.94374],[8.22126,36.94653],[8.22601,36.95186],[8.24095,36.94856],[8.2414,36.93458],[8.25999,36.93187],[8.2662,36.91829],[8.2707,36.91652],[8.29785,36.9157],[8.30573,36.91666],[8.30488,36.91902],[8.31505,36.91577],[8.32795,36.92071],[8.3387,36.91584],[8.36023,36.92294],[8.37084,36.91658],[8.38043,36.91817],[8.38303,36.91381],[8.40254,36.91443],[8.43052,36.8953],[8.43873,36.90048],[8.4421,36.8974],[8.44573,36.89851],[8.44141,36.89918],[8.44051,36.89955],[8.44018,36.90022],[8.46793,36.89727],[8.47876,36.90374],[8.49091,36.90405],[8.49185,36.90739],[8.49699,36.90382],[8.51071,36.90901],[8.51526,36.9071],[8.53561,36.91888],[8.5542,36.92297],[8.55636,36.92692],[8.57906,36.93086],[8.59026,36.9289],[8.59261,36.93329],[8.60049,36.93273],[8.61333,36.94331],[8.61181,36.93877],[8.6168,36.93421],[8.62883,36.93897],[8.63416,36.93601],[8.63835,36.94166],[8.66698,36.95117],[8.68038,36.95956],[8.69266,36.96273],[8.7004,36.9605],[8.71162,36.96742],[8.71216,36.96311],[8.71627,36.96226],[8.73607,36.96546],[8.74212,36.9696],[8.75616,36.95782],[8.75649,36.96555],[8.76016,36.96707],[8.7647,36.96006],[8.76153,36.96187],[8.75911,36.95642],[8.76254,36.96056],[8.76087,36.95691],[8.76549,36.95297],[8.78111,36.95294],[8.83914,36.97697],[8.88808,37.01068],[8.9202,37.0356],[8.9209,37.03393],[8.93227,37.03764],[8.92283,37.03764],[8.95436,37.0621],[8.96269,37.07675],[8.98481,37.09834],[8.98449,37.10296],[8.97775,37.1027],[8.9784,37.10399],[9.00919,37.11889],[9.01208,37.12685],[9.02042,37.12788],[9.0262,37.13738],[9.07371,37.15637],[9.11865,37.16045],[9.12476,37.16892],[9.14063,37.17671],[9.14063,37.15716],[9.15183,37.16032],[9.14197,37.17736],[9.15401,37.18327],[9.17171,37.20277],[9.17556,37.20251],[9.17816,37.21278],[9.1891,37.22355],[9.21742,37.24098],[9.21996,37.22736],[9.2251,37.22786],[9.22508,37.21916],[9.23798,37.21693],[9.25077,37.21907],[9.25494,37.21611],[9.25976,37.21751],[9.25881,37.22111],[9.27358,37.22082],[9.29676,37.23181],[9.33081,37.23121],[9.37459,37.2488],[9.38878,37.25878],[9.38785,37.26418],[9.4036,37.26489],[9.40845,37.2695],[9.44316,37.26886],[9.4563,37.26303],[9.51366,37.28399],[9.53595,37.29982],[9.54301,37.29773],[9.56076,37.30587],[9.57354,37.29451],[9.59221,37.29724],[9.62449,37.31249],[9.6695,37.34074],[9.6751,37.33585],[9.68521,37.33569],[9.69018,37.33922],[9.70352,37.33423],[9.7233,37.33796],[9.74225,37.34725],[9.75584,37.34703],[9.75932,37.33739],[9.76692,37.33276],[9.79811,37.3272],[9.82288,37.33635],[9.83538,37.33515],[9.83705,37.33866],[9.8429,37.3331],[9.86135,37.33497],[9.86518,37.33244],[9.86956,37.31736],[9.86809,37.30375],[9.87698,37.286],[9.89078,37.27835],[9.88514,37.27866],[9.88468,37.27639],[9.88374,37.27527],[9.8847,37.27836],[9.87796,37.27908],[9.87518,37.2782],[9.87435,37.27717],[9.87587,37.27546],[9.87849,37.27853],[9.88032,37.27312],[9.8821,37.27419],[9.88077,37.27814],[9.88144,37.27805],[9.88305,37.27488],[9.88197,37.27307],[9.86705,37.2648],[9.8506,37.26199],[9.85931,37.25722],[9.84267,37.25461],[9.84208,37.2491],[9.8346,37.24593],[9.83351,37.2498],[9.82689,37.24406],[9.8193,37.24476],[9.82414,37.23718],[9.81731,37.23848],[9.81352,37.24455],[9.80478,37.23844],[9.79773,37.24003],[9.7919,37.23596],[9.7772,37.23938],[9.78165,37.23684],[9.78048,37.21882],[9.77057,37.22351],[9.76761,37.21737],[9.77496,37.21372],[9.77614,37.20292],[9.78226,37.20468],[9.7848,37.20235],[9.78389,37.20724],[9.78584,37.20954],[9.78419,37.19533],[9.77378,37.19533],[9.77783,37.19162],[9.78418,37.19526],[9.78249,37.18079],[9.79092,37.17303],[9.80341,37.17012],[9.80114,37.16782],[9.81332,37.16003],[9.80978,37.1604],[9.80782,37.15253],[9.81064,37.15188],[9.80671,37.14856],[9.8153,37.14113],[9.86464,37.13488],[9.88567,37.14911],[9.91272,37.15674],[9.9243,37.17206],[9.9381,37.21074],[9.93935,37.20791],[9.93769,37.21691],[9.9312,37.22467],[9.88462,37.22477],[9.88273,37.228],[9.86126,37.23226],[9.85352,37.23014],[9.8543,37.22756],[9.84324,37.22995],[9.83577,37.22307],[9.82134,37.22548],[9.82302,37.23138],[9.82974,37.22966],[9.83783,37.23436],[9.83758,37.2413],[9.84078,37.23999],[9.86698,37.25267],[9.8707,37.26372],[9.87906,37.26882],[9.88413,37.27144],[9.88294,37.26852],[9.8884,37.2683],[9.89041,37.27519],[9.88885,37.26931],[9.89146,37.27044],[9.89422,37.27005],[9.8959,37.26882],[9.89197,37.27018],[9.88974,37.26689],[9.89308,37.2651],[9.89443,37.2688],[9.89317,37.26402],[9.9069,37.2577],[9.97647,37.24717],[10.01701,37.25145],[10.06802,37.26905],[10.07024,37.25888],[10.08545,37.24174],[10.12446,37.23751],[10.14906,37.22815],[10.16781,37.21487],[10.19466,37.20664],[10.19238,37.20435],[10.20857,37.19713],[10.20876,37.19132],[10.21491,37.18637],[10.27938,37.18166],[10.28125,37.17726],[10.25587,37.17235],[10.23188,37.15006],[10.23049,37.15611],[10.23018,37.15188],[10.22424,37.15447],[10.22691,37.15592],[10.22091,37.15449],[10.22308,37.16509],[10.2194,37.16951],[10.15476,37.1665],[10.13459,37.14146],[10.13844,37.14168],[10.13567,37.1369],[10.14189,37.1366],[10.14535,37.129],[10.15788,37.12512],[10.17616,37.1247],[10.18157,37.12919],[10.18118,37.12482],[10.17375,37.1213],[10.19036,37.11136],[10.21487,37.11233],[10.20625,37.14092],[10.21343,37.14841],[10.20952,37.1482],[10.22028,37.15326],[10.21069,37.14084],[10.21632,37.1112],[10.20761,37.09644],[10.21546,37.11083],[10.20969,37.10951],[10.2097,37.10592],[10.19882,37.10384],[10.18746,37.09288],[10.20453,37.09993],[10.19359,37.09305],[10.19632,37.08923],[10.19108,37.09024],[10.17926,37.0735],[10.17937,37.0393],[10.20153,36.988],[10.2166,36.96932],[10.27,36.93288],[10.29751,36.92083],[10.30893,36.92232],[10.31087,36.92168],[10.31215,36.92062],[10.30855,36.92201],[10.30679,36.92023],[10.31033,36.92066],[10.31199,36.91669],[10.31727,36.91759],[10.32055,36.91128],[10.31671,36.90208],[10.32209,36.89321],[10.35336,36.87243],[10.35323,36.86688],[10.34173,36.86366],[10.34085,36.85813],[10.33843,36.85444],[10.32795,36.84495],[10.32415,36.84567],[10.32715,36.83634],[10.32058,36.83477],[10.31487,36.8217],[10.30908,36.82607],[10.30851,36.82594],[10.31308,36.82276],[10.31409,36.82121],[10.30646,36.81526],[10.30968,36.81063],[10.2832,36.83529],[10.26123,36.83867],[10.23926,36.83474],[10.19531,36.81618],[10.19531,36.80929],[10.19221,36.80929],[10.19531,36.79355],[10.21729,36.78872],[10.23926,36.79535],[10.2832,36.79838],[10.2832,36.80929],[10.29511,36.80929],[10.302,36.80367],[10.30713,36.8051],[10.30356,36.80331],[10.30173,36.80362],[10.2988,36.80498],[10.29216,36.8042],[10.29537,36.80441],[10.28887,36.79733],[10.2904,36.79333],[10.28515,36.79565],[10.28704,36.79825],[10.28388,36.79619],[10.2863,36.79241],[10.29222,36.7898],[10.29264,36.7893],[10.29233,36.78843],[10.29213,36.78966],[10.27802,36.79605],[10.27457,36.79619],[10.27846,36.79518],[10.29147,36.78921],[10.28621,36.79139],[10.28651,36.78285],[10.29335,36.77409],[10.2832,36.77409],[10.2832,36.76595],[10.29336,36.77408],[10.31186,36.75038],[10.35246,36.72684],[10.3829,36.71779],[10.41239,36.71554],[10.43281,36.72051],[10.43701,36.7172],[10.43701,36.72127],[10.43596,36.72127],[10.46117,36.72741],[10.47832,36.73799],[10.50293,36.72659],[10.51172,36.73888],[10.47977,36.73888],[10.48234,36.74047],[10.53468,36.75612],[10.54035,36.76654],[10.55086,36.77179],[10.55466,36.79341],[10.56238,36.79744],[10.56829,36.82073],[10.56566,36.82496],[10.57183,36.83977],[10.56934,36.84314],[10.58227,36.85016],[10.58575,36.86373],[10.59986,36.86611],[10.61249,36.8739],[10.60915,36.88217],[10.62469,36.87592],[10.65876,36.88431],[10.67204,36.87844],[10.69381,36.87829],[10.73159,36.89162],[10.76744,36.91127],[10.79654,36.93651],[10.81872,36.94535],[10.82117,36.94975],[10.83447,36.9544],[10.86499,36.97559],[10.87421,36.97731],[10.87354,36.98188],[10.88007,36.98307],[10.88521,36.99207],[10.89269,36.99435],[10.89332,37.00207],[10.90035,37.0063],[10.89886,37.0107],[10.9119,37.00715],[10.91481,37.01859],[10.91096,37.0212],[10.90935,37.01879],[10.90713,37.01917],[10.90975,37.02104],[10.90608,37.02239],[10.91116,37.02369],[10.90445,37.02801],[10.90982,37.03287],[10.90399,37.03681],[10.9097,37.04057],[10.90416,37.04349],[10.90868,37.04496],[10.90553,37.04681],[10.90786,37.05037],[10.91376,37.04618],[10.92387,37.04611],[10.93254,37.05174],[10.93831,37.04956],[10.96211,37.05459],[10.96678,37.04998],[10.9746,37.04979],[10.98604,37.05806],[10.99306,37.05769],[11.01637,37.0666],[11.03829,37.07875],[11.03517,37.0887],[11.0478,37.08191],[11.04662,37.07769],[11.05607,37.0751],[11.05989,37.06369],[11.07487,37.05154],[11.07438,37.04414],[11.06328,37.04112],[11.05849,37.03201],[11.0594,37.00927],[11.09874,36.9565],[11.10692,36.90328],[11.11765,36.889],[11.13673,36.87478],[11.11637,36.83309],[11.11364,36.83186],[11.10748,36.83234],[11.11455,36.83289],[11.10811,36.83711],[11.09877,36.83641],[11.05466,36.8129],[11.02311,36.78704],[10.97204,36.72587],[10.90938,36.63379],[10.89844,36.63676],[10.89844,36.61772],[10.87396,36.58175],[10.82693,36.49197],[10.81055,36.49197],[10.81055,36.47646],[10.82481,36.48792],[10.80853,36.45684],[10.79966,36.4555],[10.79939,36.45386],[10.79677,36.45045],[10.79884,36.45487],[10.79554,36.45096],[10.78604,36.45375],[10.76664,36.45041],[10.75059,36.4426],[10.72405,36.43974],[10.69466,36.43039],[10.67332,36.42028],[10.65554,36.40543],[10.62963,36.39968],[10.61657,36.39215],[10.6006,36.40315],[10.587,36.40167],[10.56118,36.38901],[10.5488,36.3761],[10.54978,36.3743],[10.54709,36.36901],[10.54919,36.37399],[10.54492,36.37684],[10.54313,36.37603],[10.54682,36.37135],[10.53782,36.36445],[10.51493,36.32864],[10.49082,36.27065],[10.45898,36.26067],[10.44597,36.24427],[10.44632,36.20882],[10.45898,36.19499],[10.472,36.2057],[10.46673,36.16031],[10.46679,36.15935],[10.45898,36.15931],[10.42934,36.13788],[10.45898,36.13788],[10.45898,36.1266],[10.43727,36.10238],[10.45898,36.08887],[10.45898,36.03482],[10.47501,36.06686],[10.472,36.09955],[10.48376,36.0545],[10.49733,36.03643],[10.50924,36.0345],[10.51701,36.0286],[10.53219,35.97639],[10.52645,35.9784],[10.52462,35.97594],[10.52432,35.99207],[10.51432,36.00633],[10.50864,36.00691],[10.50282,36.00018],[10.49623,36.00245],[10.4867,36.00012],[10.46827,36.01255],[10.46252,36.00928],[10.45875,36.01087],[10.45855,36.00402],[10.45513,36.00568],[10.4757,35.99125],[10.47384,35.99909],[10.48072,36.002],[10.48975,35.9943],[10.50264,35.99067],[10.47787,35.98793],[10.47354,35.98561],[10.47323,35.98432],[10.48608,35.98744],[10.50411,35.98488],[10.50529,35.98049],[10.50028,35.98287],[10.50576,35.97175],[10.50006,35.97131],[10.51552,35.96996],[10.52426,35.97229],[10.52448,35.97537],[10.52506,35.97279],[10.53235,35.97373],[10.53232,35.97617],[10.55012,35.94901],[10.60206,35.89294],[10.59698,35.89466],[10.60135,35.89256],[10.60291,35.87785],[10.61889,35.86089],[10.62361,35.84942],[10.64489,35.82926],[10.65238,35.82658],[10.64214,35.8274],[10.64282,35.82456],[10.63477,35.83109],[10.63477,35.81781],[10.64778,35.81781],[10.64763,35.81385],[10.68333,35.79206],[10.67878,35.79141],[10.68155,35.78871],[10.68088,35.79069],[10.68222,35.79111],[10.68669,35.78856],[10.68377,35.78723],[10.68101,35.78064],[10.68446,35.78707],[10.68766,35.7877],[10.72627,35.76754],[10.74646,35.76515],[10.77554,35.7743],[10.78057,35.78005],[10.79485,35.77877],[10.80646,35.78507],[10.83031,35.77996],[10.83456,35.78799],[10.83745,35.77831],[10.83393,35.78078],[10.83151,35.77985],[10.84363,35.76837],[10.8398,35.75659],[10.83811,35.75913],[10.83553,35.7569],[10.83881,35.75677],[10.83076,35.7543],[10.83158,35.74236],[10.82554,35.74574],[10.82547,35.73759],[10.82274,35.74023],[10.81998,35.73057],[10.82437,35.7217],[10.82003,35.72088],[10.8255,35.71659],[10.83163,35.69845],[10.85795,35.68417],[10.87321,35.6833],[10.88707,35.67433],[10.89445,35.67643],[10.89268,35.67312],[10.89422,35.67518],[10.94538,35.65965],[10.95816,35.66163],[10.95513,35.66052],[10.95591,35.65749],[10.9574,35.66109],[10.96142,35.65583],[10.98139,35.65456],[10.98584,35.64641],[10.99369,35.64487],[11.001,35.6377],[11.02719,35.63493],[11.04986,35.62425],[11.03215,35.57694],[11.03027,35.57737],[11.01993,35.56798],[11.03027,35.55971],[11.03027,35.56798],[11.0324,35.56798],[11.03317,35.54097],[11.04083,35.52411],[11.05612,35.50983],[11.06865,35.50503],[11.08259,35.50785],[11.06974,35.49885],[11.06924,35.50221],[11.06391,35.50002],[11.06647,35.49646],[11.06543,35.49646],[11.06664,35.49549],[11.06218,35.497],[11.06012,35.49441],[11.04349,35.44464],[11.04074,35.41893],[11.04721,35.4],[6.2,35.4],[6.2,36.90558],[6.22038,36.91234],[6.24935,36.92879],[6.26346,36.94772],[6.26446,36.95524],[6.25802,36.96829],[6.24552,36.97311],[6.23928,36.9829],[6.24914,36.99708],[6.26162,37.0061],[6.26437,37.01413]]]}},{"type":"Feature","properties":{"kind":"coast","area_km2":23480.7068},"geometry":{"type":"Polygon","coordinates":[[[8.55038,39.86718],[8.54303,39.86521],[8.53988,39.86985],[8.54561,39.87598],[8.53959,39.87932],[8.53943,39.883],[8.54736,39.88461],[8.5543,39.89288],[8.54736,39.89592],[8.53991,39.89288],[8.53768,39.89092],[8.53182,39.89722],[8.50837,39.90777],[8.49105,39.90543],[8.48955,39.90235],[8.49468,39.90111],[8.48747,39.90129],[8.49081,39.90569],[8.49416,39.90848],[8.49188,39.90959],[8.48699,39.90354],[8.4852,39.90356],[8.48868,39.90974],[8.4375,39.90974],[8.4375,39.8866],[8.45751,39.8913],[8.44137,39.87936],[8.44065,39.86501],[8.4353,39.85792],[8.43181,39.86154],[8.43821,39.86738],[8.4356,39.8831],[8.41076,39.9009],[8.40193,39.89852],[8.39581,39.90907],[8.40017,39.91319],[8.40286,39.94364],[8.39964,39.96579],[8.39144,39.97552],[8.41109,39.99927],[8.41412,40.0171],[8.40241,40.03222],[8.3782,40.029],[8.37657,40.03589],[8.38585,40.04409],[8.39647,40.04385],[8.40218,40.052],[8.412,40.04125],[8.42641,40.04467],[8.43428,40.05211],[8.44365,40.04769],[8.45394,40.05087],[8.48946,40.07982],[8.48849,40.08716],[8.49297,40.0867],[8.48603,40.09567],[8.49114,40.10233],[8.48567,40.10448],[8.48499,40.11746],[8.47186,40.13009],[8.45917,40.15179],[8.46181,40.17248],[8.45605,40.17657],[8.46792,40.19927],[8.45969,40.20881],[8.46616,40.2237],[8.4617,40.22979],[8.47378,40.24289],[8.48372,40.28281],[8.47848,40.28814],[8.47477,40.28813],[8.47523,40.28465],[8.47271,40.28666],[8.47456,40.2928],[8.46908,40.29383],[8.46987,40.29518],[8.48145,40.28939],[8.48765,40.29629],[8.47053,40.29629],[8.47102,40.29712],[8.46449,40.30041],[8.46464,40.30582],[8.46818,40.30653],[8.45912,40.31939],[8.44345,40.31851],[8.43664,40.32167],[8.43295,40.33346],[8.42071,40.33788],[8.40876,40.33551],[8.39592,40.34049],[8.38956,40.33734],[8.38245,40.3386],[8.38755,40.34828],[8.38066,40.35205],[8.37841,40.35807],[8.37958,40.36182],[8.38966,40.36586],[8.3862,40.37264],[8.40021,40.40096],[8.39829,40.42986],[8.38377,40.45769],[8.37412,40.49072],[8.35048,40.50365],[8.33795,40.50023],[8.33923,40.50924],[8.33299,40.5147],[8.33192,40.52396],[8.31971,40.54401],[8.32053,40.55009],[8.31775,40.54949],[8.31554,40.55563],[8.30752,40.56087],[8.30639,40.56218],[8.30516,40.56569],[8.30774,40.56108],[8.31478,40.56054],[8.31617,40.56411],[8.31158,40.56186],[8.31448,40.56466],[8.30782,40.56452],[8.31689,40.56503],[8.31775,40.5714],[8.3026,40.58905],[8.29116,40.59413],[8.2881,40.59235],[8.28987,40.59726],[8.29688,40.59614],[8.31478,40.58744],[8.30315,40.59542],[8.30871,40.60218],[8.29518,40.59868],[8.2906,40.60051],[8.28883,40.60731],[8.28634,40.59579],[8.28684,40.5914],[8.28928,40.59133],[8.28056,40.59121],[8.27547,40.59336],[8.26756,40.58938],[8.26576,40.58119],[8.25104,40.58441],[8.24572,40.58107],[8.24487,40.56895],[8.23786,40.57246],[8.23254,40.56913],[8.20931,40.57188],[8.20368,40.56814],[8.19807,40.57121],[8.19774,40.57565],[8.20826,40.58751],[8.20366,40.59386],[8.21628,40.59369],[8.21942,40.6018],[8.20994,40.61458],[8.19471,40.61831],[8.18957,40.61586],[8.19083,40.60705],[8.18428,40.60514],[8.18166,40.59772],[8.16801,40.59298],[8.17386,40.58823],[8.1711,40.5802],[8.16567,40.58403],[8.16104,40.57609],[8.16561,40.57282],[8.16396,40.56028],[8.15755,40.56696],[8.15952,40.57293],[8.15584,40.57935],[8.15031,40.57897],[8.14527,40.59981],[8.14819,40.6017],[8.14427,40.60269],[8.14928,40.60527],[8.14361,40.61341],[8.14463,40.62313],[8.14689,40.62607],[8.16215,40.62787],[8.16082,40.63376],[8.16718,40.63233],[8.17758,40.63705],[8.18481,40.63656],[8.18979,40.65376],[8.19253,40.6535],[8.18928,40.65734],[8.19377,40.66028],[8.19146,40.6634],[8.19903,40.67286],[8.19567,40.67698],[8.20466,40.67991],[8.20498,40.6853],[8.19467,40.69151],[8.17506,40.69465],[8.17565,40.70134],[8.16344,40.71438],[8.15549,40.71435],[8.14848,40.72492],[8.13085,40.73276],[8.13792,40.73409],[8.13518,40.73784],[8.14669,40.73936],[8.1444,40.74387],[8.14926,40.74778],[8.15729,40.74871],[8.1608,40.76329],[8.16688,40.76663],[8.16388,40.776],[8.16771,40.78021],[8.16396,40.78103],[8.16141,40.7948],[8.17611,40.80081],[8.17908,40.81012],[8.18783,40.81182],[8.18407,40.81774],[8.19199,40.82151],[8.19055,40.82468],[8.19565,40.82837],[8.19088,40.83384],[8.19878,40.83659],[8.20744,40.84941],[8.21899,40.86868],[8.21606,40.88055],[8.2238,40.88631],[8.22269,40.89251],[8.21501,40.89696],[8.22031,40.90017],[8.20844,40.90343],[8.2011,40.91165],[8.19151,40.91326],[8.18883,40.91896],[8.19216,40.92283],[8.17664,40.93268],[8.17735,40.93891],[8.18465,40.93947],[8.18359,40.94742],[8.19061,40.95358],[8.18906,40.95715],[8.19801,40.96006],[8.20001,40.97238],[8.22289,40.9548],[8.23727,40.95345],[8.23483,40.94442],[8.23176,40.94434],[8.23441,40.93988],[8.23463,40.93687],[8.23351,40.93552],[8.23331,40.93971],[8.22408,40.93845],[8.22978,40.93816],[8.23028,40.93534],[8.22836,40.93654],[8.22638,40.93657],[8.22716,40.93073],[8.2349,40.92439],[8.23319,40.91005],[8.24957,40.89078],[8.27997,40.86513],[8.31515,40.84434],[8.32866,40.84528],[8.34761,40.83991],[8.35024,40.85046],[8.36282,40.85287],[8.38482,40.8511],[8.36205,40.85266],[8.35096,40.85013],[8.34806,40.83978],[8.35525,40.83942],[8.3554,40.8473],[8.35595,40.84728],[8.35642,40.83869],[8.37163,40.8365],[8.37246,40.84727],[8.37241,40.83763],[8.37392,40.83734],[8.37924,40.84841],[8.37954,40.83878],[8.39196,40.83786],[8.39211,40.84441],[8.39937,40.84837],[8.3926,40.84364],[8.39342,40.84047],[8.39934,40.83894],[8.40228,40.84132],[8.40439,40.83874],[8.40317,40.84144],[8.40588,40.8409],[8.39901,40.84514],[8.40596,40.84175],[8.40804,40.83782],[8.41676,40.84117],[8.41929,40.83592],[8.4259,40.83506],[8.43097,40.82973],[8.46222,40.81918],[8.47518,40.82012],[8.46731,40.81381],[8.49851,40.81381],[8.48764,40.82104],[8.52351,40.82366],[8.56438,40.83244],[8.59771,40.84581],[8.62115,40.86064],[8.63325,40.8824],[8.64976,40.89189],[8.68375,40.90309],[8.69979,40.91475],[8.70361,40.91574],[8.69835,40.91303],[8.70513,40.91104],[8.70264,40.91443],[8.70771,40.91385],[8.71254,40.91882],[8.72068,40.91293],[8.74368,40.91913],[8.76876,40.91584],[8.79114,40.92249],[8.80111,40.93012],[8.82103,40.93012],[8.81104,40.93721],[8.81037,40.93721],[8.83736,40.95788],[8.87235,40.99456],[8.87686,41.00937],[8.86941,41.01423],[8.87785,41.01758],[8.88586,41.01471],[8.88858,41.01733],[8.87944,41.02819],[8.89185,41.0257],[8.89122,41.02821],[8.90593,41.03671],[8.91855,41.03376],[8.92283,41.04203],[8.93171,41.0423],[8.93653,41.05158],[8.94827,41.05695],[8.97414,41.08291],[8.98016,41.08297],[8.98394,41.08696],[8.97996,41.09013],[8.9906,41.09897],[8.99075,41.10378],[8.99726,41.10448],[9.01192,41.12508],[9.0292,41.12717],[9.03054,41.13246],[9.04699,41.13809],[9.05969,41.12745],[9.08676,41.128],[9.11126,41.13562],[9.12326,41.14739],[9.11861,41.15152],[9.12057,41.15507],[9.13011,41.1527],[9.13275,41.15525],[9.13545,41.15278],[9.1524,41.15527],[9.15248,41.15862],[9.16793,41.16805],[9.171,41.17707],[9.1654,41.18002],[9.16675,41.18229],[9.15837,41.18352],[9.16262,41.19116],[9.15601,41.19253],[9.15343,41.19751],[9.16097,41.20409],[9.15864,41.20792],[9.16398,41.21169],[9.16736,41.22939],[9.15822,41.23602],[9.14848,41.23076],[9.14128,41.23231],[9.1418,41.23751],[9.1382,41.23842],[9.1439,41.24661],[9.14749,41.2428],[9.15133,41.24562],[9.16173,41.24252],[9.15839,41.23932],[9.1629,41.23545],[9.17334,41.24168],[9.17369,41.24681],[9.18458,41.24855],[9.18913,41.24514],[9.19318,41.24738],[9.19221,41.23314],[9.20455,41.24911],[9.2077,41.25055],[9.21407,41.24659],[9.21511,41.25471],[9.22535,41.25908],[9.23516,41.25904],[9.23622,41.24661],[9.23945,41.24488],[9.2446,41.24758],[9.2471,41.24138],[9.25605,41.24322],[9.26337,41.23696],[9.27149,41.23916],[9.27183,41.23318],[9.28051,41.22774],[9.28087,41.21536],[9.27239,41.20143],[9.26541,41.19986],[9.27051,41.20007],[9.2706,41.19498],[9.27995,41.1882],[9.28483,41.18874],[9.28645,41.18399],[9.28615,41.19237],[9.27976,41.19173],[9.27867,41.19823],[9.28313,41.20235],[9.28035,41.20371],[9.28294,41.20983],[9.28821,41.21338],[9.28779,41.21909],[9.30084,41.20218],[9.28893,41.19777],[9.29029,41.19293],[9.31419,41.19136],[9.32018,41.20266],[9.32247,41.19848],[9.31914,41.19363],[9.33301,41.18538],[9.3399,41.1906],[9.33026,41.19475],[9.33805,41.19935],[9.33806,41.20442],[9.34868,41.20766],[9.35419,41.20265],[9.36334,41.2075],[9.36997,41.1834],[9.38109,41.18765],[9.38416,41.17836],[9.39212,41.18192],[9.40738,41.17303],[9.40645,41.17629],[9.41073,41.17795],[9.42337,41.1777],[9.42166,41.16587],[9.4094,41.16244],[9.40532,41.15749],[9.42964,41.15603],[9.43304,41.14802],[9.43013,41.14278],[9.43683,41.14094],[9.43911,41.13373],[9.44598,41.13571],[9.43927,41.12634],[9.44027,41.11302],[9.44189,41.10972],[9.44378,41.11037],[9.44453,41.10968],[9.44474,41.10884],[9.44099,41.10893],[9.44066,41.10356],[9.44659,41.10129],[9.4438,41.10082],[9.44405,41.09895],[9.44977,41.09886],[9.44887,41.09617],[9.45017,41.09751],[9.44955,41.10804],[9.46164,41.11748],[9.4625,41.12445],[9.47201,41.12577],[9.46839,41.12999],[9.4725,41.13429],[9.46421,41.13624],[9.46702,41.14328],[9.47272,41.14074],[9.47699,41.14377],[9.48141,41.1404],[9.48564,41.14636],[9.4925,41.14366],[9.49478,41.13545],[9.49778,41.13593],[9.49634,41.14373],[9.50278,41.14478],[9.51057,41.13935],[9.51657,41.14368],[9.52085,41.14166],[9.50934,41.15117],[9.51725,41.15315],[9.51428,41.15611],[9.5265,41.15673],[9.53128,41.15171],[9.52636,41.14565],[9.53852,41.13791],[9.53031,41.13802],[9.53253,41.13504],[9.52631,41.13636],[9.52587,41.13423],[9.53713,41.1321],[9.53923,41.13655],[9.54613,41.13345],[9.53764,41.12231],[9.54055,41.11438],[9.54745,41.11255],[9.55426,41.1191],[9.56132,41.11972],[9.56975,41.10968],[9.56346,41.10218],[9.57032,41.10283],[9.57225,41.09969],[9.5657,41.09853],[9.56256,41.08449],[9.55307,41.07794],[9.54197,41.08248],[9.54567,41.08783],[9.54286,41.08983],[9.53387,41.08149],[9.529,41.06878],[9.53515,41.06432],[9.54127,41.06505],[9.5402,41.0604],[9.53328,41.06199],[9.53388,41.05487],[9.52798,41.05689],[9.52316,41.05281],[9.52655,41.04248],[9.52253,41.03681],[9.52478,41.03567],[9.52652,41.03276],[9.52457,41.0356],[9.52211,41.03527],[9.52522,41.03151],[9.52135,41.03162],[9.51545,41.02143],[9.51815,41.01706],[9.50812,41.01572],[9.50421,41.01042],[9.50982,41.00415],[9.50859,41.00783],[9.52392,41.01019],[9.52939,41.01689],[9.52819,41.02072],[9.52175,41.02065],[9.52744,41.02215],[9.52809,41.02982],[9.53157,41.03069],[9.53363,41.02633],[9.54326,41.02938],[9.54309,41.02766],[9.54398,41.02673],[9.54795,41.02988],[9.54358,41.02963],[9.54328,41.03101],[9.55429,41.03088],[9.55493,41.03688],[9.56032,41.03749],[9.56335,41.03468],[9.55592,41.03023],[9.56434,41.02708],[9.55097,41.00687],[9.55951,41.00133],[9.55894,41.00432],[9.56443,41.00947],[9.56954,41.00986],[9.57136,41.00448],[9.57206,41.00697],[9.5756,41.00776],[9.57276,41.00468],[9.57814,41.0035],[9.5762,41.01503],[9.57892,41.0165],[9.58588,41.01064],[9.58727,41.01486],[9.59187,41.01435],[9.5942,41.02266],[9.59852,41.01877],[9.60064,41.02099],[9.60754,41.01861],[9.61258,41.01061],[9.62061,41.00954],[9.62309,41.00431],[9.64223,41.00086],[9.65598,41.00427],[9.66331,40.99795],[9.66407,40.99441],[9.65155,40.98409],[9.64686,40.98748],[9.6339,40.98851],[9.62599,40.99453],[9.62187,40.99269],[9.6213,41.0015],[9.61106,41.00331],[9.60883,40.9977],[9.59891,40.9951],[9.59886,40.9885],[9.58931,40.9901],[9.58458,40.98682],[9.58652,40.98366],[9.58229,40.98342],[9.58433,40.97298],[9.59349,40.96784],[9.58822,40.9594],[9.58351,40.96075],[9.57921,40.95588],[9.57484,40.95825],[9.57711,40.95511],[9.58216,40.95571],[9.57724,40.95311],[9.57894,40.9463],[9.57254,40.94628],[9.56741,40.94042],[9.56836,40.93556],[9.57526,40.93397],[9.57502,40.92797],[9.56191,40.92394],[9.55586,40.92952],[9.53916,40.92582],[9.53441,40.93371],[9.52792,40.93481],[9.51847,40.92948],[9.50229,40.92757],[9.52448,40.92469],[9.52469,40.9222],[9.50782,40.92441],[9.50934,40.92179],[9.49444,40.91667],[9.50307,40.91825],[9.50221,40.91306],[9.50608,40.91123],[9.52388,40.91701],[9.52378,40.91525],[9.5273,40.91539],[9.52725,40.91808],[9.52983,40.91374],[9.53613,40.91561],[9.53613,40.91351],[9.53432,40.91351],[9.53613,40.91035],[9.54122,40.91351],[9.53913,40.9165],[9.55195,40.92032],[9.55413,40.91743],[9.55948,40.91799],[9.56099,40.92056],[9.56956,40.91188],[9.57546,40.91398],[9.57456,40.91351],[9.57597,40.91202],[9.57174,40.90789],[9.58809,40.89951],[9.59295,40.90605],[9.60585,40.9102],[9.60861,40.91769],[9.61355,40.91988],[9.61625,40.91928],[9.61608,40.91779],[9.61777,40.91754],[9.61836,40.92297],[9.63084,40.91753],[9.64432,40.91986],[9.6275,40.89865],[9.61545,40.89473],[9.61577,40.88972],[9.6286,40.88746],[9.62764,40.88325],[9.63576,40.88432],[9.64332,40.87306],[9.64962,40.87728],[9.64601,40.87785],[9.64576,40.87989],[9.65441,40.8798],[9.65272,40.87728],[9.6597,40.87403],[9.65371,40.87064],[9.65235,40.86108],[9.65768,40.85625],[9.6678,40.85293],[9.67759,40.86194],[9.688,40.85726],[9.69336,40.84641],[9.69945,40.84807],[9.70495,40.84137],[9.71358,40.84514],[9.72014,40.83979],[9.72537,40.84478],[9.72867,40.84422],[9.725,40.83811],[9.70894,40.83127],[9.70604,40.8341],[9.6984,40.83378],[9.697,40.83757],[9.68604,40.83523],[9.68554,40.83195],[9.6895,40.8311],[9.68255,40.82833],[9.68068,40.8229],[9.68829,40.81897],[9.68581,40.81561],[9.68933,40.81685],[9.69047,40.81429],[9.66797,40.81564],[9.66797,40.81381],[9.65504,40.81381],[9.66797,40.78987],[9.672,40.78931],[9.67142,40.78491],[9.67842,40.78086],[9.67517,40.78128],[9.67549,40.77916],[9.68676,40.76648],[9.69382,40.76656],[9.69284,40.76239],[9.6991,40.75985],[9.70102,40.75471],[9.70702,40.7555],[9.71769,40.75038],[9.71201,40.74604],[9.71555,40.74342],[9.71354,40.73883],[9.70799,40.74002],[9.71258,40.73886],[9.71344,40.73031],[9.71843,40.72761],[9.71276,40.72322],[9.71305,40.7215],[9.71191,40.72179],[9.71054,40.71396],[9.71435,40.71396],[9.715,40.7102],[9.72281,40.69991],[9.72966,40.69963],[9.73404,40.69409],[9.7383,40.69682],[9.75356,40.67376],[9.74155,40.63477],[9.74482,40.62241],[9.75021,40.61797],[9.74483,40.61395],[9.7527,40.61395],[9.75049,40.61235],[9.75484,40.61042],[9.75087,40.60722],[9.75328,40.59816],[9.75586,40.59551],[9.75586,40.58379],[9.75414,40.58059],[9.75586,40.58059],[9.75586,40.57928],[9.76482,40.58059],[9.76398,40.58089],[9.75759,40.59372],[9.76609,40.58496],[9.78074,40.58094],[9.79064,40.57146],[9.79425,40.5563],[9.79186,40.55056],[9.79596,40.54448],[9.82885,40.5286],[9.82142,40.49425],[9.79584,40.45055],[9.79102,40.44695],[9.79412,40.44695],[9.79636,40.44183],[9.78709,40.44227],[9.77757,40.43148],[9.77585,40.43022],[9.77647,40.43022],[9.77286,40.42614],[9.77349,40.40944],[9.76661,40.40018],[9.76671,40.39239],[9.75469,40.38137],[9.74202,40.38141],[9.73953,40.38003],[9.71958,40.38003],[9.73059,40.37508],[9.7257,40.37237],[9.71528,40.36441],[9.71656,40.36151],[9.71366,40.36357],[9.7156,40.36151],[9.70992,40.36053],[9.68241,40.33717],[9.68065,40.33077],[9.68078,40.33162],[9.67846,40.33255],[9.67553,40.32877],[9.6767,40.32474],[9.66564,40.32009],[9.63958,40.28122],[9.63638,40.28279],[9.62343,40.25041],[9.62282,40.23795],[9.62876,40.22463],[9.6258,40.20788],[9.62907,40.19129],[9.63555,40.17804],[9.64538,40.1709],[9.65452,40.15317],[9.6542,40.14344],[9.67982,40.12247],[9.68922,40.10835],[9.72943,40.09064],[9.73552,40.07674],[9.72717,40.07003],[9.72199,40.04896],[9.70554,40.03339],[9.70771,40.02729],[9.69992,40.01767],[9.69992,40.00028],[9.68679,39.98417],[9.68689,39.96617],[9.66797,39.95493],[9.65996,39.94344],[9.66797,39.93432],[9.68718,39.94344],[9.68858,39.9463],[9.6956,39.93911],[9.70272,39.94059],[9.69979,39.93588],[9.7079,39.93835],[9.70248,39.94468],[9.71282,39.93878],[9.71046,39.93533],[9.71582,39.93299],[9.71592,39.92875],[9.71225,39.92174],[9.70597,39.92465],[9.70444,39.91834],[9.69766,39.92099],[9.69149,39.91743],[9.68175,39.89882],[9.68114,39.88202],[9.68559,39.87818],[9.68274,39.86945],[9.69683,39.85396],[9.68362,39.83837],[9.67159,39.79888],[9.67079,39.79166],[9.66426,39.79166],[9.66797,39.78464],[9.6701,39.78542],[9.66827,39.76899],[9.67511,39.75129],[9.67365,39.74506],[9.67691,39.74418],[9.67374,39.72072],[9.67698,39.71091],[9.67014,39.70673],[9.67,39.70066],[9.66008,39.69728],[9.66434,39.68262],[9.66029,39.66773],[9.65181,39.66452],[9.64713,39.65138],[9.65778,39.6004],[9.6578,39.57833],[9.65655,39.56906],[9.64962,39.56077],[9.65346,39.55234],[9.63963,39.54137],[9.63187,39.50444],[9.62402,39.5073],[9.6223,39.50404],[9.63179,39.50404],[9.63152,39.50276],[9.63319,39.49667],[9.64395,39.49321],[9.64567,39.4892],[9.64131,39.48281],[9.6462,39.46233],[9.63902,39.45001],[9.6426,39.44603],[9.64233,39.43897],[9.64018,39.44218],[9.63975,39.43802],[9.63188,39.43424],[9.61558,39.40288],[9.61485,39.40224],[9.61514,39.40203],[9.60755,39.38742],[9.60677,39.38526],[9.60205,39.38526],[9.60205,39.37627],[9.60409,39.37785],[9.60128,39.37008],[9.59953,39.34597],[9.59776,39.34716],[9.59672,39.34591],[9.60437,39.31914],[9.61309,39.31149],[9.621,39.31054],[9.62041,39.30715],[9.6294,39.30609],[9.63423,39.29926],[9.63225,39.29519],[9.62185,39.29846],[9.61275,39.29724],[9.61325,39.29414],[9.60882,39.29502],[9.60212,39.29065],[9.58725,39.273],[9.57286,39.2469],[9.56794,39.22424],[9.56954,39.20971],[9.56489,39.20682],[9.56285,39.19495],[9.5648,39.18901],[9.57785,39.18416],[9.57961,39.17631],[9.56974,39.17107],[9.5673,39.14727],[9.55801,39.1372],[9.55843,39.13184],[9.55363,39.13514],[9.5472,39.13193],[9.53903,39.13303],[9.5383,39.1295],[9.53613,39.12932],[9.53613,39.13006],[9.51959,39.13006],[9.52685,39.12449],[9.52569,39.12347],[9.51889,39.11298],[9.52349,39.11084],[9.51829,39.10486],[9.52324,39.09479],[9.51772,39.09861],[9.51492,39.09718],[9.51021,39.10664],[9.502,39.10851],[9.50539,39.11075],[9.50482,39.11976],[9.50742,39.11678],[9.50978,39.12116],[9.50308,39.13107],[9.48454,39.13556],[9.4679,39.13045],[9.46651,39.12714],[9.45494,39.13014],[9.44671,39.12554],[9.44113,39.12741],[9.43738,39.1221],[9.43066,39.13345],[9.41745,39.13418],[9.40619,39.14432],[9.40099,39.14104],[9.39226,39.14473],[9.39428,39.15542],[9.38344,39.1578],[9.3851,39.16194],[9.37089,39.16949],[9.37119,39.17369],[9.34651,39.18075],[9.33885,39.19343],[9.32631,39.19904],[9.32369,39.19745],[9.32151,39.20423],[9.31133,39.20592],[9.30397,39.20443],[9.30062,39.20471],[9.30426,39.20498],[9.30453,39.2072],[9.30185,39.20524],[9.29717,39.21312],[9.27364,39.21259],[9.26316,39.21705],[9.24739,39.21643],[9.23014,39.228],[9.20668,39.2261],[9.18184,39.21654],[9.17805,39.21372],[9.16363,39.23225],[9.14063,39.24],[9.13658,39.23225],[9.14063,39.2193],[9.17217,39.20934],[9.16563,39.20448],[9.15997,39.19392],[9.16901,39.18851],[9.15942,39.18071],[9.15181,39.18641],[9.14681,39.18292],[9.12818,39.19985],[9.11478,39.19928],[9.10947,39.19535],[9.11463,39.19958],[9.1308,39.20092],[9.12389,39.20135],[9.126,39.20317],[9.11894,39.20862],[9.11324,39.20694],[9.11545,39.21164],[9.10999,39.21402],[9.10869,39.20872],[9.10404,39.2113],[9.10555,39.20729],[9.09846,39.21602],[9.10005,39.2077],[9.11001,39.20278],[9.11079,39.20122],[9.09993,39.20759],[9.09668,39.21412],[9.09668,39.25708],[9.06893,39.23225],[9.09358,39.2147],[9.09097,39.21129],[9.09349,39.20802],[9.09572,39.20316],[9.09722,39.19858],[9.0973,39.19577],[9.09679,39.19474],[9.09235,39.20911],[9.08458,39.20457],[9.05974,39.22348],[9.05644,39.21669],[9.06573,39.21506],[9.08113,39.20236],[9.07671,39.19931],[9.09392,39.19246],[9.08077,39.19661],[9.07351,39.20099],[9.06444,39.19275],[9.06195,39.1944],[9.0631,39.19311],[9.06513,39.19249],[9.06122,39.19337],[9.05544,39.18849],[9.03227,39.16504],[9.00879,39.17911],[9.00879,39.13741],[9.02253,39.15211],[9.00863,39.12357],[9.01583,39.10859],[9.01659,39.08652],[9.04586,39.05621],[9.04099,39.04182],[9.03437,39.03707],[9.03507,39.03107],[9.03409,39.02926],[9.03333,39.03137],[9.0292,39.02925],[9.02433,39.02011],[9.02689,39.01588],[9.02332,39.00658],[9.02725,39.00045],[9.01795,38.99653],[9.01375,38.99031],[9.02117,38.98402],[9.01481,38.98237],[9.01185,38.98714],[9.00089,38.98407],[9.01271,38.98784],[9.00046,38.98934],[9.00235,38.98573],[8.99448,38.98316],[8.99823,38.9774],[8.99079,38.97535],[8.97029,38.95683],[8.91906,38.92372],[8.90407,38.90529],[8.88576,38.89479],[8.88005,38.89537],[8.85556,38.87598],[8.85414,38.87868],[8.8432,38.8759],[8.83871,38.88063],[8.83266,38.87735],[8.82696,38.88408],[8.82772,38.89058],[8.82378,38.88918],[8.81669,38.89515],[8.80751,38.89181],[8.80604,38.90312],[8.8034,38.9047],[8.79889,38.89503],[8.80261,38.89082],[8.80056,38.88413],[8.79433,38.89483],[8.77717,38.90421],[8.78071,38.91286],[8.7614,38.91675],[8.73155,38.9308],[8.71931,38.94084],[8.71672,38.93939],[8.7236,38.93182],[8.7164,38.92805],[8.72138,38.92727],[8.71807,38.92264],[8.71251,38.925],[8.71005,38.91994],[8.70367,38.92079],[8.7009,38.91614],[8.69359,38.91865],[8.68151,38.90915],[8.67207,38.90801],[8.66397,38.91241],[8.67059,38.89747],[8.66481,38.89391],[8.65379,38.89784],[8.64814,38.89042],[8.64907,38.88575],[8.65923,38.88226],[8.65536,38.87744],[8.65931,38.86918],[8.64408,38.86841],[8.6455,38.86405],[8.63995,38.86493],[8.63703,38.86878],[8.64868,38.87527],[8.64071,38.88007],[8.64666,38.89411],[8.63562,38.89601],[8.62149,38.89035],[8.60674,38.89289],[8.60694,38.9055],[8.6214,38.91815],[8.6181,38.9277],[8.62322,38.93891],[8.609,38.95941],[8.61328,38.95941],[8.61328,38.95378],[8.63198,38.95941],[8.61328,38.97535],[8.58743,38.96571],[8.57297,38.97849],[8.57684,38.9828],[8.57194,38.98436],[8.57253,38.99062],[8.56501,38.99988],[8.56659,39.0121],[8.57396,39.01566],[8.57624,39.02152],[8.58666,39.02772],[8.56934,39.04244],[8.56832,39.0421],[8.56077,39.04675],[8.54858,39.04437],[8.53445,39.05318],[8.5363,39.05812],[8.51856,39.0617],[8.51527,39.06185],[8.52539,39.06185],[8.52539,39.07188],[8.48145,39.07249],[8.47796,39.06389],[8.47778,39.06977],[8.4885,39.08459],[8.48509,39.08454],[8.48725,39.08913],[8.4834,39.08381],[8.48058,39.08324],[8.48553,39.08816],[8.47721,39.09512],[8.47338,39.11187],[8.46096,39.12118],[8.44215,39.11648],[8.43682,39.11133],[8.44018,39.11742],[8.43308,39.13021],[8.43886,39.13807],[8.43539,39.14271],[8.43808,39.15557],[8.41067,39.17357],[8.41192,39.16615],[8.40761,39.16315],[8.41904,39.15904],[8.41207,39.15903],[8.41735,39.15485],[8.41263,39.15113],[8.40683,39.15863],[8.39966,39.18894],[8.39154,39.19225],[8.39736,39.19012],[8.39924,39.19828],[8.39219,39.2],[8.38972,39.19429],[8.38644,39.19309],[8.39014,39.19789],[8.37962,39.20329],[8.37987,39.19978],[8.36812,39.21372],[8.36669,39.22811],[8.40107,39.25204],[8.41093,39.26432],[8.42327,39.26755],[8.43683,39.28987],[8.4324,39.31127],[8.41812,39.32277],[8.42042,39.33252],[8.41593,39.33606],[8.39674,39.33761],[8.39273,39.34307],[8.39504,39.34926],[8.38486,39.35268],[8.38914,39.35447],[8.38593,39.35669],[8.3899,39.36483],[8.37636,39.36857],[8.37302,39.37471],[8.37593,39.37686],[8.37972,39.37433],[8.37843,39.3824],[8.38289,39.38476],[8.38588,39.39464],[8.39241,39.39578],[8.39559,39.39845],[8.39457,39.39976],[8.39808,39.4036],[8.39901,39.40071],[8.39987,39.40343],[8.39696,39.40447],[8.40296,39.40501],[8.41276,39.42683],[8.41094,39.44112],[8.38999,39.4466],[8.38966,39.45231],[8.37953,39.45579],[8.38632,39.46346],[8.3848,39.47094],[8.39697,39.48114],[8.39707,39.48574],[8.40688,39.48948],[8.44731,39.53976],[8.45386,39.55125],[8.45496,39.5635],[8.46462,39.57742],[8.46469,39.59222],[8.47046,39.59819],[8.47036,39.60435],[8.46438,39.60758],[8.46559,39.61612],[8.45957,39.61663],[8.46018,39.61979],[8.452,39.62312],[8.44816,39.63533],[8.45396,39.64264],[8.45013,39.64501],[8.44982,39.65696],[8.4601,39.66761],[8.44583,39.67549],[8.44764,39.68122],[8.44219,39.68317],[8.45054,39.6895],[8.4556,39.70892],[8.45297,39.7133],[8.4448,39.71246],[8.45036,39.72731],[8.44506,39.73164],[8.4492,39.74002],[8.44361,39.75823],[8.4497,39.76152],[8.45134,39.76952],[8.4599,39.76837],[8.47186,39.74882],[8.48251,39.7376],[8.4815,39.7379],[8.49385,39.71657],[8.48862,39.71552],[8.49518,39.71428],[8.49928,39.70719],[8.51176,39.69626],[8.52539,39.68796],[8.56455,39.6734],[8.54736,39.70719],[8.53318,39.71281],[8.52539,39.72522],[8.51024,39.72959],[8.51309,39.73057],[8.50992,39.73248],[8.51722,39.74099],[8.52539,39.74099],[8.52539,39.7545],[8.53797,39.77477],[8.53519,39.77556],[8.54524,39.79451],[8.54738,39.80854],[8.57916,39.80854],[8.56934,39.82495],[8.54862,39.81666],[8.55061,39.82973],[8.5524,39.82688],[8.55355,39.82947],[8.55336,39.85953],[8.54531,39.86008],[8.53707,39.86552],[8.54564,39.86031],[8.55615,39.86225],[8.56588,39.856],[8.56504,39.86297],[8.56934,39.86372],[8.56934,39.85459],[8.61328,39.86332],[8.62138,39.87602],[8.61328,39.87602],[8.61328,39.88924],[8.5957,39.87602],[8.5792,39.87602],[8.56934,39.87959],[8.56934,39.87602],[8.5658,39.87602],[8.56934,39.86855],[8.56934,39.86393],[8.55216,39.86348],[8.55038,39.86718]]]}},{"type":"Feature","properties":{"kind":"coast","area_km2":20951.187},"geometry":{"type":"Polygon","coordinates":[[[15.30825,37.04168],[15.3063,37.03952],[15.3149,37.03702],[15.3191,37.02362],[15.33087,37.01751],[15.33648,37.00195],[15.31334,37.00387],[15.30212,37.01537],[15.28368,37.00542],[15.2749,37.00703],[15.26455,36.99686],[15.26943,36.99231],[15.26409,36.98987],[15.26925,36.98599],[15.26182,36.98313],[15.26132,36.97963],[15.25494,36.98042],[15.26022,36.97852],[15.2618,36.97396],[15.23599,36.97264],[15.21967,36.96243],[15.20935,36.96398],[15.20532,36.95936],[15.21,36.95528],[15.2078,36.95305],[15.20289,36.95491],[15.1867,36.94614],[15.17749,36.93644],[15.17314,36.92395],[15.15929,36.92004],[15.15308,36.91427],[15.13727,36.88041],[15.13672,36.86635],[15.13092,36.86762],[15.11909,36.85988],[15.10553,36.83751],[15.11036,36.81877],[15.10616,36.80613],[15.09414,36.79931],[15.0986,36.79081],[15.09468,36.77784],[15.10112,36.76993],[15.10229,36.7588],[15.11078,36.74704],[15.11855,36.74442],[15.11743,36.73608],[15.12136,36.73565],[15.1234,36.73373],[15.11802,36.73328],[15.12233,36.73315],[15.11972,36.72102],[15.12372,36.70142],[15.14073,36.6854],[15.13165,36.66676],[15.12137,36.66859],[15.12745,36.67178],[15.11576,36.67491],[15.10878,36.66956],[15.11317,36.66615],[15.10003,36.66241],[15.09927,36.65856],[15.07979,36.64679],[15.07037,36.65899],[15.06136,36.66233],[15.05523,36.66084],[15.05196,36.67797],[15.0431,36.68857],[15.0186,36.70206],[14.99902,36.70275],[14.9921,36.70024],[14.99118,36.69451],[14.98535,36.69556],[14.98535,36.70366],[14.97363,36.70366],[14.98346,36.69589],[14.98314,36.69595],[14.97204,36.69182],[14.95662,36.69416],[14.91113,36.72373],[14.89535,36.7297],[14.87594,36.73107],[14.83617,36.72269],[14.83097,36.71829],[14.83487,36.71885],[14.83253,36.71256],[14.83243,36.71655],[14.82693,36.71496],[14.83169,36.70912],[14.83938,36.7078],[14.83119,36.70864],[14.82591,36.7157],[14.81847,36.71692],[14.79898,36.70746],[14.78105,36.70381],[14.78258,36.70691],[14.77736,36.71096],[14.75738,36.71053],[14.75466,36.71653],[14.74658,36.72003],[14.73366,36.7174],[14.7278,36.72161],[14.70438,36.717],[14.68955,36.72144],[14.67175,36.74167],[14.6498,36.75068],[14.62942,36.76522],[14.60484,36.76862],[14.58949,36.77654],[14.5556,36.78255],[14.54752,36.77873],[14.54819,36.78256],[14.54353,36.78214],[14.54846,36.77765],[14.51561,36.78734],[14.49309,36.78649],[14.47944,36.79936],[14.47895,36.80492],[14.46613,36.81568],[14.45898,36.81626],[14.457,36.83766],[14.43667,36.88368],[14.42886,36.89042],[14.42465,36.89006],[14.42292,36.89159],[14.42749,36.89044],[14.4278,36.89205],[14.42187,36.89253],[14.42148,36.88886],[14.42095,36.89237],[14.42568,36.89428],[14.42079,36.90599],[14.37654,36.96399],[14.32624,37.0108],[14.33651,37.0201],[14.32617,37.02822],[14.32617,37.01086],[14.30603,37.0296],[14.25998,37.05844],[14.23826,37.06687],[14.22985,37.06279],[14.2316,37.06758],[14.22893,37.06375],[14.2007,37.08031],[14.15467,37.09572],[14.06793,37.11094],[14.03651,37.1061],[14.00326,37.10959],[13.9745,37.10853],[13.94659,37.1004],[13.94775,37.09849],[13.94713,37.09312],[13.94401,37.0853],[13.94322,37.0847],[13.94571,37.09758],[13.94211,37.09728],[13.94333,37.09151],[13.9379,37.09138],[13.9417,37.09357],[13.93894,37.09698],[13.93502,37.09616],[13.93528,37.09252],[13.93417,37.0919],[13.93169,37.09487],[13.93365,37.09023],[13.93873,37.08878],[13.93966,37.0845],[13.93313,37.09044],[13.93065,37.09631],[13.92688,37.09825],[13.90378,37.09532],[13.88174,37.1028],[13.8759,37.10167],[13.86917,37.10946],[13.85832,37.11227],[13.85694,37.1194],[13.84445,37.13313],[13.8243,37.14438],[13.77417,37.14553],[13.75011,37.1495],[13.72624,37.17025],[13.71062,37.17196],[13.68194,37.18928],[13.66135,37.19399],[13.65557,37.21181],[13.63843,37.2302],[13.62571,37.23568],[13.62079,37.23294],[13.59618,37.25695],[13.57895,37.2593],[13.57766,37.26238],[13.57863,37.25824],[13.57611,37.26214],[13.57885,37.26542],[13.55556,37.28562],[13.54188,37.28627],[13.53765,37.28158],[13.53337,37.28814],[13.53259,37.28767],[13.53304,37.28436],[13.53189,37.28181],[13.52836,37.27976],[13.53254,37.28398],[13.53017,37.28749],[13.52883,37.28398],[13.52409,37.2865],[13.52744,37.27473],[13.52367,37.2848],[13.51005,37.29135],[13.48486,37.28923],[13.48102,37.28591],[13.46486,37.29504],[13.44856,37.2933],[13.44334,37.30043],[13.42583,37.30595],[13.42521,37.31154],[13.41706,37.31489],[13.40351,37.3324],[13.38891,37.33338],[13.37683,37.34559],[13.36319,37.34914],[13.35047,37.35881],[13.32184,37.36331],[13.30908,37.37891],[13.29224,37.38994],[13.28201,37.39205],[13.27233,37.38919],[13.25389,37.4244],[13.23714,37.43335],[13.21829,37.45856],[13.20809,37.46467],[13.19627,37.46509],[13.18823,37.47904],[13.16927,37.49209],[13.14666,37.49754],[13.1308,37.49255],[13.09231,37.50376],[13.08585,37.50414],[13.08119,37.5006],[13.07826,37.50012],[13.0756,37.50051],[13.08352,37.50246],[13.07876,37.50213],[13.08366,37.5045],[13.07787,37.5057],[13.07664,37.50227],[13.07357,37.50553],[13.05356,37.50408],[13.03915,37.49585],[13.02894,37.4977],[13.02011,37.49528],[13.01271,37.49985],[13.01359,37.51024],[12.9893,37.54061],[12.9617,37.56363],[12.94329,37.57232],[12.91603,37.57724],[12.90682,37.57246],[12.8968,37.57709],[12.86341,37.58237],[12.84176,37.58027],[12.81681,37.58248],[12.76408,37.57886],[12.68213,37.55972],[12.67296,37.56008],[12.66662,37.56603],[12.66186,37.5658],[12.62768,37.60395],[12.61366,37.6353],[12.60658,37.64135],[12.59093,37.64995],[12.59033,37.64974],[12.59033,37.65245],[12.58594,37.64903],[12.5883,37.64903],[12.58274,37.64711],[12.58662,37.65111],[12.57929,37.65114],[12.58624,37.64233],[12.57968,37.64641],[12.57884,37.65369],[12.55955,37.6629],[12.54274,37.66172],[12.53637,37.65732],[12.51795,37.66128],[12.50714,37.67317],[12.49911,37.67572],[12.49191,37.68888],[12.48545,37.69],[12.48388,37.6952],[12.46979,37.70512],[12.47528,37.71007],[12.46681,37.71967],[12.47184,37.72324],[12.46822,37.72631],[12.47195,37.74192],[12.45993,37.75864],[12.45498,37.77351],[12.44459,37.78632],[12.43924,37.78671],[12.44336,37.78815],[12.43321,37.79391],[12.43707,37.78735],[12.43483,37.7834],[12.43494,37.78843],[12.42425,37.80207],[12.44024,37.81308],[12.44437,37.82155],[12.44068,37.80987],[12.46114,37.81664],[12.4687,37.82778],[12.46475,37.84752],[12.47492,37.8524],[12.47755,37.85751],[12.48254,37.85751],[12.48047,37.86295],[12.48033,37.86291],[12.48591,37.87376],[12.48228,37.88175],[12.47283,37.88439],[12.4664,37.89262],[12.46843,37.90277],[12.46252,37.90185],[12.45825,37.908],[12.49625,37.95303],[12.49791,37.96224],[12.52441,37.98482],[12.52915,37.99616],[12.52441,38.00771],[12.5156,38.00943],[12.51552,38.0098],[12.51988,38.00927],[12.5183,38.01236],[12.5221,38.01316],[12.52116,38.01427],[12.50345,38.01434],[12.50461,38.01309],[12.50148,38.0134],[12.49753,38.01648],[12.49649,38.01397],[12.49426,38.01484],[12.49153,38.01693],[12.49829,38.01737],[12.49612,38.02053],[12.50852,38.01695],[12.52034,38.02244],[12.52774,38.02908],[12.52625,38.03349],[12.53348,38.03434],[12.54296,38.04519],[12.55449,38.05126],[12.56173,38.0656],[12.57734,38.07052],[12.58623,38.06641],[12.59619,38.06926],[12.60035,38.06494],[12.60656,38.06497],[12.63904,38.07518],[12.64774,38.08498],[12.66214,38.09307],[12.65741,38.102],[12.65996,38.11135],[12.67796,38.11395],[12.68873,38.10542],[12.71048,38.10897],[12.72901,38.12555],[12.72617,38.13043],[12.73775,38.13944],[12.71574,38.17674],[12.73065,38.18935],[12.73466,38.18859],[12.73231,38.18305],[12.73672,38.1815],[12.73154,38.18072],[12.73726,38.1763],[12.76652,38.18009],[12.77147,38.17529],[12.76739,38.15666],[12.77091,38.15037],[12.77943,38.15091],[12.78324,38.13991],[12.79095,38.1352],[12.78725,38.12098],[12.78965,38.10965],[12.80247,38.09716],[12.81133,38.07945],[12.81659,38.08],[12.82683,38.06638],[12.84001,38.06206],[12.83863,38.05833],[12.84269,38.05551],[12.85036,38.05671],[12.8548,38.0495],[12.85878,38.0478],[12.86273,38.05243],[12.86487,38.04986],[12.86854,38.05156],[12.87137,38.0366],[12.87438,38.03365],[12.88127,38.03468],[12.88567,38.03374],[12.87659,38.03341],[12.87865,38.02912],[12.88206,38.03119],[12.89271,38.02447],[12.90285,38.02454],[12.93863,38.02949],[12.97435,38.03905],[12.99877,38.04845],[13.00265,38.05194],[13.00126,38.05585],[13.00466,38.05893],[13.00277,38.05332],[13.03024,38.06351],[13.03972,38.07383],[13.03977,38.07138],[13.05343,38.07285],[13.0777,38.08758],[13.07832,38.09397],[13.07012,38.10252],[13.07252,38.11016],[13.06814,38.12077],[13.0524,38.1388],[13.05925,38.13864],[13.063,38.14372],[13.07232,38.14177],[13.07225,38.15163],[13.08083,38.15479],[13.07921,38.15952],[13.08138,38.15601],[13.08391,38.15953],[13.0806,38.16019],[13.08499,38.16167],[13.07735,38.17197],[13.10574,38.19079],[13.12422,38.19165],[13.14324,38.18237],[13.14896,38.18646],[13.16023,38.18577],[13.1635,38.17079],[13.1911,38.16924],[13.21445,38.17473],[13.23642,38.18537],[13.24413,38.19323],[13.24145,38.20395],[13.24833,38.19873],[13.26543,38.19991],[13.2687,38.20367],[13.27411,38.19815],[13.2819,38.20596],[13.28124,38.21125],[13.28513,38.20938],[13.2955,38.21738],[13.31641,38.22459],[13.32296,38.21375],[13.33067,38.21199],[13.32564,38.20553],[13.33002,38.19895],[13.34658,38.19105],[13.35864,38.19187],[13.3657,38.18232],[13.36682,38.16842],[13.37663,38.15246],[13.36878,38.1427],[13.37214,38.1442],[13.3778,38.13246],[13.37371,38.14065],[13.37162,38.13742],[13.3697,38.14004],[13.36972,38.13589],[13.37297,38.13359],[13.37568,38.12644],[13.38051,38.12243],[13.37511,38.12631],[13.37259,38.13293],[13.3705,38.13054],[13.36797,38.13259],[13.36856,38.13671],[13.36266,38.13398],[13.3657,38.13037],[13.3628,38.12987],[13.37037,38.12293],[13.36707,38.11926],[13.37249,38.12246],[13.37192,38.12608],[13.37278,38.1224],[13.37171,38.12062],[13.38369,38.10887],[13.40491,38.09996],[13.4285,38.09916],[13.44229,38.0948],[13.49116,38.10235],[13.50508,38.10785],[13.50752,38.11938],[13.5316,38.1101],[13.53777,38.11269],[13.5395,38.10916],[13.5338,38.10195],[13.53997,38.09734],[13.54262,38.08783],[13.54216,38.08732],[13.54101,38.08978],[13.5404,38.08994],[13.53675,38.08247],[13.54416,38.07556],[13.53642,38.0673],[13.54083,38.05781],[13.56645,38.0387],[13.59266,38.02704],[13.59958,38.02773],[13.61202,38.01768],[13.61968,38.0187],[13.61414,38.0166],[13.61822,38.01759],[13.61813,38.0124],[13.63702,38.00797],[13.65216,37.99779],[13.66496,37.99408],[13.70665,37.9918],[13.72138,37.98705],[13.70364,37.98989],[13.70455,37.98586],[13.70939,37.98655],[13.70619,37.98378],[13.71256,37.98411],[13.70619,37.98341],[13.70958,37.97784],[13.73746,37.97547],[13.74259,37.97048],[13.75278,37.97062],[13.75234,37.97473],[13.75393,37.99009],[13.75295,37.97074],[13.79366,37.97512],[13.7926,37.98062],[13.79287,37.98075],[13.79437,37.97494],[13.79976,37.97565],[13.86679,37.99288],[13.91022,38.0103],[13.94957,38.03099],[13.95759,38.02877],[13.97137,38.0338],[13.9843,38.02934],[13.99874,38.03541],[14.00604,38.03231],[14.02186,38.04164],[14.03728,38.04149],[14.03169,38.04003],[14.03233,38.03647],[14.03959,38.03677],[14.04091,38.03059],[14.06513,38.01844],[14.08792,38.02049],[14.10721,38.01462],[14.1263,38.01682],[14.1424,38.02321],[14.14728,38.03016],[14.15,38.02871],[14.15,37.85],[15.29733,37.85],[15.29829,37.84411],[15.28591,37.84749],[15.27307,37.83575],[15.26919,37.82791],[15.27345,37.82427],[15.27615,37.82713],[15.2767,37.82176],[15.24519,37.79692],[15.21177,37.75393],[15.20479,37.73642],[15.20989,37.7283],[15.21048,37.73511],[15.20981,37.72716],[15.21941,37.70864],[15.19931,37.67707],[15.19605,37.66242],[15.19933,37.65553],[15.17435,37.63249],[15.17717,37.62541],[15.17252,37.61005],[15.17682,37.57618],[15.16637,37.57199],[15.16389,37.56099],[15.14919,37.55688],[15.14298,37.54319],[15.11995,37.53124],[15.11245,37.53168],[15.11777,37.52352],[15.1086,37.51901],[15.10511,37.50809],[15.09671,37.5033],[15.09923,37.50044],[15.10049,37.49128],[15.09985,37.48389],[15.09875,37.50031],[15.09582,37.50143],[15.09512,37.49529],[15.094,37.50028],[15.09024,37.49964],[15.09103,37.49243],[15.09519,37.49224],[15.09119,37.48843],[15.0955,37.48771],[15.09068,37.48788],[15.08588,37.48125],[15.08606,37.4565],[15.09225,37.40642],[15.09169,37.35566],[15.09502,37.33815],[15.09134,37.33522],[15.09522,37.33522],[15.09522,37.33713],[15.09848,37.31995],[15.10486,37.31032],[15.1347,37.30978],[15.16173,37.28924],[15.17142,37.29328],[15.18464,37.28766],[15.18611,37.28242],[15.1865,37.28595],[15.18899,37.28182],[15.19457,37.28237],[15.19724,37.29237],[15.2066,37.29337],[15.22098,37.27286],[15.24101,37.26049],[15.24616,37.2462],[15.25741,37.24375],[15.25231,37.24007],[15.25396,37.23367],[15.24695,37.23182],[15.23188,37.24263],[15.22523,37.24047],[15.22266,37.23355],[15.22498,37.23054],[15.2259,37.23325],[15.22352,37.22345],[15.22844,37.22106],[15.22643,37.21275],[15.2164,37.22406],[15.21654,37.23637],[15.22002,37.23603],[15.22064,37.23702],[15.21577,37.23913],[15.21664,37.24499],[15.21331,37.24775],[15.20636,37.24517],[15.19752,37.23538],[15.18962,37.23592],[15.19469,37.22415],[15.18345,37.21601],[15.18168,37.20873],[15.18588,37.18928],[15.19729,37.18414],[15.20151,37.17788],[15.19936,37.16404],[15.20508,37.15466],[15.20508,37.14878],[15.20976,37.15251],[15.22054,37.14997],[15.22693,37.15295],[15.2259,37.15838],[15.23322,37.15912],[15.24461,37.14598],[15.2296,37.15254],[15.22411,37.15043],[15.22007,37.1434],[15.22128,37.12828],[15.23204,37.12276],[15.23755,37.11486],[15.25157,37.10989],[15.25206,37.11442],[15.26274,37.10593],[15.27828,37.1063],[15.28205,37.11035],[15.29594,37.10649],[15.3014,37.08002],[15.29594,37.07744],[15.29349,37.06813],[15.2887,37.06673],[15.29162,37.06465],[15.29125,37.06703],[15.29761,37.06715],[15.29653,37.05256],[15.29102,37.05788],[15.291,37.06402],[15.28642,37.06151],[15.28309,37.06446],[15.27811,37.06531],[15.271,37.05617],[15.271,37.05786],[15.26863,37.05518],[15.2705,37.05398],[15.27699,37.04455],[15.27735,37.03669],[15.28942,37.0326],[15.29868,37.04196],[15.30825,37.04168]]]}},{"type":"Feature","properties":{"kind":"coast","area_km2":8852.9091},"geometry":{"type":"Polygon","coordinates":[[[9.34752,41.57509],[9.35,41.5657],[9.34316,41.55901],[9.33103,41.55988],[9.3195,41.55437],[9.31973,41.5515],[9.3103,41.55003],[9.30905,41.54392],[9.30275,41.54567],[9.28724,41.5295],[9.27692,41.53191],[9.27301,41.53003],[9.27264,41.52336],[9.27949,41.52273],[9.28452,41.51741],[9.27752,41.5061],[9.26817,41.50028],[9.27704,41.49533],[9.28315,41.50039],[9.28777,41.49411],[9.28353,41.48941],[9.28771,41.48398],[9.2843,41.47771],[9.27822,41.47668],[9.27567,41.47085],[9.27045,41.47264],[9.26682,41.47039],[9.26827,41.46695],[9.2778,41.46414],[9.27284,41.46139],[9.2661,41.46606],[9.25923,41.46202],[9.25925,41.45618],[9.25275,41.45494],[9.24374,41.44674],[9.22421,41.44273],[9.21973,41.44273],[9.22362,41.43987],[9.22306,41.43575],[9.22895,41.42564],[9.22532,41.42361],[9.22675,41.41739],[9.22202,41.41408],[9.21557,41.41459],[9.20961,41.41327],[9.21971,41.41339],[9.21595,41.40962],[9.22272,41.40449],[9.23657,41.41672],[9.25802,41.42833],[9.26488,41.42837],[9.26559,41.42473],[9.25862,41.41879],[9.25978,41.41364],[9.25083,41.41009],[9.23077,41.38329],[9.22179,41.37708],[9.22039,41.3665],[9.2142,41.36853],[9.20038,41.36459],[9.19833,41.36785],[9.18047,41.36574],[9.16944,41.38445],[9.14833,41.38628],[9.15026,41.38853],[9.16392,41.38807],[9.16482,41.3897],[9.15173,41.39152],[9.14441,41.38672],[9.13535,41.39446],[9.12673,41.39418],[9.1329,41.39979],[9.10612,41.39555],[9.09916,41.39126],[9.09383,41.39374],[9.09593,41.39909],[9.09153,41.39807],[9.09101,41.40171],[9.09524,41.41233],[9.10905,41.42012],[9.1048,41.42175],[9.10485,41.42747],[9.11886,41.43369],[9.11902,41.44096],[9.12229,41.44135],[9.12059,41.44344],[9.1155,41.44033],[9.10735,41.44089],[9.10765,41.4459],[9.09847,41.44254],[9.09414,41.44991],[9.0826,41.44145],[9.06922,41.44515],[9.06577,41.45013],[9.0674,41.46558],[9.07689,41.47253],[9.07837,41.47825],[9.06876,41.47553],[9.05189,41.45896],[9.04748,41.4612],[9.04001,41.45683],[9.03929,41.4693],[9.03545,41.47103],[9.02983,41.46824],[9.02479,41.46143],[9.02513,41.46592],[9.01821,41.46704],[9.01387,41.47234],[9.01804,41.47806],[9.0036,41.47479],[8.99763,41.47843],[8.9957,41.48557],[8.98261,41.47382],[8.98154,41.47896],[8.97616,41.47967],[8.97328,41.48502],[8.96506,41.48256],[8.96661,41.48865],[8.96105,41.49253],[8.94073,41.48906],[8.93286,41.49584],[8.921,41.4891],[8.91975,41.50081],[8.91312,41.50816],[8.8917,41.50833],[8.88387,41.50544],[8.88245,41.50842],[8.89105,41.51722],[8.88501,41.51753],[8.87708,41.52458],[8.8657,41.52025],[8.85981,41.52159],[8.85523,41.5179],[8.84309,41.51867],[8.84143,41.52394],[8.85594,41.53413],[8.85029,41.54212],[8.85336,41.54699],[8.84677,41.54027],[8.84335,41.54245],[8.84495,41.54689],[8.83718,41.54534],[8.83278,41.5482],[8.82189,41.5442],[8.81307,41.54851],[8.81669,41.55537],[8.81315,41.55256],[8.80951,41.55688],[8.78707,41.55602],[8.78802,41.56201],[8.78273,41.56692],[8.78943,41.56311],[8.79032,41.56714],[8.80415,41.57473],[8.79185,41.57884],[8.79202,41.58689],[8.78216,41.58503],[8.78205,41.59046],[8.77682,41.58879],[8.77427,41.59222],[8.78977,41.59669],[8.78494,41.60111],[8.79179,41.60714],[8.79125,41.61554],[8.78559,41.6182],[8.79487,41.62349],[8.7908,41.62897],[8.79495,41.63285],[8.80375,41.63389],[8.80468,41.64198],[8.81006,41.63958],[8.81159,41.63137],[8.82025,41.6296],[8.82991,41.63864],[8.84088,41.63969],[8.85141,41.64799],[8.87083,41.64622],[8.87789,41.65384],[8.87852,41.6565],[8.88273,41.6565],[8.87915,41.65917],[8.88203,41.67125],[8.88997,41.67169],[8.89713,41.67862],[8.90135,41.67751],[8.89926,41.6759],[8.90883,41.67716],[8.91663,41.68215],[8.91615,41.68717],[8.90905,41.69138],[8.88643,41.68953],[8.87823,41.69603],[8.87461,41.69373],[8.86973,41.69642],[8.84175,41.69721],[8.8254,41.70964],[8.81249,41.71427],[8.80677,41.70968],[8.79585,41.70992],[8.79232,41.70091],[8.78295,41.69904],[8.78819,41.70851],[8.77128,41.71167],[8.77266,41.72098],[8.77814,41.72147],[8.78474,41.73216],[8.78255,41.73763],[8.77518,41.74144],[8.72779,41.72834],[8.71754,41.72228],[8.70719,41.7219],[8.70279,41.7261],[8.70781,41.73581],[8.70451,41.73951],[8.68651,41.74204],[8.68182,41.73977],[8.67156,41.74363],[8.66183,41.73915],[8.65856,41.741],[8.66086,41.75011],[8.66789,41.75314],[8.67837,41.75239],[8.68473,41.74711],[8.70333,41.75818],[8.7095,41.75794],[8.72904,41.77454],[8.73289,41.78033],[8.72806,41.78138],[8.7266,41.78916],[8.71965,41.78929],[8.7179,41.79517],[8.70898,41.79619],[8.71136,41.80159],[8.71821,41.80391],[8.72098,41.79802],[8.73814,41.79703],[8.74803,41.81092],[8.75592,41.81247],[8.76211,41.80889],[8.77205,41.81148],[8.7744,41.82509],[8.78263,41.82793],[8.78417,41.83213],[8.77162,41.83509],[8.76541,41.84342],[8.75649,41.84109],[8.75099,41.84532],[8.75853,41.84662],[8.76058,41.85022],[8.76849,41.84587],[8.78839,41.85053],[8.79022,41.86696],[8.78129,41.87315],[8.78585,41.87772],[8.77833,41.88284],[8.80172,41.88972],[8.8033,41.89531],[8.78188,41.92379],[8.77046,41.92766],[8.76656,41.9259],[8.76523,41.92075],[8.7637,41.92018],[8.75538,41.93252],[8.74715,41.93354],[8.74045,41.9309],[8.74129,41.92778],[8.74278,41.92804],[8.74286,41.92955],[8.74389,41.93001],[8.74001,41.91879],[8.7437,41.91795],[8.7327,41.91687],[8.71947,41.90826],[8.68793,41.90923],[8.676,41.9044],[8.64211,41.91019],[8.60744,41.89482],[8.61566,41.90292],[8.60931,41.91049],[8.61488,41.92305],[8.623,41.92621],[8.61979,41.93034],[8.62337,41.9351],[8.62048,41.94008],[8.60707,41.94212],[8.60693,41.9519],[8.59717,41.95279],[8.59862,41.95817],[8.59085,41.96172],[8.59168,41.96454],[8.60976,41.96795],[8.61402,41.97181],[8.64625,41.96805],[8.66552,41.9777],[8.66973,41.98897],[8.66655,41.99387],[8.65844,41.99227],[8.65453,42.00048],[8.65638,42.00961],[8.67079,42.01992],[8.68317,42.02253],[8.68693,42.02729],[8.70071,42.02604],[8.72674,42.03478],[8.72198,42.04291],[8.74147,42.04097],[8.74733,42.05041],[8.73825,42.06532],[8.71918,42.06382],[8.72075,42.06964],[8.7137,42.08344],[8.70918,42.08696],[8.70284,42.08598],[8.71037,42.09652],[8.7012,42.10523],[8.69886,42.11335],[8.69459,42.11498],[8.68964,42.11527],[8.68038,42.10537],[8.66597,42.10675],[8.65971,42.10137],[8.65842,42.1089],[8.64751,42.12086],[8.63579,42.11967],[8.63508,42.12365],[8.62405,42.12271],[8.61191,42.13461],[8.60366,42.1306],[8.59917,42.13251],[8.5954,42.1293],[8.57988,42.12923],[8.59409,42.1434],[8.58559,42.15171],[8.57799,42.1531],[8.55802,42.1462],[8.56385,42.1533],[8.5721,42.15693],[8.57729,42.1554],[8.5936,42.16778],[8.58995,42.17137],[8.56927,42.16821],[8.56166,42.17126],[8.56713,42.17783],[8.58644,42.18008],[8.57775,42.18929],[8.58052,42.18904],[8.57702,42.19545],[8.58133,42.19649],[8.58169,42.20584],[8.5745,42.20765],[8.57176,42.20445],[8.56698,42.20523],[8.57153,42.20984],[8.56868,42.21317],[8.57833,42.21428],[8.56688,42.21942],[8.57294,42.2223],[8.573,42.22906],[8.5602,42.23234],[8.55367,42.22693],[8.54047,42.23766],[8.54701,42.24051],[8.55672,42.23605],[8.57432,42.23856],[8.57601,42.24396],[8.59293,42.24504],[8.60986,42.25049],[8.60946,42.25357],[8.61845,42.25206],[8.61701,42.2555],[8.62605,42.2517],[8.63945,42.25282],[8.64404,42.25755],[8.66492,42.25914],[8.67347,42.26303],[8.68756,42.26261],[8.6954,42.2668],[8.69104,42.26706],[8.69156,42.27691],[8.68704,42.28212],[8.67824,42.28125],[8.67373,42.28483],[8.67805,42.28587],[8.6782,42.28946],[8.67249,42.29124],[8.67524,42.29407],[8.66694,42.29508],[8.65983,42.29942],[8.66044,42.30252],[8.64762,42.30302],[8.63925,42.29961],[8.63646,42.30461],[8.62971,42.30523],[8.63054,42.31165],[8.62604,42.31279],[8.60877,42.30863],[8.60627,42.30616],[8.60481,42.30617],[8.60495,42.31182],[8.59798,42.31898],[8.62817,42.33243],[8.62884,42.33988],[8.61826,42.34087],[8.61682,42.34908],[8.61227,42.34642],[8.60123,42.35326],[8.59119,42.35323],[8.56507,42.33338],[8.55328,42.33331],[8.55927,42.34015],[8.55993,42.34502],[8.55388,42.34372],[8.55144,42.34679],[8.55314,42.35142],[8.55798,42.3522],[8.55379,42.35681],[8.55826,42.36068],[8.55616,42.36529],[8.54317,42.3685],[8.54844,42.37925],[8.55369,42.37144],[8.56928,42.36983],[8.57425,42.37502],[8.57821,42.37439],[8.57298,42.38124],[8.57576,42.38333],[8.58443,42.38208],[8.58579,42.38593],[8.5962,42.38186],[8.60274,42.38728],[8.60879,42.38683],[8.60824,42.39422],[8.60205,42.39883],[8.61205,42.40374],[8.60109,42.40921],[8.60883,42.41065],[8.60602,42.41655],[8.61987,42.41711],[8.62331,42.422],[8.64134,42.4182],[8.64701,42.4134],[8.65686,42.41709],[8.65939,42.42308],[8.6599,42.42346],[8.65955,42.42346],[8.66429,42.4347],[8.64883,42.44287],[8.66892,42.44524],[8.66991,42.45294],[8.66487,42.45626],[8.6799,42.46956],[8.67513,42.4765],[8.65103,42.47381],[8.65018,42.47863],[8.66487,42.48989],[8.66681,42.51607],[8.67512,42.51892],[8.68347,42.51522],[8.69558,42.52077],[8.69503,42.52551],[8.69971,42.5272],[8.70898,42.52299],[8.72038,42.52521],[8.71462,42.53134],[8.71721,42.53366],[8.71061,42.53544],[8.72296,42.54566],[8.71653,42.54899],[8.72301,42.556],[8.71622,42.56061],[8.71895,42.57088],[8.70636,42.56965],[8.71338,42.57395],[8.70921,42.57672],[8.7248,42.58434],[8.72388,42.57373],[8.72918,42.57398],[8.72583,42.57197],[8.72703,42.56154],[8.74014,42.56875],[8.74536,42.56709],[8.75488,42.57168],[8.7629,42.56942],[8.75614,42.56385],[8.75946,42.56524],[8.75649,42.5626],[8.75965,42.55903],[8.76931,42.55579],[8.78211,42.55667],[8.7934,42.56107],[8.80529,42.57105],[8.80255,42.58161],[8.79813,42.58302],[8.80584,42.58633],[8.80186,42.58705],[8.80408,42.58921],[8.81132,42.58976],[8.81056,42.59825],[8.80129,42.60088],[8.80587,42.60405],[8.81919,42.60344],[8.82699,42.60629],[8.82688,42.60313],[8.83421,42.60167],[8.85185,42.61245],[8.85403,42.60858],[8.86724,42.60815],[8.8757,42.61398],[8.87482,42.61828],[8.88127,42.6209],[8.87846,42.62289],[8.88397,42.62558],[8.8803,42.62914],[8.88934,42.63046],[8.89158,42.62752],[8.89336,42.63027],[8.89607,42.62755],[8.90568,42.6274],[8.91338,42.62992],[8.92266,42.6395],[8.92965,42.63746],[8.93515,42.63948],[8.94119,42.63433],[8.95468,42.63363],[8.97501,42.64002],[8.99715,42.63998],[9.00308,42.64357],[9.00818,42.6399],[9.0174,42.64183],[9.02873,42.65297],[9.04334,42.65335],[9.05967,42.66092],[9.06153,42.66559],[9.05552,42.66977],[9.06025,42.67176],[9.05518,42.67388],[9.05345,42.68235],[9.05975,42.68232],[9.05764,42.69646],[9.07115,42.69225],[9.08446,42.70501],[9.0822,42.70877],[9.08595,42.7147],[9.1003,42.71515],[9.10663,42.72403],[9.11035,42.72327],[9.11359,42.72692],[9.1176,42.72339],[9.1196,42.72403],[9.11836,42.72808],[9.12448,42.73142],[9.13511,42.72744],[9.14308,42.73374],[9.14931,42.73122],[9.16167,42.7367],[9.19861,42.72409],[9.22184,42.73538],[9.23256,42.72037],[9.24483,42.71837],[9.24683,42.72152],[9.24936,42.71834],[9.25744,42.7178],[9.25363,42.70504],[9.26074,42.69996],[9.27031,42.70069],[9.26868,42.6965],[9.27685,42.69273],[9.27734,42.69113],[9.27539,42.68916],[9.27554,42.68709],[9.27992,42.68893],[9.27888,42.68388],[9.28471,42.67615],[9.29284,42.67434],[9.29975,42.67723],[9.30017,42.67846],[9.29808,42.67915],[9.29778,42.68001],[9.30239,42.67814],[9.29693,42.68111],[9.31219,42.68761],[9.32312,42.69705],[9.32218,42.71681],[9.33552,42.7227],[9.3339,42.72592],[9.34238,42.7302],[9.34567,42.73621],[9.33776,42.76502],[9.34179,42.76988],[9.34299,42.7976],[9.3328,42.81126],[9.32598,42.81229],[9.32094,42.82445],[9.30952,42.83348],[9.31511,42.83644],[9.31634,42.84381],[9.3292,42.85308],[9.33379,42.86365],[9.3405,42.86592],[9.3279,42.87643],[9.32884,42.88952],[9.32049,42.89416],[9.32205,42.90022],[9.35426,42.91623],[9.35673,42.92322],[9.36171,42.92461],[9.3488,42.92944],[9.35916,42.94524],[9.34634,42.95382],[9.3502,42.9612],[9.34582,42.96383],[9.35064,42.96592],[9.35094,42.97291],[9.34209,42.97914],[9.34574,42.98622],[9.34114,42.9881],[9.34025,42.99401],[9.34348,42.99965],[9.35294,43.002],[9.3574,43.00712],[9.374,43.00447],[9.38329,43.01018],[9.39645,43.00601],[9.40103,43.00855],[9.40484,43.00469],[9.42204,43.0117],[9.42875,43.00881],[9.42994,43.0032],[9.44196,43.00046],[9.44373,42.99338],[9.46358,42.98658],[9.46108,42.97833],[9.45407,42.97348],[9.45766,42.96566],[9.45329,42.96628],[9.45147,42.9624],[9.45477,42.95783],[9.45537,42.96095],[9.45637,42.95031],[9.46916,42.93638],[9.46497,42.93339],[9.46722,42.9269],[9.47273,42.92366],[9.46927,42.9052],[9.47482,42.90056],[9.47353,42.88603],[9.47819,42.87949],[9.47244,42.8751],[9.48155,42.86794],[9.48007,42.86024],[9.48595,42.85149],[9.48012,42.83743],[9.48582,42.83404],[9.48926,42.81007],[9.49293,42.80706],[9.49143,42.79449],[9.46552,42.75766],[9.46873,42.7528],[9.46375,42.74938],[9.45429,42.70785],[9.45665,42.71006],[9.45765,42.70285],[9.45581,42.69806],[9.45475,42.70422],[9.45323,42.6948],[9.44995,42.69572],[9.45402,42.69331],[9.44642,42.68621],[9.44772,42.66736],[9.45064,42.66255],[9.44824,42.66432],[9.44824,42.65012],[9.44393,42.65012],[9.44824,42.63707],[9.46651,42.63643],[9.47123,42.62867],[9.48163,42.61779],[9.47857,42.61779],[9.4734,42.58544],[9.49219,42.5659],[9.49219,42.55308],[9.50822,42.55308],[9.50959,42.58544],[9.50986,42.58827],[9.52033,42.57732],[9.5331,42.54629],[9.53196,42.52258],[9.52941,42.5207],[9.5307,42.5207],[9.53185,42.5204],[9.53029,42.48812],[9.54149,42.45958],[9.54346,42.42881],[9.53228,42.37039],[9.53601,42.35854],[9.53217,42.35854],[9.53613,42.35574],[9.53613,42.35815],[9.56005,42.28212],[9.5524,42.23172],[9.55894,42.19663],[9.55666,42.18063],[9.55535,42.17969],[9.55652,42.17969],[9.55435,42.16444],[9.55437,42.1634],[9.53613,42.1634],[9.53613,42.13696],[9.5139,42.13082],[9.53613,42.1144],[9.55529,42.12974],[9.55536,42.12701],[9.54685,42.10158],[9.51443,42.06561],[9.46858,42.06561],[9.46858,42.03297],[9.48501,42.03297],[9.45668,42.00155],[9.43188,41.98028],[9.41293,41.95382],[9.41202,41.94436],[9.4043,41.94453],[9.39637,41.93498],[9.41368,41.93498],[9.41604,41.92827],[9.3969,41.87418],[9.3989,41.86296],[9.40176,41.85925],[9.40384,41.85992],[9.40506,41.85769],[9.40155,41.85907],[9.40393,41.85679],[9.40024,41.85106],[9.40637,41.82027],[9.39437,41.79807],[9.39999,41.78945],[9.39564,41.77536],[9.39946,41.77175],[9.40425,41.77307],[9.40798,41.76629],[9.40328,41.7494],[9.40647,41.73977],[9.40156,41.73052],[9.40586,41.72336],[9.40162,41.71676],[9.40653,41.71322],[9.40304,41.71261],[9.40056,41.69313],[9.38276,41.68888],[9.37244,41.67913],[9.3766,41.67003],[9.38806,41.67042],[9.38116,41.66407],[9.3886,41.65689],[9.38116,41.65087],[9.38592,41.64548],[9.37726,41.64851],[9.36784,41.63562],[9.35923,41.64103],[9.35576,41.64008],[9.35363,41.64008],[9.3542,41.63965],[9.34894,41.63821],[9.34601,41.6311],[9.35417,41.62738],[9.35366,41.62095],[9.35755,41.62016],[9.35462,41.6167],[9.33551,41.62179],[9.32006,41.61501],[9.3163,41.6172],[9.32448,41.61834],[9.32556,41.61974],[9.3194,41.61925],[9.31397,41.62876],[9.30759,41.62826],[9.304,41.62233],[9.30616,41.61511],[9.28771,41.60914],[9.28766,41.59905],[9.27921,41.59693],[9.28486,41.59652],[9.28322,41.58981],[9.29235,41.58606],[9.29942,41.58502],[9.31864,41.60508],[9.33395,41.60324],[9.3419,41.5939],[9.36858,41.5973],[9.36714,41.58954],[9.36151,41.59083],[9.35371,41.57767],[9.34752,41.57509]]]}},{"type":"Feature","properties":{"kind":"coast","area_km2":434.0998},"geometry":{"type":"Polygon","coordinates":[[[14.70214,45.06501],[14.70953,45.06534],[14.71491,45.07181],[14.72325,45.06889],[14.72699,45.06306],[14.72869,45.06813],[14.73628,45.06917],[14.73921,45.06354],[14.73344,45.05736],[14.73869,45.05763],[14.74468,45.05303],[14.74052,45.04337],[14.74477,45.03328],[14.75938,45.01846],[14.76883,45.01537],[14.77006,45.01058],[14.78389,45.00804],[14.79864,45.00011],[14.79518,44.99511],[14.79895,44.99051],[14.79838,44.9952],[14.80434,44.99562],[14.81953,44.97998],[14.82017,44.97067],[14.79956,44.98412],[14.81226,44.96946],[14.80644,44.96701],[14.80746,44.96285],[14.79263,44.96327],[14.77456,44.96868],[14.7685,44.9664],[14.7602,44.96791],[14.76297,44.96895],[14.76057,44.97029],[14.75283,44.96927],[14.74669,44.95871],[14.75708,44.95103],[14.76273,44.94086],[14.751,44.93639],[14.73366,44.93738],[14.7362,44.93457],[14.73439,44.93456],[14.71521,44.94196],[14.70677,44.94187],[14.7063,44.94562],[14.69964,44.94874],[14.6875,44.9498],[14.68852,44.95606],[14.67787,44.96471],[14.6629,44.9671],[14.65113,44.96398],[14.63568,44.9734],[14.61728,44.9794],[14.61605,44.98505],[14.62806,44.98982],[14.62154,45.00859],[14.62885,45.02691],[14.62898,45.03439],[14.62396,45.04028],[14.61605,45.03752],[14.60694,45.02732],[14.61918,45.02234],[14.6235,45.01667],[14.62003,45.0136],[14.60518,45.0158],[14.5884,45.02469],[14.57845,45.025],[14.5788,45.02745],[14.57068,45.02414],[14.57262,45.02335],[14.57313,45.02386],[14.57373,45.02363],[14.57516,45.0239],[14.57611,45.02396],[14.57631,45.0238],[14.57422,45.02014],[14.56084,45.01254],[14.53988,45.01383],[14.52972,45.0159],[14.52743,45.01919],[14.52576,45.01547],[14.52191,45.02005],[14.50848,45.02457],[14.50645,45.02044],[14.49869,45.02172],[14.49752,45.0288],[14.49379,45.02445],[14.48866,45.02639],[14.48894,45.02991],[14.47629,45.03567],[14.47803,45.03986],[14.46954,45.04065],[14.4695,45.04594],[14.46497,45.04339],[14.45184,45.05348],[14.45296,45.05722],[14.44701,45.05878],[14.45032,45.06154],[14.44478,45.06071],[14.43769,45.06515],[14.43094,45.07831],[14.43533,45.0933],[14.4694,45.09891],[14.47147,45.10436],[14.46472,45.11799],[14.47529,45.1284],[14.49403,45.124],[14.50464,45.11577],[14.5144,45.1166],[14.52261,45.11985],[14.52518,45.12498],[14.52822,45.12416],[14.5237,45.1262],[14.52908,45.14581],[14.52202,45.15083],[14.52712,45.15308],[14.52858,45.15063],[14.53357,45.15137],[14.53505,45.15909],[14.54641,45.16854],[14.53504,45.1815],[14.53732,45.1876],[14.53369,45.19939],[14.53954,45.2034],[14.54432,45.20026],[14.54675,45.20107],[14.52998,45.2164],[14.52716,45.2252],[14.53062,45.22887],[14.55077,45.20719],[14.55167,45.22337],[14.53664,45.23591],[14.54439,45.23756],[14.5515,45.23524],[14.55414,45.24568],[14.56373,45.24357],[14.57686,45.23427],[14.57705,45.24142],[14.591,45.23877],[14.60395,45.22468],[14.5862,45.23102],[14.58154,45.22998],[14.61468,45.19375],[14.61285,45.18755],[14.62226,45.18184],[14.62089,45.17856],[14.6241,45.17904],[14.63285,45.16547],[14.62997,45.16253],[14.62697,45.1676],[14.60779,45.17114],[14.60683,45.16338],[14.59693,45.15124],[14.60349,45.14893],[14.61685,45.15547],[14.61963,45.15429],[14.62104,45.15851],[14.63821,45.16216],[14.63915,45.15951],[14.65001,45.15756],[14.6505,45.1516],[14.66388,45.147],[14.66917,45.14846],[14.66876,45.1573],[14.67205,45.15405],[14.6759,45.14733],[14.6726,45.14533],[14.67661,45.14407],[14.67078,45.14144],[14.67478,45.14149],[14.67463,45.1372],[14.68051,45.13464],[14.67251,45.13112],[14.6722,45.12725],[14.66473,45.12605],[14.66681,45.12132],[14.65986,45.12344],[14.65824,45.12154],[14.66821,45.10589],[14.66106,45.10039],[14.66496,45.0959],[14.66233,45.0939],[14.66664,45.09358],[14.66324,45.09134],[14.67447,45.08133],[14.6719,45.07795],[14.67588,45.07868],[14.68347,45.0723],[14.70214,45.06501]]]}},{"type":"Feature","properties":{"kind":"coast","area_km2":431.7753},"geometry":{"type":"Polygon","coordinates":[[[14.28305,45.09955],[14.27666,45.10413],[14.28016,45.11339],[14.27293,45.1202],[14.28467,45.12764],[14.28518,45.13316],[14.29174,45.13622],[14.30017,45.14779],[14.30183,45.16355],[14.30979,45.16698],[14.31026,45.17189],[14.32237,45.1752],[14.32727,45.17494],[14.32785,45.16777],[14.3473,45.16925],[14.36167,45.16376],[14.36666,45.15787],[14.37238,45.14411],[14.36323,45.14033],[14.35547,45.1154],[14.35926,45.11155],[14.36045,45.08826],[14.36967,45.07935],[14.37374,45.06207],[14.38469,45.04695],[14.39678,45.01588],[14.42477,44.9835],[14.43524,44.97777],[14.44324,44.97709],[14.45839,44.98394],[14.46872,44.98291],[14.48647,44.95505],[14.47584,44.95649],[14.46952,44.94788],[14.46064,44.95204],[14.46512,44.94068],[14.46144,44.94031],[14.45743,44.92865],[14.46126,44.92682],[14.45531,44.92151],[14.46101,44.91004],[14.44978,44.89241],[14.44554,44.87499],[14.45942,44.84217],[14.45866,44.83481],[14.46259,44.83247],[14.45955,44.8295],[14.46393,44.82947],[14.46257,44.81898],[14.46954,44.80722],[14.47021,44.79031],[14.45285,44.79542],[14.44866,44.79327],[14.44753,44.78604],[14.47046,44.76636],[14.47454,44.75968],[14.47235,44.75611],[14.47679,44.75429],[14.47439,44.7492],[14.47944,44.74498],[14.47935,44.73858],[14.47022,44.73862],[14.46376,44.72575],[14.47767,44.70025],[14.47692,44.69401],[14.48729,44.68771],[14.48912,44.6822],[14.49634,44.68021],[14.49361,44.67188],[14.49742,44.67617],[14.4991,44.67329],[14.50493,44.67385],[14.50726,44.66989],[14.50357,44.66841],[14.50763,44.66807],[14.51025,44.66172],[14.51346,44.66342],[14.50986,44.65747],[14.51386,44.65349],[14.5114,44.65159],[14.50948,44.65411],[14.50823,44.65114],[14.50501,44.65324],[14.50446,44.64983],[14.50915,44.64847],[14.50455,44.6413],[14.50347,44.64272],[14.50213,44.64264],[14.50336,44.63858],[14.51148,44.64567],[14.51373,44.63945],[14.51648,44.64463],[14.51718,44.63892],[14.52058,44.64105],[14.51855,44.63084],[14.52412,44.63762],[14.52522,44.63449],[14.52629,44.63748],[14.53303,44.63342],[14.52688,44.64164],[14.53021,44.64355],[14.53213,44.63983],[14.53548,44.64181],[14.53337,44.63881],[14.53735,44.6336],[14.54035,44.63599],[14.54515,44.63084],[14.53805,44.62701],[14.5281,44.62965],[14.53233,44.62443],[14.52778,44.61697],[14.52549,44.62139],[14.52459,44.61748],[14.52029,44.62395],[14.51672,44.62417],[14.52223,44.61264],[14.51665,44.61164],[14.51683,44.6088],[14.49455,44.62438],[14.50838,44.60852],[14.49919,44.60748],[14.49837,44.60668],[14.49908,44.60307],[14.49894,44.60258],[14.49834,44.60244],[14.48429,44.60778],[14.47667,44.61675],[14.47364,44.61556],[14.46917,44.62133],[14.47143,44.62429],[14.46561,44.62422],[14.46607,44.62976],[14.45986,44.62821],[14.46241,44.62179],[14.45629,44.62589],[14.45161,44.63122],[14.45552,44.63236],[14.45757,44.63528],[14.45403,44.63392],[14.44373,44.64024],[14.4453,44.64654],[14.44148,44.64677],[14.43686,44.65646],[14.41986,44.67268],[14.41062,44.66839],[14.41053,44.67215],[14.41709,44.67499],[14.41278,44.67756],[14.40778,44.67611],[14.40029,44.69119],[14.39586,44.68969],[14.39702,44.69426],[14.3913,44.69337],[14.3997,44.71342],[14.39462,44.7175],[14.39528,44.72289],[14.39023,44.72389],[14.39357,44.7316],[14.39046,44.73646],[14.39869,44.73634],[14.39819,44.74375],[14.39118,44.7483],[14.38693,44.74731],[14.3854,44.75083],[14.38228,44.74437],[14.3732,44.75125],[14.36814,44.77021],[14.37131,44.77664],[14.36386,44.78721],[14.36903,44.80216],[14.35684,44.81721],[14.34875,44.81884],[14.34691,44.81036],[14.3369,44.81423],[14.34219,44.81638],[14.33669,44.82053],[14.33847,44.82411],[14.33051,44.82605],[14.32938,44.84506],[14.3337,44.85328],[14.32413,44.87227],[14.31904,44.8734],[14.32187,44.88547],[14.31685,44.88839],[14.3099,44.90869],[14.29875,44.90599],[14.3013,44.91033],[14.29785,44.913],[14.30464,44.91199],[14.30191,44.93523],[14.30871,44.94396],[14.31282,44.94349],[14.3147,44.95112],[14.33459,44.93379],[14.34529,44.91438],[14.35467,44.91395],[14.35579,44.90821],[14.36305,44.90324],[14.3693,44.90849],[14.38454,44.90192],[14.39874,44.90617],[14.40125,44.92061],[14.3906,44.93582],[14.39243,44.93894],[14.38632,44.94002],[14.38434,44.94505],[14.39116,44.94823],[14.39241,44.95557],[14.41008,44.94989],[14.41499,44.94409],[14.41361,44.95515],[14.40757,44.96012],[14.40413,44.9563],[14.3913,44.95959],[14.39328,44.96713],[14.38954,44.974],[14.38656,44.97316],[14.38181,44.97801],[14.38061,44.98788],[14.3605,44.99603],[14.35039,45.00626],[14.35196,45.01439],[14.36099,45.02295],[14.35501,45.04687],[14.34076,45.05885],[14.32662,45.06044],[14.30734,45.06827],[14.29616,45.09412],[14.29066,45.09934],[14.28305,45.09955]]]}},{"type":"Feature","properties":{"kind":"coast","area_km2":407.6224},"geometry":{"type":"Polygon","coordinates":[[[16.45182,43.31161],[16.44958,43.3089],[16.44756,43.31295],[16.44299,43.31053],[16.44601,43.30371],[16.44148,43.3075],[16.43815,43.30508],[16.43372,43.30715],[16.43525,43.31588],[16.42938,43.30902],[16.42347,43.31059],[16.42175,43.31515],[16.4089,43.31727],[16.40817,43.32002],[16.41233,43.32028],[16.4086,43.33331],[16.41781,43.33171],[16.42438,43.32274],[16.43961,43.32737],[16.44923,43.32525],[16.44816,43.3286],[16.43444,43.33031],[16.43368,43.34477],[16.45413,43.35342],[16.46399,43.34969],[16.4599,43.3521],[16.46356,43.3537],[16.44478,43.35823],[16.44915,43.36358],[16.4461,43.36675],[16.45057,43.36808],[16.44382,43.37107],[16.44153,43.37664],[16.44075,43.37366],[16.43401,43.3762],[16.42825,43.38811],[16.43475,43.39222],[16.5119,43.38318],[16.52347,43.38577],[16.53796,43.38349],[16.53985,43.38732],[16.54885,43.3883],[16.54657,43.38706],[16.5465,43.38631],[16.5539,43.38391],[16.55447,43.38673],[16.55661,43.38703],[16.58037,43.38001],[16.5981,43.38151],[16.59649,43.37725],[16.60311,43.37915],[16.60576,43.37577],[16.60759,43.38112],[16.62108,43.37494],[16.6296,43.37862],[16.64909,43.37547],[16.65015,43.37222],[16.65321,43.37539],[16.66376,43.37321],[16.66605,43.36912],[16.66955,43.37195],[16.67941,43.37162],[16.68137,43.36602],[16.68648,43.36945],[16.6944,43.36608],[16.70237,43.36712],[16.7035,43.364],[16.71049,43.36636],[16.72017,43.36313],[16.7202,43.35895],[16.72392,43.36323],[16.73584,43.36199],[16.73766,43.3505],[16.7323,43.34793],[16.73505,43.34689],[16.74358,43.34669],[16.74181,43.36174],[16.74735,43.35857],[16.75043,43.36087],[16.76336,43.35721],[16.76614,43.35907],[16.7708,43.35552],[16.78026,43.35764],[16.78208,43.34906],[16.78551,43.35481],[16.79567,43.35116],[16.79852,43.35456],[16.80643,43.35006],[16.81272,43.35159],[16.81963,43.34615],[16.79136,43.34002],[16.79948,43.33526],[16.80072,43.34034],[16.81521,43.34002],[16.81077,43.33562],[16.81554,43.33517],[16.8226,43.34032],[16.82468,43.33492],[16.82684,43.33797],[16.83105,43.33522],[16.82979,43.33048],[16.83367,43.33484],[16.83698,43.33267],[16.83134,43.34062],[16.83883,43.33838],[16.84029,43.34297],[16.84806,43.33447],[16.85205,43.33802],[16.85635,43.33146],[16.85903,43.33319],[16.86625,43.32985],[16.86368,43.32524],[16.87189,43.32652],[16.89955,43.31392],[16.89235,43.30634],[16.88716,43.30884],[16.88544,43.3078],[16.89464,43.29925],[16.88048,43.29569],[16.87815,43.28682],[16.88294,43.2841],[16.87362,43.28059],[16.87283,43.28509],[16.87125,43.28676],[16.8606,43.2883],[16.86662,43.28108],[16.86177,43.28042],[16.86322,43.27812],[16.85714,43.27876],[16.85965,43.27553],[16.85629,43.2757],[16.85507,43.27122],[16.84682,43.26981],[16.84076,43.27355],[16.8397,43.26862],[16.82529,43.26673],[16.81328,43.26917],[16.81187,43.26643],[16.78223,43.26174],[16.75651,43.26236],[16.7525,43.26508],[16.74925,43.26242],[16.71219,43.26218],[16.68639,43.2578],[16.65787,43.26197],[16.64628,43.25803],[16.63811,43.25927],[16.63403,43.25534],[16.63269,43.2584],[16.61348,43.26274],[16.5294,43.26993],[16.52631,43.2746],[16.52,43.27356],[16.51627,43.27802],[16.51536,43.27359],[16.50916,43.27655],[16.50623,43.27948],[16.50876,43.28318],[16.50025,43.27771],[16.5012,43.28614],[16.49682,43.2852],[16.49432,43.28816],[16.49717,43.2929],[16.49297,43.29211],[16.4895,43.28478],[16.48331,43.29647],[16.48056,43.29289],[16.46911,43.2968],[16.46969,43.30322],[16.466,43.3027],[16.46525,43.30798],[16.46135,43.3046],[16.46353,43.29769],[16.46147,43.30159],[16.45364,43.29872],[16.45889,43.30729],[16.45588,43.30967],[16.45206,43.30674],[16.45182,43.31161]]]}},{"type":"Feature","properties":{"kind":"coast","area_km2":306.3122},"geometry":{"type":"Polygon","coordinates":[[[16.54675,43.13858],[16.5354,43.1426],[16.53462,43.14594],[16.53075,43.14427],[16.51325,43.15049],[16.5128,43.14985],[16.51469,43.14887],[16.51474,43.14854],[16.50873,43.15168],[16.50524,43.15573],[16.50111,43.15492],[16.48674,43.16227],[16.47961,43.16316],[16.47823,43.15849],[16.47331,43.15981],[16.46739,43.15695],[16.45508,43.16372],[16.45191,43.16161],[16.44317,43.16327],[16.44147,43.17245],[16.43215,43.17069],[16.42263,43.17862],[16.40932,43.18043],[16.41032,43.18437],[16.40456,43.18439],[16.40639,43.18171],[16.37803,43.18805],[16.37247,43.18975],[16.37399,43.19384],[16.36788,43.19272],[16.3665,43.19595],[16.38073,43.19868],[16.38342,43.1951],[16.39181,43.19799],[16.39663,43.19622],[16.39615,43.19121],[16.40099,43.19447],[16.41721,43.18833],[16.4132,43.19807],[16.42131,43.19246],[16.42066,43.19606],[16.42547,43.19873],[16.42838,43.18988],[16.42959,43.19438],[16.435,43.19131],[16.43064,43.20034],[16.43914,43.19418],[16.43908,43.20247],[16.44856,43.19762],[16.44997,43.20535],[16.45737,43.20154],[16.45434,43.20795],[16.4628,43.20598],[16.46448,43.20831],[16.46815,43.20334],[16.46919,43.20987],[16.47259,43.2075],[16.47552,43.20986],[16.48244,43.20675],[16.49904,43.2079],[16.49999,43.20386],[16.50451,43.20749],[16.52007,43.2046],[16.52177,43.2018],[16.52669,43.20308],[16.52724,43.19931],[16.53098,43.20071],[16.53905,43.19361],[16.53955,43.18962],[16.54574,43.18905],[16.55036,43.18437],[16.55789,43.1847],[16.56781,43.1772],[16.57505,43.1822],[16.57956,43.1805],[16.58605,43.18398],[16.59889,43.18436],[16.57505,43.18963],[16.57558,43.19429],[16.56944,43.19763],[16.5749,43.20162],[16.56351,43.20108],[16.56413,43.20436],[16.55998,43.20335],[16.56143,43.20756],[16.55567,43.21044],[16.5615,43.21365],[16.55699,43.21597],[16.55771,43.21969],[16.55336,43.21682],[16.55013,43.21951],[16.54822,43.21343],[16.54019,43.21588],[16.53893,43.21048],[16.51913,43.22484],[16.52931,43.23014],[16.5338,43.22369],[16.53431,43.22695],[16.54055,43.22463],[16.54256,43.2282],[16.54926,43.22327],[16.54524,43.23319],[16.55208,43.2311],[16.55334,43.23467],[16.55917,43.23197],[16.56111,43.23568],[16.5659,43.22908],[16.56847,43.23496],[16.57091,43.23159],[16.57418,43.23245],[16.57007,43.228],[16.57328,43.22427],[16.5667,43.21855],[16.5714,43.21737],[16.56996,43.21229],[16.58247,43.21368],[16.58011,43.20501],[16.58754,43.21205],[16.60471,43.21732],[16.60624,43.22068],[16.6092,43.21334],[16.61313,43.21439],[16.61592,43.21104],[16.61922,43.21413],[16.62248,43.21134],[16.63392,43.21438],[16.64021,43.21215],[16.63792,43.21707],[16.6427,43.21896],[16.64445,43.21192],[16.65031,43.21856],[16.65366,43.21282],[16.65797,43.21573],[16.65687,43.213],[16.66161,43.21433],[16.66323,43.21064],[16.66711,43.21242],[16.669,43.20723],[16.66119,43.1983],[16.6687,43.19879],[16.66754,43.19646],[16.67725,43.19312],[16.6728,43.18905],[16.68169,43.19099],[16.68414,43.18409],[16.69411,43.18362],[16.69972,43.17901],[16.69031,43.18087],[16.68584,43.17737],[16.67274,43.18194],[16.66948,43.18239],[16.66728,43.18177],[16.67936,43.17861],[16.6836,43.17242],[16.69593,43.16977],[16.69786,43.16611],[16.69622,43.16298],[16.69295,43.16302],[16.69264,43.16164],[16.6982,43.16204],[16.70271,43.16661],[16.70605,43.16479],[16.70341,43.16132],[16.70922,43.16248],[16.71266,43.15874],[16.71424,43.16139],[16.71946,43.15661],[16.74297,43.16048],[16.74805,43.16432],[16.74774,43.15834],[16.7572,43.16434],[16.75985,43.16126],[16.77539,43.16041],[16.77835,43.15677],[16.78093,43.16055],[16.81093,43.15843],[16.81339,43.15592],[16.81371,43.15869],[16.82339,43.16159],[16.8264,43.15924],[16.83798,43.16014],[16.84137,43.15873],[16.84001,43.15508],[16.85289,43.15825],[16.86369,43.15613],[16.86236,43.16036],[16.87692,43.16152],[16.87344,43.15687],[16.88428,43.15996],[16.87988,43.156],[16.88577,43.15213],[16.8848,43.14792],[16.89427,43.15636],[16.89886,43.15428],[16.89486,43.15221],[16.89837,43.15079],[16.91013,43.15325],[16.91742,43.15052],[16.92087,43.15323],[16.95857,43.15199],[17.00847,43.14485],[17.01437,43.14014],[17.02304,43.14385],[17.02651,43.13994],[17.03293,43.14166],[17.03387,43.13804],[17.03856,43.14098],[17.05103,43.13991],[17.05803,43.13644],[17.06199,43.13796],[17.0634,43.13507],[17.06716,43.13793],[17.09435,43.13755],[17.1052,43.13303],[17.10892,43.13607],[17.13177,43.13593],[17.1447,43.13948],[17.1816,43.13289],[17.19672,43.12479],[17.18673,43.12628],[17.18911,43.12448],[17.18217,43.12547],[17.17891,43.12207],[17.16281,43.12094],[17.15869,43.11784],[17.15058,43.12011],[17.14583,43.11659],[17.14037,43.11915],[17.13859,43.11533],[17.11491,43.11378],[17.10941,43.11709],[17.10159,43.11471],[17.1011,43.11822],[17.09662,43.11865],[17.09696,43.11492],[17.08854,43.11361],[17.08357,43.11686],[17.08105,43.11368],[17.06453,43.11573],[17.06452,43.11358],[17.05502,43.1132],[17.04914,43.11392],[17.04892,43.1187],[17.04304,43.11423],[17.04103,43.11911],[17.04098,43.11603],[17.03523,43.11452],[17.02436,43.11349],[17.02217,43.11638],[17.02038,43.11343],[17.00246,43.1134],[16.99447,43.1167],[16.98793,43.11444],[16.98037,43.11893],[16.98002,43.11511],[16.97186,43.11631],[16.96961,43.11274],[16.93752,43.11436],[16.93485,43.11218],[16.93216,43.11539],[16.92692,43.11359],[16.91653,43.11657],[16.91321,43.11377],[16.90762,43.11639],[16.90364,43.11445],[16.89717,43.11851],[16.89183,43.11546],[16.86158,43.11835],[16.78404,43.12731],[16.7319,43.12712],[16.6828,43.1207],[16.65854,43.12161],[16.59824,43.13437],[16.58533,43.13408],[16.58477,43.13744],[16.56553,43.1422],[16.54675,43.13858]]]}},{"type":"Feature","properties":{"kind":"coast","area_km2":298.2642},"geometry":{"type":"Polygon","coordinates":[[[14.83945,44.60495],[14.85246,44.60342],[14.883,44.57284],[14.88997,44.57207],[14.88921,44.57718],[14.87433,44.59654],[14.87086,44.60722],[14.87752,44.61103],[14.90466,44.60765],[14.90937,44.6123],[14.91662,44.60563],[14.90694,44.60238],[14.91597,44.6039],[14.91329,44.60044],[14.91959,44.60295],[14.91691,44.59937],[14.92228,44.60124],[14.92581,44.59434],[14.93025,44.59776],[14.93588,44.58804],[14.94289,44.5868],[14.94505,44.57998],[14.95439,44.58048],[14.96109,44.57436],[14.95766,44.57278],[14.96307,44.57198],[14.959,44.56846],[14.96331,44.56725],[14.9638,44.55926],[14.9846,44.54099],[14.98403,44.53461],[14.9895,44.53621],[14.99008,44.5318],[14.99851,44.53234],[15.00031,44.52788],[15.00489,44.52994],[15.00306,44.52674],[15.00963,44.52798],[15.02706,44.52081],[15.02875,44.52459],[15.02981,44.52454],[15.03449,44.52052],[15.03842,44.52122],[15.03814,44.51793],[15.04134,44.51954],[15.04506,44.51701],[15.03909,44.51705],[15.04351,44.51268],[15.05052,44.51387],[15.0528,44.50492],[15.05642,44.50445],[15.05062,44.50264],[15.05651,44.49946],[15.05953,44.50091],[15.06902,44.48384],[15.08015,44.47633],[15.07053,44.47668],[15.04968,44.48725],[15.05039,44.49707],[15.04397,44.49397],[15.0218,44.50156],[15.02012,44.49487],[15.01485,44.49571],[15.00365,44.50523],[15.01051,44.50809],[14.9971,44.51749],[14.96567,44.5236],[14.95032,44.53834],[14.92221,44.54955],[14.91556,44.54768],[14.91934,44.54365],[14.91469,44.54196],[14.9164,44.53733],[14.93262,44.536],[14.94798,44.51865],[14.97117,44.50755],[15.04343,44.44239],[15.05302,44.4428],[15.04812,44.44014],[15.05256,44.43862],[15.05173,44.44088],[15.05281,44.44141],[15.05332,44.43834],[15.07675,44.42017],[15.07856,44.4193],[15.08124,44.42119],[15.07209,44.42446],[15.05263,44.44366],[15.043,44.47975],[15.05307,44.47724],[15.05474,44.47145],[15.07658,44.46221],[15.07801,44.45784],[15.09626,44.44603],[15.11201,44.44037],[15.11559,44.44165],[15.1256,44.43086],[15.12452,44.42727],[15.13024,44.42624],[15.14168,44.41647],[15.13951,44.41057],[15.16276,44.40413],[15.17491,44.39718],[15.17627,44.39458],[15.17223,44.39333],[15.1863,44.37587],[15.2024,44.37789],[15.20239,44.37327],[15.21025,44.37146],[15.20881,44.36864],[15.21346,44.36941],[15.247,44.34958],[15.25026,44.33818],[15.2594,44.33294],[15.25603,44.32167],[15.24305,44.33109],[15.18627,44.35915],[15.1826,44.35905],[15.18249,44.35547],[15.1936,44.35161],[15.23616,44.31883],[15.22978,44.31673],[15.21398,44.3213],[15.21166,44.31874],[15.20889,44.3199],[15.20741,44.3199],[15.22636,44.30663],[15.22319,44.30249],[15.21497,44.30986],[15.18915,44.31859],[15.17959,44.31711],[15.14543,44.33125],[15.13567,44.33205],[15.13148,44.32558],[15.15859,44.30475],[15.17938,44.29419],[15.18109,44.29159],[15.17637,44.28908],[15.15754,44.29437],[15.11076,44.31867],[15.09357,44.33743],[15.09371,44.34134],[15.10062,44.33726],[15.10561,44.33928],[15.10618,44.34759],[15.09614,44.34938],[15.09801,44.35168],[15.0882,44.36032],[15.09555,44.37043],[15.11399,44.36972],[15.11821,44.37306],[15.11614,44.3787],[15.08224,44.39772],[15.06627,44.39879],[15.06848,44.39147],[15.06515,44.38796],[15.05663,44.39168],[15.04985,44.3893],[15.03851,44.39294],[15.03441,44.39958],[15.03942,44.40505],[15.02315,44.42537],[15.00821,44.43307],[14.98454,44.4536],[14.97215,44.46086],[14.96833,44.4592],[14.96873,44.46259],[14.96382,44.46484],[14.95394,44.4639],[14.95955,44.46778],[14.95384,44.47207],[14.95598,44.4681],[14.95134,44.46449],[14.93818,44.46525],[14.90793,44.48309],[14.89976,44.49739],[14.90723,44.49544],[14.91829,44.49727],[14.92109,44.50064],[14.91487,44.51513],[14.89081,44.53256],[14.88166,44.53423],[14.88052,44.54159],[14.87005,44.54827],[14.87369,44.5535],[14.88344,44.55173],[14.88187,44.5572],[14.86143,44.56508],[14.86645,44.56762],[14.8596,44.57569],[14.84724,44.57817],[14.8484,44.58196],[14.83461,44.58717],[14.83418,44.59678],[14.81771,44.60438],[14.81267,44.60975],[14.81452,44.61323],[14.80847,44.61391],[14.80952,44.61739],[14.80226,44.61918],[14.7982,44.6266],[14.7878,44.62985],[14.78864,44.63316],[14.77783,44.64127],[14.77999,44.64438],[14.7739,44.64625],[14.77276,44.65276],[14.75518,44.66324],[14.74678,44.67885],[14.7335,44.69038],[14.73675,44.69246],[14.73286,44.69391],[14.73237,44.70411],[14.76885,44.67797],[14.80398,44.64348],[14.80302,44.64088],[14.81278,44.63462],[14.81344,44.62929],[14.82002,44.62805],[14.82312,44.62146],[14.82937,44.62017],[14.84555,44.60711],[14.83945,44.60495]]]}},{"type":"Feature","properties":{"kind":"coast","area_km2":277.7903},"geometry":{"type":"Polygon","coordinates":[[[17.17074,42.92278],[17.17234,42.92535],[17.18173,42.92528],[17.18481,42.92183],[17.1967,42.92216],[17.20189,42.91683],[17.18808,42.91179],[17.18546,42.91825],[17.17791,42.91241],[17.14316,42.91188],[17.14313,42.90906],[17.13438,42.91035],[17.1324,42.90764],[17.12807,42.90899],[17.12919,42.913],[17.1248,42.90737],[17.12022,42.90706],[17.11398,42.90775],[17.1148,42.90863],[17.11484,42.91069],[17.10746,42.90814],[17.10712,42.91215],[17.10359,42.91245],[17.1025,42.90876],[17.0833,42.91265],[17.0838,42.91596],[17.07942,42.91626],[17.07916,42.91352],[17.04936,42.91924],[17.04544,42.92043],[17.04634,42.92401],[17.04223,42.92104],[17.03501,42.92402],[17.00486,42.92303],[17.00264,42.92803],[16.99831,42.92394],[16.98942,42.92357],[16.97606,42.92782],[16.96191,42.92453],[16.95206,42.91594],[16.9434,42.91308],[16.94004,42.91579],[16.93923,42.90996],[16.93504,42.9147],[16.93022,42.91007],[16.91397,42.90399],[16.91055,42.90638],[16.91052,42.90274],[16.89518,42.89993],[16.8945,42.89716],[16.8823,42.89928],[16.88096,42.89581],[16.8777,42.8981],[16.87655,42.8954],[16.87288,42.89713],[16.8643,42.89342],[16.86309,42.89647],[16.85852,42.89356],[16.84871,42.89737],[16.8601,42.90327],[16.86086,42.90634],[16.85606,42.90386],[16.85283,42.90619],[16.8575,42.90982],[16.83709,42.90206],[16.80006,42.90659],[16.79391,42.90285],[16.792,42.90658],[16.77526,42.90337],[16.77653,42.90851],[16.76911,42.90529],[16.7529,42.90746],[16.72193,42.91958],[16.714,42.92053],[16.71472,42.91669],[16.70935,42.92115],[16.70517,42.91885],[16.69387,42.92406],[16.67686,42.9241],[16.67397,42.92793],[16.67189,42.92463],[16.66782,42.9298],[16.66644,42.92722],[16.66532,42.92912],[16.66296,42.92944],[16.66628,42.9173],[16.66012,42.9156],[16.66045,42.91937],[16.65649,42.91742],[16.63858,42.92565],[16.64572,42.9293],[16.63906,42.93155],[16.63774,42.93657],[16.64447,42.93574],[16.64297,42.9381],[16.65024,42.93851],[16.65728,42.94339],[16.67082,42.94349],[16.66103,42.95004],[16.66305,42.95409],[16.67208,42.95227],[16.67465,42.95513],[16.69509,42.9568],[16.70035,42.96024],[16.71055,42.95634],[16.70986,42.95981],[16.71746,42.96239],[16.71396,42.9678],[16.71461,42.96345],[16.70755,42.96162],[16.70312,42.96287],[16.70192,42.96895],[16.69448,42.96595],[16.68796,42.96912],[16.68697,42.9669],[16.68269,42.96971],[16.67799,42.96819],[16.67726,42.97348],[16.66941,42.97379],[16.67076,42.97937],[16.66464,42.97605],[16.66406,42.98182],[16.65401,42.98481],[16.64558,42.97398],[16.63993,42.98341],[16.63608,42.98075],[16.62764,42.98485],[16.64072,42.99092],[16.64887,42.98938],[16.64879,42.9855],[16.6575,42.99028],[16.66163,42.98929],[16.66146,42.99257],[16.66713,42.99263],[16.66869,42.98729],[16.6734,42.99316],[16.67399,42.99112],[16.68402,42.9936],[16.68445,42.99211],[16.68294,42.99016],[16.68302,42.9899],[16.6938,42.99415],[16.69828,42.99194],[16.69623,42.98699],[16.70329,42.99061],[16.70787,42.98474],[16.71243,42.99086],[16.72076,42.98687],[16.72487,42.98968],[16.73462,42.97983],[16.76278,42.97382],[16.76533,42.97672],[16.77484,42.97036],[16.77929,42.97316],[16.78489,42.97035],[16.78365,42.96644],[16.79239,42.96941],[16.80863,42.96825],[16.80783,42.96555],[16.81098,42.96725],[16.85102,42.95759],[16.87308,42.95876],[16.88768,42.96473],[16.89982,42.96343],[16.91361,42.96856],[16.91083,42.97148],[16.92422,42.971],[16.92826,42.96803],[16.92832,42.9718],[16.94438,42.97434],[16.99507,42.97412],[17.01035,42.97794],[17.02058,42.97315],[17.021,42.97773],[17.04311,42.9806],[17.04855,42.97996],[17.04126,42.97653],[17.04541,42.97307],[17.06102,42.9721],[17.06203,42.96892],[17.07883,42.96949],[17.09138,42.96448],[17.10047,42.9656],[17.09726,42.96383],[17.10144,42.96096],[17.1067,42.96484],[17.11178,42.96302],[17.11091,42.95856],[17.11736,42.95865],[17.11504,42.9633],[17.12666,42.96026],[17.13557,42.96331],[17.1397,42.95398],[17.13775,42.94945],[17.14412,42.95248],[17.14496,42.95788],[17.15073,42.95274],[17.14857,42.95106],[17.1645,42.93506],[17.16072,42.92769],[17.16703,42.93005],[17.17074,42.92278]]]}},{"type":"Feature","properties":{"kind":"coast","area_km2":231.1142},"geometry":{"type":"Polygon","coordinates":[[[10.31725,42.80891],[10.31299,42.80676],[10.31371,42.80241],[10.31565,42.80538],[10.31509,42.80667],[10.31565,42.80689],[10.31563,42.8075],[10.31604,42.8078],[10.3166,42.80256],[10.33188,42.80232],[10.34052,42.79658],[10.35736,42.79925],[10.36173,42.80408],[10.3574,42.80906],[10.36303,42.8107],[10.35839,42.81308],[10.35955,42.81697],[10.36769,42.81726],[10.37585,42.82834],[10.37974,42.82638],[10.3808,42.83303],[10.38569,42.83356],[10.38313,42.83666],[10.3911,42.84391],[10.39027,42.85077],[10.40401,42.86135],[10.40785,42.87116],[10.41286,42.87298],[10.41724,42.86746],[10.42367,42.8677],[10.42125,42.85971],[10.43422,42.85645],[10.44415,42.84735],[10.42852,42.81574],[10.43167,42.81536],[10.42945,42.80623],[10.43712,42.79896],[10.42974,42.79358],[10.43528,42.77814],[10.4335,42.77485],[10.41914,42.77357],[10.41441,42.76738],[10.40661,42.76904],[10.40606,42.76337],[10.39803,42.76283],[10.39711,42.76519],[10.38529,42.75905],[10.41004,42.75474],[10.40827,42.74579],[10.42226,42.74316],[10.43383,42.73472],[10.43131,42.7294],[10.43543,42.7205],[10.4317,42.71243],[10.42203,42.70749],[10.41107,42.71644],[10.3963,42.71024],[10.38302,42.71478],[10.3756,42.71965],[10.37398,42.73098],[10.36614,42.73181],[10.36722,42.74099],[10.35824,42.7478],[10.35825,42.75829],[10.34453,42.76396],[10.33368,42.76332],[10.33289,42.75932],[10.32386,42.76223],[10.31836,42.76011],[10.32572,42.7449],[10.3196,42.736],[10.31401,42.74448],[10.31248,42.75771],[10.30259,42.75977],[10.29101,42.75298],[10.28705,42.73559],[10.28303,42.73494],[10.2813,42.73804],[10.27037,42.73665],[10.26468,42.74517],[10.25613,42.74396],[10.24376,42.75028],[10.23547,42.74515],[10.23973,42.74329],[10.23458,42.73689],[10.241,42.73436],[10.2398,42.72693],[10.22263,42.72812],[10.20391,42.73579],[10.18737,42.73423],[10.18534,42.73738],[10.16167,42.73173],[10.15454,42.73345],[10.15873,42.72561],[10.15049,42.731],[10.13718,42.73159],[10.12255,42.74162],[10.11355,42.75774],[10.10243,42.76626],[10.10622,42.79131],[10.12058,42.79807],[10.12125,42.80285],[10.13992,42.80925],[10.14326,42.80677],[10.1745,42.80618],[10.17899,42.81121],[10.18591,42.81221],[10.18851,42.80942],[10.19488,42.81019],[10.19915,42.80869],[10.19409,42.80935],[10.1979,42.80605],[10.20595,42.80701],[10.21986,42.79304],[10.24132,42.78732],[10.24896,42.79132],[10.24745,42.7991],[10.25728,42.80103],[10.2612,42.7979],[10.26955,42.80353],[10.26248,42.81124],[10.27219,42.8141],[10.27533,42.81878],[10.26977,42.82436],[10.26308,42.8248],[10.26249,42.82986],[10.26918,42.8253],[10.28701,42.82342],[10.29592,42.81871],[10.31594,42.82133],[10.32107,42.81744],[10.33279,42.81776],[10.33449,42.81479],[10.33144,42.81194],[10.33101,42.81434],[10.32523,42.81404],[10.32322,42.81004],[10.31349,42.80987],[10.31725,42.80891]]]}},{"type":"Feature","properties":{"kind":"coast","area_km2":230.5481},"geometry":{"type":"Polygon","coordinates":[[[14.49062,35.89633],[14.49033,35.89551],[14.49732,35.8965],[14.49748,35.89289],[14.51277,35.90241],[14.52065,35.90273],[14.50772,35.88859],[14.5096,35.89105],[14.49786,35.8851],[14.50155,35.88078],[14.49802,35.88119],[14.49679,35.87882],[14.50365,35.87913],[14.50609,35.88529],[14.51178,35.88652],[14.51683,35.88093],[14.51413,35.89107],[14.5201,35.88137],[14.51674,35.89268],[14.52726,35.88866],[14.52269,35.89231],[14.52782,35.89377],[14.52297,35.89942],[14.53842,35.8954],[14.56406,35.87872],[14.5753,35.86718],[14.5634,35.86546],[14.56175,35.8633],[14.56831,35.86522],[14.57649,35.86133],[14.56325,35.85359],[14.56508,35.84986],[14.57221,35.84976],[14.5675,35.84514],[14.57277,35.84081],[14.56375,35.84273],[14.56483,35.83712],[14.55964,35.83775],[14.564,35.83495],[14.56264,35.82422],[14.55951,35.8244],[14.5623,35.81979],[14.55909,35.81901],[14.55557,35.83202],[14.54567,35.84116],[14.5447,35.82928],[14.53828,35.833],[14.53085,35.83234],[14.5337,35.82709],[14.52949,35.82359],[14.53073,35.81989],[14.53349,35.82172],[14.542,35.81596],[14.53882,35.82129],[14.54694,35.8205],[14.54302,35.81329],[14.54968,35.81795],[14.54301,35.81133],[14.53049,35.80632],[14.51219,35.80693],[14.49411,35.81395],[14.47525,35.814],[14.45845,35.82206],[14.44984,35.81957],[14.43432,35.82596],[14.41674,35.82818],[14.41586,35.8338],[14.39631,35.83838],[14.39552,35.84317],[14.37989,35.8485],[14.37272,35.85344],[14.37391,35.85344],[14.37012,35.85651],[14.37012,35.85523],[14.35283,35.86714],[14.3545,35.87035],[14.34191,35.87362],[14.3365,35.87981],[14.33496,35.89127],[14.32906,35.89615],[14.33157,35.90198],[14.32814,35.90635],[14.34114,35.90642],[14.33267,35.91833],[14.33487,35.92295],[14.34404,35.92091],[14.34357,35.92675],[14.33902,35.92732],[14.34453,35.92888],[14.34422,35.93352],[14.33088,35.93816],[14.32863,35.94217],[14.33605,35.94468],[14.34166,35.95396],[14.33789,35.95837],[14.34167,35.96048],[14.33572,35.96225],[14.33546,35.9703],[14.32204,35.96862],[14.31889,35.97134],[14.33404,35.98381],[14.32683,35.98726],[14.32819,35.98974],[14.33809,35.98591],[14.35119,35.98669],[14.35318,35.9917],[14.35744,35.98922],[14.36498,35.99196],[14.36191,35.99633],[14.36782,35.9982],[14.37582,35.98714],[14.36651,35.98509],[14.35313,35.97577],[14.35078,35.96928],[14.35561,35.96611],[14.37937,35.97147],[14.38192,35.96783],[14.39712,35.96777],[14.39643,35.95834],[14.38983,35.95795],[14.38477,35.94517],[14.39975,35.95072],[14.40553,35.94884],[14.42826,35.9609],[14.42122,35.94469],[14.43321,35.95486],[14.43753,35.95414],[14.44716,35.94955],[14.45008,35.94315],[14.45483,35.94717],[14.45922,35.9379],[14.47621,35.93795],[14.49109,35.9306],[14.48772,35.92629],[14.49552,35.92699],[14.49503,35.91944],[14.49007,35.9192],[14.4937,35.91457],[14.49887,35.9189],[14.51521,35.90709],[14.49914,35.90739],[14.49672,35.90436],[14.50489,35.90532],[14.50832,35.9037],[14.50305,35.90128],[14.49656,35.90416],[14.49563,35.903],[14.50061,35.89999],[14.50006,35.89667],[14.49529,35.89767],[14.49062,35.89633]]]}},{"type":"Feature","properties":{"kind":"coast","area_km2":116.3056},"geometry":{"type":"Polygon","coordinates":[[[15.15901,43.89112],[15.16113,43.89378],[15.16113,43.8887],[15.16978,43.89493],[15.1735,43.88696],[15.18931,43.87847],[15.19551,43.88065],[15.19978,43.8781],[15.20064,43.87365],[15.19492,43.87114],[15.19997,43.865],[15.18491,43.87151],[15.18539,43.87495],[15.1793,43.87529],[15.18022,43.8788],[15.16122,43.8857],[15.10267,43.9272],[15.08586,43.94694],[15.07776,43.95049],[15.08103,43.9523],[15.07818,43.95624],[15.073,43.95589],[15.06904,43.9602],[15.06134,43.97045],[15.06302,43.9734],[15.05662,43.97582],[15.05745,43.98016],[15.0497,43.98396],[15.0367,44.00303],[15.02706,44.01012],[15.02697,44.0168],[15.01287,44.03431],[14.99202,44.05052],[14.99227,44.05643],[14.98719,44.05447],[14.97061,44.06946],[14.93829,44.08507],[14.92221,44.10377],[14.88802,44.12833],[14.87336,44.13453],[14.87382,44.12388],[14.82798,44.14288],[14.81867,44.15188],[14.82482,44.1623],[14.83231,44.16488],[14.83706,44.16219],[14.82568,44.15977],[14.82575,44.15365],[14.83375,44.15087],[14.83419,44.14599],[14.8525,44.14204],[14.85644,44.13544],[14.86092,44.13554],[14.86289,44.14082],[14.85229,44.14334],[14.84545,44.15225],[14.8558,44.14748],[14.85573,44.15172],[14.86743,44.14473],[14.86578,44.14101],[14.87977,44.13895],[14.87754,44.14581],[14.86697,44.15302],[14.8612,44.16691],[14.85636,44.1678],[14.85392,44.17314],[14.85708,44.17724],[14.86031,44.17184],[14.87233,44.16768],[14.87,44.16406],[14.88312,44.16453],[14.88078,44.15975],[14.88889,44.15721],[14.8899,44.15192],[14.89733,44.15238],[14.91164,44.14227],[14.90508,44.1399],[14.92106,44.12294],[14.92927,44.11867],[14.93555,44.11914],[14.93493,44.12305],[14.94434,44.11922],[14.94647,44.11663],[14.93941,44.11016],[14.94724,44.10774],[14.94613,44.10294],[14.96162,44.09762],[14.97049,44.08929],[14.98704,44.0863],[14.99818,44.07842],[14.99542,44.08797],[15.0096,44.08239],[15.00959,44.07368],[15.00128,44.07493],[15.00407,44.06881],[15.01445,44.07129],[15.01934,44.06209],[15.02395,44.06366],[15.02183,44.05726],[15.02841,44.04728],[15.02473,44.04581],[15.02932,44.03605],[15.04554,44.01949],[15.05155,44.00763],[15.06076,43.99979],[15.06938,43.99992],[15.07694,43.98996],[15.08009,43.99081],[15.09581,43.97864],[15.10011,43.98356],[15.09695,43.99004],[15.11931,43.9802],[15.12144,43.9754],[15.11498,43.97136],[15.11539,43.96976],[15.12498,43.96601],[15.12805,43.95961],[15.1451,43.9554],[15.1477,43.9504],[15.14403,43.95029],[15.1442,43.94835],[15.15019,43.94801],[15.15929,43.93808],[15.16251,43.9413],[15.16811,43.93937],[15.16972,43.93667],[15.16501,43.93778],[15.165,43.93736],[15.17709,43.92666],[15.17351,43.92542],[15.18433,43.92324],[15.19427,43.91432],[15.19608,43.91722],[15.20026,43.9162],[15.21837,43.90839],[15.22626,43.89646],[15.2136,43.89915],[15.21923,43.89073],[15.21373,43.89173],[15.2101,43.8876],[15.19369,43.8951],[15.18978,43.9008],[15.1898,43.90314],[15.18948,43.90424],[15.1887,43.90507],[15.18854,43.89729],[15.17738,43.90482],[15.17513,43.90288],[15.17005,43.90505],[15.16962,43.90144],[15.16139,43.90479],[15.15678,43.90173],[15.15935,43.90607],[15.15653,43.90818],[15.16513,43.90894],[15.1519,43.91816],[15.14698,43.91606],[15.14962,43.91833],[15.14648,43.92407],[15.13781,43.92869],[15.13855,43.92485],[15.13422,43.92629],[15.12902,43.92163],[15.13589,43.91656],[15.13298,43.9144],[15.14564,43.91506],[15.15266,43.90055],[15.14891,43.89965],[15.15901,43.89112]]]}},{"type":"Feature","properties":{"kind":"coast","area_km2":107.1787},"geometry":{"type":"Polygon","coordinates":[[[8.45842,39.06617],[8.46812,39.05345],[8.46613,39.0517],[8.46864,39.05206],[8.47428,39.05143],[8.47467,39.05093],[8.46932,39.05114],[8.45278,39.02466],[8.44876,39.00024],[8.45155,38.98971],[8.44052,38.97814],[8.4448,38.96884],[8.43787,38.96715],[8.43043,38.95972],[8.41709,38.9601],[8.41413,38.9552],[8.40325,38.96225],[8.40374,38.97391],[8.3964,38.97658],[8.39471,38.98926],[8.38845,38.99193],[8.386,39.00269],[8.38249,39.00301],[8.38564,39.00844],[8.37569,39.01146],[8.37079,39.01916],[8.3742,39.02301],[8.37049,39.02167],[8.36452,39.0297],[8.36046,39.03762],[8.36121,39.05198],[8.34982,39.07633],[8.34977,39.08297],[8.35327,39.08079],[8.35846,39.08614],[8.35079,39.09744],[8.36139,39.09852],[8.36037,39.10988],[8.3655,39.1089],[8.36549,39.11112],[8.36706,39.11304],[8.37081,39.11541],[8.36821,39.11298],[8.37129,39.11494],[8.37519,39.11368],[8.37217,39.11365],[8.37415,39.11076],[8.37855,39.10089],[8.38712,39.09841],[8.40221,39.10431],[8.40937,39.10177],[8.4267,39.10842],[8.42911,39.10222],[8.42096,39.09596],[8.43154,39.09596],[8.45653,39.08368],[8.45842,39.06617]]]}},{"type":"Feature","properties":{"kind":"coast","area_km2":100.3667},"geometry":{"type":"Polygon","coordinates":[[[17.6684,42.7364],[17.67406,42.7274],[17.67002,42.72856],[17.66907,42.72552],[17.68274,42.72964],[17.70964,42.72094],[17.71098,42.71768],[17.71909,42.71788],[17.719,42.71554],[17.74613,42.70859],[17.74127,42.70362],[17.74414,42.69706],[17.75408,42.69309],[17.7499,42.69106],[17.75185,42.68876],[17.74802,42.68663],[17.74346,42.69111],[17.74014,42.68799],[17.73598,42.68936],[17.7368,42.69525],[17.74133,42.69642],[17.73922,42.70028],[17.73174,42.69438],[17.72473,42.69456],[17.7266,42.69706],[17.72122,42.69983],[17.71288,42.6994],[17.70711,42.69179],[17.70842,42.69528],[17.70117,42.69741],[17.69795,42.6922],[17.69949,42.70173],[17.66872,42.71049],[17.65886,42.70989],[17.64546,42.71738],[17.62593,42.71671],[17.62179,42.72014],[17.60721,42.72198],[17.59274,42.72197],[17.58942,42.71912],[17.58619,42.72311],[17.56231,42.72287],[17.53144,42.73467],[17.5096,42.7333],[17.49878,42.73884],[17.49896,42.74191],[17.49424,42.7404],[17.47667,42.74805],[17.47073,42.74614],[17.4562,42.75261],[17.44456,42.74496],[17.43771,42.74871],[17.43737,42.75394],[17.42107,42.75462],[17.41844,42.75854],[17.41432,42.75466],[17.40952,42.75622],[17.40611,42.76365],[17.3886,42.76735],[17.37487,42.76839],[17.37637,42.77238],[17.36868,42.77614],[17.36644,42.77325],[17.36166,42.77469],[17.36107,42.7788],[17.35054,42.78497],[17.34345,42.78169],[17.35046,42.7781],[17.3509,42.7831],[17.35779,42.77891],[17.35187,42.77514],[17.36013,42.76714],[17.37398,42.76877],[17.38113,42.76544],[17.38817,42.76629],[17.38467,42.76294],[17.38887,42.75841],[17.37845,42.76103],[17.37943,42.75939],[17.38488,42.75834],[17.38827,42.75599],[17.38425,42.75638],[17.36694,42.76436],[17.3288,42.77458],[17.32923,42.78076],[17.32365,42.78357],[17.32715,42.78601],[17.31843,42.78388],[17.31718,42.78585],[17.32711,42.79235],[17.3286,42.7878],[17.33289,42.78936],[17.33182,42.77931],[17.33381,42.7857],[17.34396,42.78735],[17.36324,42.79997],[17.36845,42.7998],[17.36707,42.80519],[17.37387,42.79707],[17.37893,42.80336],[17.38647,42.80366],[17.39622,42.80044],[17.3849,42.7904],[17.37047,42.79092],[17.37803,42.78581],[17.3921,42.78774],[17.4139,42.78372],[17.43982,42.78638],[17.44019,42.78176],[17.44629,42.77926],[17.44629,42.77649],[17.44962,42.77894],[17.45399,42.78078],[17.46792,42.7754],[17.49968,42.77151],[17.5123,42.76568],[17.59316,42.75081],[17.61087,42.74525],[17.59607,42.74567],[17.59915,42.73718],[17.62196,42.7372],[17.62007,42.74013],[17.63863,42.73817],[17.64539,42.73608],[17.649,42.72963],[17.65528,42.73454],[17.6684,42.7364]]]}},{"type":"Feature","properties":{"kind":"coast","area_km2":92.8799},"geometry":{"type":"Polygon","coordinates":[[[16.20357,43.06401],[16.20403,43.06931],[16.21848,43.074],[16.22236,43.07143],[16.22882,43.07567],[16.22891,43.07144],[16.2333,43.07553],[16.24327,43.07678],[16.23727,43.07227],[16.24304,43.07242],[16.23998,43.07036],[16.24208,43.06452],[16.24721,43.07265],[16.25541,43.07349],[16.24888,43.06595],[16.25762,43.06537],[16.25224,43.05912],[16.25816,43.0603],[16.25193,43.05019],[16.23437,43.03948],[16.23074,43.04037],[16.23063,43.0297],[16.22364,43.02864],[16.22212,43.02274],[16.21246,43.02473],[16.21558,43.01662],[16.2069,43.01689],[16.20392,43.02254],[16.20075,43.02019],[16.19688,43.02392],[16.19768,43.01882],[16.19316,43.01751],[16.18496,43.01784],[16.18579,43.02135],[16.17504,43.01663],[16.1715,43.02142],[16.1714,43.01487],[16.16153,43.01838],[16.1614,43.01443],[16.15545,43.01411],[16.15605,43.01683],[16.14142,43.01167],[16.13469,43.01353],[16.13119,43.01026],[16.11301,43.00672],[16.10969,43.00896],[16.10254,43.00562],[16.06664,43.00595],[16.07058,43.013],[16.09313,43.02412],[16.09325,43.03579],[16.08421,43.0481],[16.0633,43.04088],[16.05624,43.05181],[16.04879,43.05361],[16.05341,43.05699],[16.07386,43.06427],[16.08019,43.07002],[16.08416,43.06878],[16.10336,43.07492],[16.1137,43.07379],[16.11704,43.07739],[16.12227,43.0735],[16.12336,43.07855],[16.1292,43.07813],[16.12664,43.07486],[16.13162,43.07316],[16.13694,43.0787],[16.14657,43.07983],[16.17278,43.07872],[16.1853,43.08167],[16.18799,43.0791],[16.18144,43.07794],[16.17792,43.07839],[16.18937,43.07336],[16.1987,43.07535],[16.19411,43.06727],[16.18869,43.06864],[16.18918,43.06169],[16.18406,43.06191],[16.19549,43.05756],[16.20357,43.06401]]]}},{"type":"Feature","properties":{"kind":"coast","area_km2":90.8203},"geometry":{"type":"Polygon","coordinates":[[[14.71108,44.75704],[14.71196,44.7636],[14.70694,44.75676],[14.70028,44.75569],[14.70246,44.76236],[14.6944,44.75792],[14.69216,44.76246],[14.68573,44.76276],[14.69008,44.76643],[14.67821,44.76708],[14.6784,44.7727],[14.67327,44.77067],[14.66741,44.77713],[14.6693,44.78203],[14.66403,44.78125],[14.65521,44.7896],[14.66164,44.79894],[14.66798,44.80072],[14.67594,44.79587],[14.68313,44.79794],[14.69001,44.7918],[14.70761,44.78523],[14.70864,44.79011],[14.69906,44.79506],[14.70382,44.79461],[14.69835,44.8004],[14.69956,44.80923],[14.70635,44.80511],[14.70916,44.80724],[14.7121,44.80161],[14.72978,44.79923],[14.71032,44.82052],[14.69401,44.82585],[14.67908,44.84513],[14.68276,44.84551],[14.68436,44.84204],[14.689,44.8458],[14.69227,44.84184],[14.70075,44.84375],[14.69984,44.84134],[14.70985,44.84054],[14.71449,44.83797],[14.7125,44.83611],[14.72364,44.8319],[14.72566,44.83487],[14.71817,44.84146],[14.72248,44.84169],[14.72046,44.85116],[14.72601,44.85256],[14.72512,44.84986],[14.73035,44.84832],[14.7355,44.85066],[14.73176,44.84657],[14.73797,44.84782],[14.73921,44.84517],[14.74224,44.84898],[14.74845,44.85068],[14.75215,44.85078],[14.74586,44.84701],[14.7531,44.84424],[14.75045,44.84061],[14.75938,44.84281],[14.76338,44.83987],[14.75491,44.83564],[14.75746,44.82628],[14.74757,44.8226],[14.7432,44.82467],[14.73723,44.82006],[14.81796,44.76081],[14.82734,44.7578],[14.84711,44.7347],[14.85391,44.73232],[14.86171,44.71573],[14.86518,44.72308],[14.86943,44.7047],[14.86044,44.7078],[14.86365,44.7024],[14.86057,44.70402],[14.85225,44.69882],[14.8389,44.70098],[14.80859,44.72832],[14.80839,44.73252],[14.79804,44.7351],[14.78387,44.74862],[14.77436,44.749],[14.76127,44.7601],[14.7633,44.75326],[14.75226,44.76359],[14.73519,44.76924],[14.74307,44.75836],[14.7467,44.75848],[14.75517,44.75138],[14.73896,44.75933],[14.73368,44.76023],[14.72984,44.75676],[14.7287,44.76134],[14.72327,44.75496],[14.72033,44.75962],[14.71475,44.75644],[14.71764,44.76176],[14.71108,44.75704]]]}},{"type":"Feature","properties":{"kind":"coast","area_km2":79.3201},"geometry":{"type":"Polygon","coordinates":[[[11.94792,36.83705],[11.95313,36.83288],[11.95313,36.83774],[11.96154,36.83887],[11.97585,36.83446],[11.97918,36.82671],[11.98578,36.82357],[12.00136,36.81949],[12.0043,36.82442],[12.01368,36.82489],[12.02542,36.81165],[12.03784,36.8034],[12.0456,36.80271],[12.04532,36.79895],[12.05136,36.7997],[12.04913,36.79671],[12.05419,36.79287],[12.05647,36.77763],[12.0551,36.76224],[12.04712,36.74908],[12.02349,36.73438],[11.99255,36.7373],[11.98977,36.74236],[11.98097,36.74568],[11.97053,36.76582],[11.96399,36.76946],[11.9567,36.76805],[11.95198,36.7835],[11.92671,36.80221],[11.92586,36.81633],[11.93081,36.82763],[11.9328,36.82788],[11.93484,36.83392],[11.94019,36.83792],[11.93528,36.83295],[11.93917,36.83148],[11.94093,36.83481],[11.94225,36.83096],[11.94366,36.83648],[11.94792,36.83705]]]}},{"type":"Feature","properties":{"kind":"coast","area_km2":63.863},"geometry":{"type":"Polygon","coordinates":[[[11.21097,42.39397],[11.21314,42.38804],[11.19245,42.38006],[11.18784,42.37256],[11.19016,42.36372],[11.18574,42.36286],[11.17843,42.36482],[11.17702,42.36838],[11.16571,42.368],[11.15316,42.36107],[11.15127,42.37063],[11.14169,42.37783],[11.13156,42.37855],[11.12714,42.38604],[11.09607,42.39292],[11.0953,42.40276],[11.08772,42.4056],[11.09222,42.41585],[11.08861,42.417],[11.09025,42.42592],[11.08706,42.42988],[11.09166,42.4286],[11.09649,42.43144],[11.09562,42.43861],[11.10011,42.43875],[11.10353,42.44667],[11.11202,42.44712],[11.11559,42.43975],[11.12462,42.43934],[11.12012,42.43704],[11.12264,42.43461],[11.12424,42.43773],[11.13212,42.43904],[11.13965,42.43405],[11.14955,42.43695],[11.15781,42.43313],[11.17746,42.45095],[11.18001,42.45653],[11.18012,42.45589],[11.17297,42.43967],[11.19072,42.42346],[11.20606,42.41754],[11.23969,42.4174],[11.2109,42.40939],[11.21102,42.40221],[11.20674,42.40267],[11.2055,42.40138],[11.20962,42.40037],[11.2131,42.40362],[11.21208,42.39731],[11.20503,42.39353],[11.20848,42.39054],[11.21097,42.39397]]]}},{"type":"Feature","properties":{"kind":"coast","area_km2":62.0089},"geometry":{"type":"Polygon","coordinates":[[[14.27153,36.0204],[14.27278,36.01654],[14.2612,36.01149],[14.25111,36.0184],[14.21887,36.02088],[14.21217,36.02772],[14.21733,36.03006],[14.20936,36.03307],[14.18618,36.03604],[14.18945,36.04544],[14.19335,36.04626],[14.18827,36.04803],[14.19175,36.06079],[14.1841,36.06504],[14.18394,36.0723],[14.22292,36.08182],[14.22855,36.07874],[14.23118,36.08213],[14.25194,36.08007],[14.25821,36.07161],[14.26722,36.07327],[14.28185,36.06165],[14.29089,36.0655],[14.3011,36.0569],[14.30942,36.05926],[14.31199,36.05253],[14.3181,36.04994],[14.33303,36.03875],[14.33434,36.03033],[14.32054,36.02575],[14.29888,36.0267],[14.29773,36.02375],[14.3021,36.02491],[14.29678,36.02104],[14.27923,36.01582],[14.27153,36.0204]]]}},{"type":"Feature","properties":{"kind":"coast","area_km2":61.3154},"geometry":{"type":"Polygon","coordinates":[[[15.39732,43.90973],[15.39018,43.91018],[15.38522,43.91486],[15.37874,43.91323],[15.38443,43.90664],[15.37841,43.90819],[15.37542,43.91469],[15.37021,43.91456],[15.37362,43.90721],[15.36266,43.91005],[15.35385,43.92472],[15.3572,43.92599],[15.36253,43.92203],[15.36469,43.92406],[15.36013,43.92845],[15.35115,43.93254],[15.34926,43.92799],[15.34869,43.9353],[15.3355,43.93691],[15.33803,43.94359],[15.33019,43.94561],[15.3288,43.94367],[15.32235,43.9519],[15.31771,43.95001],[15.30793,43.95455],[15.2999,43.97112],[15.26857,43.99511],[15.26467,44.00165],[15.26687,44.00599],[15.25678,44.00634],[15.25192,44.01501],[15.26303,44.01531],[15.26126,44.01897],[15.26554,44.0211],[15.27145,44.01357],[15.28935,44.01223],[15.28754,44.00941],[15.29581,44.00151],[15.32425,43.99434],[15.32957,43.98778],[15.34586,43.98044],[15.35763,43.96581],[15.36252,43.96474],[15.3661,43.96937],[15.37539,43.96762],[15.37955,43.958],[15.38942,43.95679],[15.38595,43.94954],[15.38997,43.93768],[15.42053,43.92169],[15.44953,43.90149],[15.4499,43.89749],[15.45616,43.89658],[15.45119,43.88686],[15.44159,43.89588],[15.43404,43.88936],[15.42753,43.88945],[15.40331,43.90434],[15.39597,43.90494],[15.39732,43.90973]]]}},{"type":"Feature","properties":{"kind":"coast","area_km2":58.8425},"geometry":{"type":"Polygon","coordinates":[[[16.26734,43.40867],[16.27561,43.41072],[16.29651,43.40311],[16.29316,43.39954],[16.30041,43.3983],[16.29775,43.39549],[16.30089,43.3925],[16.30556,43.39969],[16.31818,43.39567],[16.31228,43.39072],[16.31613,43.38702],[16.31022,43.38649],[16.31339,43.37964],[16.32093,43.386],[16.32443,43.38375],[16.32878,43.39528],[16.33929,43.38151],[16.35021,43.37704],[16.35267,43.36961],[16.35364,43.37355],[16.36039,43.37269],[16.36172,43.36451],[16.36891,43.35931],[16.36351,43.35653],[16.36972,43.35632],[16.37422,43.35293],[16.3717,43.35039],[16.37869,43.34825],[16.38381,43.34152],[16.38558,43.34393],[16.39228,43.34123],[16.39883,43.32949],[16.39397,43.32786],[16.38861,43.33632],[16.38611,43.32468],[16.38158,43.32538],[16.37582,43.3346],[16.37374,43.32936],[16.36657,43.33097],[16.36623,43.3409],[16.36251,43.33471],[16.35761,43.33407],[16.35169,43.336],[16.34871,43.34147],[16.31699,43.3483],[16.31275,43.35081],[16.31517,43.35413],[16.30603,43.35482],[16.31093,43.35743],[16.30899,43.36197],[16.30224,43.35813],[16.2934,43.36775],[16.29167,43.36383],[16.2875,43.36429],[16.28945,43.37149],[16.28534,43.36996],[16.28525,43.37295],[16.2811,43.37262],[16.27806,43.36725],[16.27088,43.37209],[16.26698,43.37059],[16.26776,43.3743],[16.26296,43.37269],[16.26112,43.37668],[16.25825,43.37402],[16.25211,43.37935],[16.24958,43.37658],[16.24695,43.3803],[16.24216,43.37856],[16.24156,43.38198],[16.23411,43.38042],[16.23101,43.38576],[16.2273,43.38184],[16.21551,43.3846],[16.20972,43.38273],[16.20613,43.38865],[16.21658,43.39397],[16.20774,43.39188],[16.20268,43.39542],[16.20449,43.39793],[16.20757,43.39822],[16.20175,43.39925],[16.20361,43.40361],[16.2083,43.40389],[16.20024,43.40996],[16.20692,43.41451],[16.21497,43.41189],[16.25179,43.41408],[16.26516,43.41245],[16.26734,43.40867]]]}},{"type":"Feature","properties":{"kind":"coast","area_km2":54.1998},"geometry":{"type":"Polygon","coordinates":[[[14.34362,44.66589],[14.33807,44.69276],[14.34181,44.70065],[14.33894,44.7018],[14.34018,44.71277],[14.34573,44.70977],[14.34949,44.71106],[14.3483,44.70705],[14.35398,44.70589],[14.35409,44.70133],[14.3615,44.69697],[14.36675,44.69721],[14.36857,44.70113],[14.36958,44.69515],[14.37201,44.69888],[14.38037,44.70099],[14.38336,44.69437],[14.39223,44.69279],[14.39434,44.68556],[14.39917,44.6841],[14.39612,44.67336],[14.39785,44.6567],[14.40147,44.65513],[14.39639,44.6457],[14.40063,44.64523],[14.39938,44.63533],[14.39382,44.63567],[14.39269,44.6298],[14.39556,44.61961],[14.40383,44.61676],[14.40041,44.61328],[14.40651,44.61195],[14.40462,44.60778],[14.41322,44.59836],[14.41593,44.58833],[14.42275,44.58562],[14.42768,44.57538],[14.43378,44.57392],[14.43254,44.56836],[14.44539,44.56279],[14.4438,44.55665],[14.45557,44.55345],[14.45652,44.54938],[14.4603,44.54563],[14.45993,44.54488],[14.44218,44.55366],[14.4319,44.56629],[14.42358,44.56934],[14.4269,44.56142],[14.41901,44.56406],[14.40864,44.57511],[14.40326,44.57397],[14.40815,44.55986],[14.39423,44.55997],[14.39659,44.55653],[14.3934,44.55391],[14.38684,44.55569],[14.38605,44.56094],[14.36869,44.56219],[14.36974,44.57044],[14.37645,44.57574],[14.37261,44.58961],[14.38028,44.59426],[14.38121,44.58988],[14.38481,44.58958],[14.38528,44.59831],[14.39289,44.59845],[14.39307,44.60339],[14.38369,44.61122],[14.38191,44.62646],[14.36856,44.63243],[14.36779,44.63679],[14.36239,44.63727],[14.3616,44.64445],[14.35518,44.6457],[14.35403,44.64295],[14.3515,44.6452],[14.35485,44.65288],[14.34362,44.66589]]]}},{"type":"Feature","properties":{"kind":"coast","area_km2":52.0585},"geometry":{"type":"Polygon","coordinates":[[[15.07712,44.12454],[15.0787,44.12648],[15.07008,44.13291],[15.06837,44.12984],[15.06421,44.13243],[15.07271,44.13912],[15.06084,44.1519],[15.06324,44.15861],[15.08417,44.14396],[15.09728,44.14008],[15.09808,44.13579],[15.10504,44.13575],[15.10514,44.12885],[15.11279,44.12893],[15.11737,44.12488],[15.11982,44.127],[15.12047,44.12352],[15.12655,44.12615],[15.15302,44.10247],[15.15402,44.1078],[15.16616,44.10235],[15.16487,44.09656],[15.16769,44.09608],[15.16899,44.09702],[15.17085,44.0968],[15.168,44.0963],[15.17258,44.09289],[15.1698,44.10085],[15.18448,44.09408],[15.18702,44.09206],[15.18274,44.0928],[15.18332,44.08421],[15.1956,44.07677],[15.20284,44.06505],[15.21046,44.06461],[15.20994,44.06117],[15.225,44.05743],[15.23609,44.04631],[15.24369,44.04594],[15.24699,44.03897],[15.25356,44.03662],[15.24666,44.03378],[15.25323,44.033],[15.25994,44.02074],[15.25019,44.01969],[15.25085,44.01414],[15.24262,44.00947],[15.23771,44.01692],[15.24472,44.01791],[15.24351,44.02421],[15.23024,44.02689],[15.2329,44.03169],[15.22571,44.03567],[15.22928,44.03788],[15.21841,44.04658],[15.21211,44.0493],[15.21827,44.03371],[15.19897,44.04899],[15.20528,44.03618],[15.19931,44.03208],[15.18127,44.04517],[15.1701,44.05864],[15.16248,44.05963],[15.14407,44.07533],[15.12726,44.08901],[15.11725,44.10657],[15.10916,44.10878],[15.11089,44.10438],[15.1028,44.10899],[15.10153,44.10716],[15.10071,44.10713],[15.08999,44.11945],[15.07712,44.12454]]]}},{"type":"Feature","properties":{"kind":"coast","area_km2":50.9169},"geometry":{"type":"Polygon","coordinates":[[[8.33792,41.07637],[8.33515,41.07346],[8.34091,41.07058],[8.33863,41.05979],[8.32906,41.05737],[8.33245,41.05004],[8.32489,41.05583],[8.2954,41.05978],[8.28065,41.06613],[8.28084,41.06082],[8.27534,41.05583],[8.26356,41.05628],[8.26606,41.05303],[8.25742,41.05119],[8.26883,41.04664],[8.25867,41.04264],[8.25084,41.03335],[8.24654,41.03369],[8.23517,41.0242],[8.24906,41.02687],[8.24626,41.02159],[8.24957,41.02164],[8.2489,41.01324],[8.25368,41.01387],[8.25914,41.00423],[8.26484,41.00284],[8.26297,40.99235],[8.25461,40.98786],[8.25612,40.98405],[8.23621,40.98621],[8.23262,40.98927],[8.22869,40.98609],[8.21982,40.98967],[8.21016,40.9879],[8.21142,40.99494],[8.21521,40.99154],[8.218,40.99448],[8.21102,41.00327],[8.21827,41.01058],[8.22157,41.01307],[8.22074,41.01307],[8.23148,41.0239],[8.21774,41.02522],[8.22445,41.0354],[8.22059,41.04083],[8.25088,41.04992],[8.25791,41.05642],[8.25832,41.06575],[8.26691,41.07308],[8.27319,41.07342],[8.27357,41.07625],[8.28514,41.07463],[8.28513,41.08231],[8.27997,41.08436],[8.28286,41.08726],[8.27284,41.09611],[8.27575,41.10449],[8.28451,41.10169],[8.30221,41.10496],[8.30538,41.10903],[8.31161,41.10871],[8.31207,41.11735],[8.31757,41.12051],[8.31861,41.11643],[8.32999,41.11127],[8.32272,41.10702],[8.32574,41.1011],[8.34494,41.09775],[8.34696,41.08881],[8.35064,41.08832],[8.33409,41.07982],[8.33792,41.07637]]]}},{"type":"Feature","properties":{"kind":"coast","area_km2":49.2765},"geometry":{"type":"Polygon","coordinates":[[[8.24976,39.1336],[8.23471,39.14326],[8.22407,39.14081],[8.21944,39.14753],[8.2236,39.14903],[8.22411,39.15689],[8.22776,39.15656],[8.22364,39.16024],[8.22981,39.16564],[8.23763,39.16683],[8.24167,39.16354],[8.2478,39.16985],[8.25609,39.16897],[8.26635,39.17589],[8.26685,39.18152],[8.28064,39.17812],[8.28789,39.18229],[8.29628,39.17925],[8.3091,39.18776],[8.30605,39.16034],[8.30973,39.14796],[8.31683,39.14582],[8.30945,39.14785],[8.30745,39.14375],[8.31257,39.13935],[8.31716,39.14434],[8.30775,39.13046],[8.30819,39.10484],[8.306,39.09996],[8.30332,39.10198],[8.29668,39.09828],[8.29373,39.09352],[8.28542,39.09703],[8.27473,39.09422],[8.27322,39.09985],[8.25416,39.10414],[8.2473,39.11071],[8.25699,39.11733],[8.24501,39.12335],[8.25182,39.12785],[8.24976,39.1336]]]}},{"type":"Feature","properties":{"kind":"coast","area_km2":46.7513},"geometry":{"type":"Polygon","coordinates":[[[13.86178,40.75736],[13.87144,40.76176],[13.87613,40.757],[13.88529,40.75935],[13.8858,40.7542],[13.89017,40.75241],[13.90487,40.74959],[13.90744,40.7516],[13.90989,40.75245],[13.91132,40.75264],[13.90744,40.75143],[13.90743,40.74886],[13.92214,40.75135],[13.93082,40.74619],[13.94253,40.74831],[13.93853,40.74403],[13.94616,40.74592],[13.95465,40.74139],[13.95748,40.73357],[13.96696,40.73195],[13.95959,40.73082],[13.96533,40.71252],[13.95433,40.70871],[13.9542,40.70066],[13.95076,40.70511],[13.94008,40.70662],[13.92329,40.69717],[13.90016,40.70114],[13.89446,40.69921],[13.89386,40.69196],[13.89103,40.69908],[13.87682,40.69965],[13.8737,40.69683],[13.85167,40.71],[13.86137,40.71775],[13.8541,40.7369],[13.85797,40.74192],[13.85655,40.73867],[13.86015,40.73823],[13.85889,40.74098],[13.86238,40.73996],[13.86553,40.74344],[13.86838,40.75258],[13.86178,40.75736]]]}},{"type":"Feature","properties":{"kind":"coast","area_km2":41.9719},"geometry":{"type":"Polygon","coordinates":[[[16.87282,42.77411],[16.87553,42.77189],[16.8798,42.77652],[16.88013,42.77026],[16.9072,42.77433],[16.90813,42.77061],[16.91659,42.76955],[16.92408,42.77365],[16.92846,42.76901],[16.93273,42.77049],[16.94319,42.76653],[16.93667,42.76228],[16.93674,42.75274],[16.92864,42.74784],[16.92175,42.73558],[16.91066,42.72928],[16.89817,42.72579],[16.89469,42.72782],[16.8869,42.72298],[16.8805,42.72531],[16.89208,42.73148],[16.88833,42.73702],[16.88565,42.73017],[16.87729,42.73343],[16.87946,42.73754],[16.86669,42.73752],[16.8529,42.73172],[16.84993,42.73384],[16.84347,42.73143],[16.84686,42.72424],[16.84213,42.72292],[16.84319,42.72597],[16.83833,42.72665],[16.83504,42.73376],[16.83087,42.73081],[16.82453,42.73212],[16.82017,42.7431],[16.81183,42.74437],[16.8134,42.74829],[16.82481,42.74451],[16.8273,42.74985],[16.82307,42.754],[16.82233,42.76573],[16.83946,42.77177],[16.83198,42.77474],[16.83537,42.77718],[16.8464,42.7749],[16.84703,42.7679],[16.85515,42.77804],[16.86601,42.77606],[16.86891,42.77104],[16.87282,42.77411]]]}},{"type":"Feature","properties":{"kind":"coast","area_km2":37.3431},"geometry":{"type":"Polygon","coordinates":[[[15.55762,38.19037],[15.56344,38.18799],[15.56989,38.19154],[15.56958,38.19583],[15.56425,38.19741],[15.57196,38.1975],[15.57485,38.19375],[15.55,38.1654],[15.55,38.30063],[15.55038,38.30061],[15.57551,38.28468],[15.60715,38.27512],[15.64921,38.27069],[15.65164,38.26466],[15.64455,38.26528],[15.58488,38.24758],[15.57996,38.2382],[15.57186,38.23346],[15.55762,38.19037]]]}},{"type":"Feature","properties":{"kind":"coast","area_km2":32.5846},"geometry":{"type":"Polygon","coordinates":[[[15.44109,43.74103],[15.43685,43.74618],[15.3586,43.78205],[15.35122,43.78061],[15.33787,43.78909],[15.33049,43.7868],[15.30715,43.80403],[15.30358,43.80047],[15.29923,43.80684],[15.30023,43.80919],[15.30542,43.80937],[15.30529,43.8109],[15.29314,43.81182],[15.29341,43.81686],[15.28472,43.81596],[15.28614,43.81969],[15.2779,43.82541],[15.27384,43.82711],[15.27159,43.82215],[15.26089,43.82866],[15.25534,43.83938],[15.24896,43.83955],[15.24573,43.84549],[15.24108,43.84556],[15.24185,43.84991],[15.24775,43.84935],[15.22072,43.86952],[15.2246,43.87198],[15.22142,43.87532],[15.23566,43.87714],[15.2408,43.87373],[15.2406,43.87241],[15.23881,43.87087],[15.2383,43.86999],[15.23856,43.86977],[15.24654,43.87288],[15.25284,43.86898],[15.26366,43.86879],[15.26763,43.86345],[15.25999,43.86651],[15.25872,43.86081],[15.25123,43.86259],[15.25414,43.85965],[15.32824,43.81697],[15.33314,43.81057],[15.3423,43.80792],[15.35901,43.78948],[15.38434,43.7762],[15.3857,43.77225],[15.437,43.74695],[15.46035,43.73956],[15.4603,43.73451],[15.45218,43.73993],[15.45013,43.73698],[15.44109,43.74103]]]}},{"type":"Feature","properties":{"kind":"coast","area_km2":28.8246},"geometry":{"type":"Polygon","coordinates":[[[16.20316,43.49666],[16.22475,43.49879],[16.23704,43.49217],[16.24307,43.49203],[16.23733,43.49369],[16.23824,43.4956],[16.25569,43.4925],[16.26089,43.49585],[16.25538,43.50535],[16.25902,43.50706],[16.25186,43.5109],[16.23733,43.51198],[16.26532,43.51675],[16.28208,43.51334],[16.30051,43.51415],[16.32611,43.50311],[16.3386,43.50096],[16.35242,43.4927],[16.36534,43.49276],[16.37551,43.48814],[16.39222,43.48887],[16.38396,43.48482],[16.3507,43.48229],[16.30513,43.48392],[16.27997,43.48847],[16.27256,43.49362],[16.27139,43.48621],[16.25848,43.48396],[16.25508,43.4859],[16.24648,43.48342],[16.24602,43.47903],[16.23475,43.4853],[16.20971,43.48827],[16.20316,43.49666]]]}},{"type":"Feature","properties":{"kind":"coast","area_km2":27.3107},"geometry":{"type":"Polygon","coordinates":[[[14.82051,44.35554],[14.8151,44.34112],[14.80096,44.34426],[14.79625,44.34079],[14.77505,44.35151],[14.77575,44.35485],[14.77076,44.35385],[14.76513,44.36292],[14.7606,44.36115],[14.74378,44.3684],[14.77652,44.37865],[14.77609,44.38457],[14.76653,44.39371],[14.76958,44.39959],[14.76663,44.41009],[14.76012,44.41639],[14.7759,44.41403],[14.77466,44.41781],[14.7818,44.42148],[14.78864,44.42124],[14.80039,44.41413],[14.81108,44.39995],[14.80938,44.39664],[14.80028,44.39592],[14.80368,44.38769],[14.7934,44.38478],[14.79915,44.38034],[14.80135,44.37169],[14.82051,44.35554]]]}},{"type":"Feature","properties":{"kind":"coast","area_km2":23.0979},"geometry":{"type":"Polygon","coordinates":[[[15.03011,44.32852],[15.03589,44.32359],[15.04794,44.3257],[15.05615,44.31691],[15.0633,44.32068],[15.07193,44.31952],[15.07802,44.31071],[15.0918,44.30773],[15.09892,44.31086],[15.10243,44.30668],[15.11809,44.30102],[15.12428,44.29182],[15.13349,44.29206],[15.13483,44.28871],[15.12629,44.28115],[15.11981,44.28037],[15.11911,44.29116],[15.09683,44.29678],[15.08374,44.29755],[15.07684,44.29449],[15.07766,44.28614],[15.05452,44.28412],[15.0457,44.28615],[15.02414,44.30509],[15.01772,44.31916],[15.01913,44.3252],[15.03011,44.32852]]]}},{"type":"Feature","properties":{"kind":"coast","area_km2":22.3055},"geometry":{"type":"Polygon","coordinates":[[[14.78701,44.25679],[14.78969,44.26206],[14.80067,44.25917],[14.80281,44.26596],[14.81792,44.25512],[14.82334,44.2469],[14.8304,44.24892],[14.82741,44.24509],[14.83684,44.2388],[14.8463,44.2393],[14.84825,44.23484],[14.85168,44.23727],[14.85526,44.23542],[14.85678,44.23116],[14.86005,44.23312],[14.86596,44.23101],[14.86506,44.22596],[14.87968,44.21758],[14.8837,44.21963],[14.88142,44.2249],[14.88595,44.23],[14.88792,44.22414],[14.89384,44.2263],[14.90094,44.22276],[14.89306,44.21858],[14.90317,44.21754],[14.91136,44.21155],[14.89822,44.20914],[14.90114,44.20668],[14.8939,44.20367],[14.89651,44.19869],[14.89213,44.19782],[14.87882,44.20583],[14.87734,44.20211],[14.86731,44.20691],[14.87423,44.21324],[14.8638,44.21218],[14.86601,44.21476],[14.86028,44.2177],[14.85766,44.21389],[14.84733,44.21673],[14.8384,44.22621],[14.81371,44.23612],[14.81936,44.22772],[14.81789,44.22382],[14.84146,44.20281],[14.84126,44.19943],[14.8337,44.19884],[14.82766,44.20169],[14.79406,44.25344],[14.78701,44.25679]]]}},{"type":"Feature","properties":{"kind":"coast","area_km2":21.9922},"geometry":{"type":"Polygon","coordinates":[[[14.49141,44.52356],[14.49208,44.52576],[14.49904,44.52519],[14.50618,44.51948],[14.50837,44.52379],[14.51706,44.51326],[14.52355,44.5121],[14.52328,44.50184],[14.52843,44.5033],[14.52935,44.49799],[14.53601,44.49784],[14.54228,44.48893],[14.53567,44.47869],[14.51811,44.47481],[14.5078,44.48829],[14.50544,44.48588],[14.49935,44.48888],[14.50448,44.49204],[14.4931,44.49409],[14.49525,44.50171],[14.49255,44.49745],[14.48892,44.49842],[14.49043,44.50614],[14.48479,44.50559],[14.48036,44.5125],[14.47518,44.51124],[14.47137,44.5166],[14.45995,44.5186],[14.4581,44.52437],[14.4488,44.52449],[14.45975,44.53044],[14.4529,44.53333],[14.45123,44.5298],[14.44511,44.53002],[14.44752,44.53408],[14.44144,44.53734],[14.4445,44.54176],[14.43947,44.54746],[14.46806,44.53219],[14.46015,44.54482],[14.4606,44.54563],[14.46382,44.54604],[14.47316,44.53671],[14.47873,44.5376],[14.47614,44.53421],[14.47837,44.53222],[14.48595,44.53251],[14.4803,44.52709],[14.48753,44.52805],[14.49141,44.52356]]]}},{"type":"Feature","properties":{"kind":"coast","area_km2":21.6898},"geometry":{"type":"Polygon","coordinates":[[[10.91939,42.36037],[10.92705,42.35636],[10.92046,42.35222],[10.92599,42.34874],[10.92231,42.34417],[10.93183,42.3363],[10.92933,42.32537],[10.9218,42.32149],[10.92021,42.31661],[10.91441,42.32288],[10.90318,42.32624],[10.89451,42.33927],[10.89077,42.33833],[10.88606,42.34263],[10.88259,42.35267],[10.86606,42.35342],[10.86732,42.3692],[10.87653,42.36524],[10.88156,42.36744],[10.88384,42.37526],[10.88012,42.38862],[10.88589,42.38979],[10.89494,42.38403],[10.90392,42.38316],[10.9129,42.36926],[10.9203,42.36832],[10.91939,42.36037]]]}},{"type":"Feature","properties":{"kind":"coast","area_km2":20.0584},"geometry":{"type":"Polygon","coordinates":[[[9.80824,43.00732],[9.80119,43.00684],[9.79129,43.02317],[9.79697,43.02596],[9.8011,43.03581],[9.79797,43.03841],[9.80174,43.04028],[9.79846,43.04304],[9.80291,43.05053],[9.80023,43.05384],[9.82625,43.07278],[9.83112,43.06567],[9.83698,43.06535],[9.83406,43.05848],[9.83698,43.04989],[9.84474,43.05194],[9.84831,43.04467],[9.84178,43.02691],[9.83474,43.02652],[9.82342,43.0177],[9.81591,43.00956],[9.81786,43.0066],[9.81009,43.00208],[9.80824,43.00732]]]}},{"type":"Feature","properties":{"kind":"coast","area_km2":19.6806},"geometry":{"type":"Polygon","coordinates":[[[9.43351,41.21796],[9.43304,41.21414],[9.42717,41.21608],[9.42087,41.21348],[9.41682,41.21679],[9.40572,41.21047],[9.40324,41.21299],[9.40488,41.21021],[9.38144,41.21027],[9.38551,41.21503],[9.3768,41.21718],[9.37878,41.22255],[9.37444,41.22877],[9.37824,41.23454],[9.38987,41.233],[9.39232,41.2414],[9.40239,41.24474],[9.40373,41.25792],[9.39953,41.26099],[9.40335,41.26049],[9.40684,41.25241],[9.4125,41.25012],[9.41521,41.25564],[9.41833,41.25517],[9.41257,41.25877],[9.41701,41.26099],[9.41458,41.26798],[9.42136,41.2682],[9.43329,41.25904],[9.42479,41.25756],[9.43084,41.25143],[9.42764,41.24894],[9.42964,41.24692],[9.43456,41.24932],[9.43732,41.24125],[9.43029,41.23077],[9.43116,41.22368],[9.4358,41.22869],[9.44099,41.2162],[9.43527,41.21453],[9.43351,41.21796]]]}},{"type":"Feature","properties":{"kind":"coast","area_km2":19.3826},"geometry":{"type":"Polygon","coordinates":[[[12.36028,37.90892],[12.353,37.90378],[12.34611,37.91371],[12.33414,37.92017],[12.32931,37.91707],[12.32383,37.91955],[12.31947,37.91347],[12.32087,37.91943],[12.31734,37.92119],[12.30519,37.91664],[12.30303,37.91921],[12.28616,37.91529],[12.28038,37.92195],[12.28424,37.92423],[12.27827,37.92591],[12.27688,37.93067],[12.28055,37.93044],[12.27715,37.93544],[12.27103,37.93561],[12.27805,37.94505],[12.28853,37.94185],[12.29987,37.94748],[12.30781,37.95586],[12.32401,37.9293],[12.32442,37.93403],[12.3456,37.93719],[12.35591,37.92543],[12.36295,37.92207],[12.36658,37.92527],[12.3707,37.91811],[12.36618,37.9064],[12.36028,37.90892]]]}},{"type":"Feature","properties":{"kind":"coast","area_km2":18.4477},"geometry":{"type":"Polygon","coordinates":[[[14.26412,44.6827],[14.27991,44.6895],[14.28169,44.6866],[14.27648,44.68048],[14.28476,44.67921],[14.28181,44.67009],[14.28716,44.67001],[14.28885,44.66646],[14.28253,44.66428],[14.28429,44.66076],[14.27893,44.65626],[14.26849,44.65951],[14.26353,44.66643],[14.26032,44.66595],[14.26536,44.65547],[14.25453,44.65938],[14.26464,44.64856],[14.2658,44.63966],[14.25083,44.64949],[14.28095,44.61236],[14.28282,44.60497],[14.27871,44.60429],[14.25678,44.61704],[14.24691,44.62071],[14.23609,44.6186],[14.23206,44.62644],[14.23229,44.63044],[14.24769,44.63567],[14.23996,44.64334],[14.23891,44.66029],[14.25151,44.6659],[14.26412,44.6827]]]}},{"type":"Feature","properties":{"kind":"coast","area_km2":18.4122},"geometry":{"type":"Polygon","coordinates":[[[12.61292,35.49582],[12.6056,35.49297],[12.60361,35.49627],[12.60892,35.49862],[12.60426,35.49948],[12.60448,35.50288],[12.59933,35.49546],[12.59312,35.50169],[12.58898,35.49937],[12.59046,35.50336],[12.58568,35.50051],[12.5848,35.50468],[12.58029,35.50325],[12.57722,35.50859],[12.57637,35.50523],[12.5703,35.50667],[12.56817,35.51157],[12.53032,35.51534],[12.51731,35.52087],[12.53115,35.52931],[12.59275,35.52061],[12.60411,35.52582],[12.6104,35.52166],[12.61914,35.52281],[12.63265,35.51794],[12.62288,35.51205],[12.62732,35.50606],[12.6223,35.50443],[12.63418,35.50151],[12.63373,35.49718],[12.62919,35.49621],[12.63149,35.49413],[12.63315,35.49373],[12.63323,35.49334],[12.62515,35.49678],[12.62377,35.49375],[12.61292,35.49582]]]}},{"type":"Feature","properties":{"kind":"coast","area_km2":18.3885},"geometry":{"type":"Polygon","coordinates":[[[15.63247,43.77519],[15.63201,43.77582],[15.63042,43.77663],[15.62792,43.77348],[15.6211,43.77551],[15.62454,43.78264],[15.61727,43.78461],[15.60967,43.79702],[15.60392,43.79229],[15.60285,43.79609],[15.59357,43.79908],[15.59311,43.80285],[15.58892,43.80254],[15.59023,43.80713],[15.58633,43.80568],[15.57924,43.81206],[15.57951,43.81667],[15.57341,43.81732],[15.57382,43.82266],[15.56945,43.82168],[15.57359,43.82435],[15.56445,43.82808],[15.56541,43.83279],[15.57531,43.83445],[15.57429,43.83061],[15.58932,43.82169],[15.59371,43.82433],[15.59177,43.83092],[15.5975,43.83501],[15.59671,43.82489],[15.60283,43.82774],[15.60065,43.82905],[15.60679,43.82624],[15.6033,43.82194],[15.6129,43.80552],[15.61869,43.80654],[15.62403,43.79921],[15.6295,43.80011],[15.62785,43.79378],[15.63724,43.79896],[15.64265,43.79858],[15.65266,43.78699],[15.64874,43.78476],[15.6423,43.78564],[15.64206,43.78474],[15.65868,43.77853],[15.65839,43.77472],[15.66479,43.77156],[15.66702,43.76434],[15.66124,43.76692],[15.65405,43.76441],[15.64944,43.76895],[15.64666,43.7666],[15.63832,43.76924],[15.63276,43.77225],[15.63247,43.77519]]]}},{"type":"Feature","properties":{"kind":"coast","area_km2":17.0616},"geometry":{"type":"Polygon","coordinates":[[[17.91971,42.7145],[17.90998,42.71096],[17.91709,42.70667],[17.90806,42.70369],[17.90964,42.6989],[17.84268,42.73242],[17.84148,42.73486],[17.86247,42.72761],[17.82894,42.75621],[17.8543,42.75409],[17.86434,42.74883],[17.86565,42.74443],[17.89737,42.7331],[17.91633,42.7201],[17.91971,42.7145]]]}},{"type":"Feature","properties":{"kind":"coast","area_km2":16.7062},"geometry":{"type":"Polygon","coordinates":[[[15.13469,44.01192],[15.08813,44.05156],[15.0772,44.05218],[15.07197,44.06021],[15.07461,44.06146],[15.07735,44.05821],[15.0783,44.06126],[15.07069,44.0834],[15.09388,44.0711],[15.09608,44.07281],[15.09787,44.0671],[15.10378,44.06627],[15.11125,44.05806],[15.10737,44.05777],[15.11266,44.05358],[15.1083,44.05154],[15.10902,44.04961],[15.11529,44.05068],[15.11856,44.04266],[15.12924,44.03879],[15.13024,44.03185],[15.14644,44.02734],[15.14635,44.0239],[15.14571,44.02177],[15.1515,44.02456],[15.15525,44.02209],[15.15437,44.01784],[15.14859,44.01657],[15.16756,43.99655],[15.14943,44.00396],[15.14119,44.01161],[15.13469,44.01192]]]}},{"type":"Feature","properties":{"kind":"coast","area_km2":15.1926},"geometry":{"type":"Polygon","coordinates":[[[14.97981,44.15855],[14.97674,44.1562],[14.97209,44.15818],[14.96998,44.16818],[14.94611,44.18649],[14.94193,44.20225],[14.95091,44.19987],[14.95023,44.19637],[14.97763,44.17806],[14.99135,44.16205],[15.00532,44.16137],[15.03437,44.13632],[15.03191,44.12662],[15.02521,44.12505],[15.01497,44.1369],[15.00718,44.13999],[15.00996,44.13574],[15.00638,44.13463],[14.99381,44.14099],[14.98408,44.14926],[14.97981,44.15855]]]}},{"type":"Feature","properties":{"kind":"coast","area_km2":15.1725},"geometry":{"type":"Polygon","coordinates":[[[15.2847,43.88474],[15.28585,43.88013],[15.29693,43.87399],[15.30199,43.8784],[15.30203,43.87416],[15.30517,43.87581],[15.31668,43.87202],[15.31889,43.87731],[15.31381,43.88273],[15.31792,43.88584],[15.31902,43.87922],[15.33082,43.87451],[15.32305,43.87225],[15.32389,43.86528],[15.32975,43.86548],[15.33628,43.86038],[15.33838,43.85206],[15.35077,43.84686],[15.35153,43.8368],[15.37324,43.82],[15.3662,43.81842],[15.35546,43.83208],[15.34977,43.8314],[15.34054,43.84052],[15.33587,43.83845],[15.32661,43.84901],[15.31909,43.84911],[15.31639,43.8524],[15.31399,43.85019],[15.27889,43.87679],[15.26559,43.8791],[15.26563,43.87566],[15.25244,43.88455],[15.26078,43.88321],[15.26661,43.89362],[15.27215,43.8932],[15.27561,43.88717],[15.28347,43.89069],[15.29807,43.88485],[15.2847,43.88474]]]}},{"type":"Feature","properties":{"kind":"coast","area_km2":14.9359},"geometry":{"type":"Polygon","coordinates":[[[9.48087,41.18133],[9.47079,41.17897],[9.47118,41.16934],[9.46915,41.18012],[9.4521,41.18519],[9.45622,41.18768],[9.45329,41.19224],[9.44197,41.18587],[9.44534,41.18516],[9.44211,41.18158],[9.4367,41.18091],[9.4401,41.18507],[9.43365,41.18985],[9.44356,41.19042],[9.44343,41.20284],[9.45178,41.19931],[9.45691,41.20043],[9.4549,41.20599],[9.44794,41.20346],[9.44709,41.20681],[9.45116,41.20694],[9.44876,41.21351],[9.44128,41.21616],[9.45361,41.21668],[9.45,41.22507],[9.46007,41.22292],[9.45795,41.22893],[9.46305,41.23761],[9.45941,41.23953],[9.46328,41.24195],[9.45893,41.24296],[9.46025,41.24501],[9.46672,41.24184],[9.47094,41.24588],[9.47308,41.23942],[9.48122,41.23903],[9.48123,41.2247],[9.48467,41.22042],[9.48865,41.22081],[9.48614,41.21545],[9.48516,41.21781],[9.47978,41.21777],[9.48033,41.20984],[9.475,41.20506],[9.47863,41.19937],[9.46458,41.18897],[9.46501,41.18325],[9.47322,41.18674],[9.48172,41.1843],[9.48087,41.18133]]]}},{"type":"Feature","properties":{"kind":"coast","area_km2":14.5835},"geometry":{"type":"Polygon","coordinates":[[[15.67559,43.65201],[15.68604,43.64693],[15.68475,43.64356],[15.70001,43.64356],[15.73077,43.62964],[15.72723,43.62834],[15.71409,43.63409],[15.71029,43.63354],[15.71103,43.62868],[15.70745,43.63155],[15.70967,43.63375],[15.70161,43.63828],[15.70406,43.63435],[15.69957,43.63173],[15.69276,43.6375],[15.68019,43.63666],[15.69241,43.62842],[15.66228,43.64072],[15.65804,43.63933],[15.64615,43.64604],[15.64593,43.64928],[15.6419,43.64913],[15.63477,43.65946],[15.631,43.65863],[15.62686,43.66387],[15.61945,43.66569],[15.62419,43.65861],[15.60546,43.66614],[15.60777,43.66865],[15.60263,43.67163],[15.60646,43.67372],[15.6006,43.67837],[15.61193,43.67491],[15.62389,43.66889],[15.62234,43.67198],[15.63772,43.67162],[15.65853,43.66042],[15.65629,43.665],[15.66094,43.66585],[15.6697,43.65996],[15.66578,43.65599],[15.67503,43.65628],[15.67559,43.65201]]]}},{"type":"Feature","properties":{"kind":"coast","area_km2":14.0221},"geometry":{"type":"Polygon","coordinates":[[[14.71994,44.34707],[14.71148,44.35278],[14.70428,44.35324],[14.70683,44.35729],[14.7024,44.3595],[14.6968,44.35786],[14.69051,44.36603],[14.69409,44.36862],[14.68557,44.38751],[14.68062,44.39112],[14.67825,44.38815],[14.67288,44.39158],[14.66611,44.39088],[14.66082,44.39515],[14.6595,44.4011],[14.66567,44.40353],[14.66427,44.40799],[14.67444,44.41309],[14.68239,44.4122],[14.69418,44.40967],[14.70584,44.39919],[14.69885,44.38829],[14.70063,44.37455],[14.72248,44.36391],[14.72137,44.3572],[14.72898,44.35093],[14.72653,44.3482],[14.71994,44.34707]]]}},{"type":"Feature","properties":{"kind":"coast","area_km2":13.4727},"geometry":{"type":"Polygon","coordinates":[[[14.81519,44.91404],[14.81882,44.91485],[14.82328,44.90721],[14.83007,44.90484],[14.82596,44.90159],[14.83413,44.89544],[14.83855,44.88397],[14.79111,44.90427],[14.7813,44.90485],[14.77061,44.91104],[14.76655,44.91992],[14.76869,44.9338],[14.78319,44.93176],[14.78736,44.92701],[14.79392,44.92743],[14.80075,44.92179],[14.81434,44.91751],[14.81519,44.91404]]]}},{"type":"Feature","properties":{"kind":"coast","area_km2":11.6694},"geometry":{"type":"Polygon","coordinates":[[[16.1349,43.43144],[16.12787,43.42737],[16.10821,43.43012],[16.11765,43.44262],[16.12057,43.4434],[16.12235,43.43966],[16.12725,43.44176],[16.12157,43.44702],[16.12467,43.45161],[16.14547,43.44852],[16.14554,43.45148],[16.13398,43.45468],[16.13435,43.45926],[16.1605,43.45823],[16.16674,43.45639],[16.17253,43.44902],[16.17647,43.44208],[16.16964,43.43955],[16.16804,43.43187],[16.15336,43.43883],[16.15121,43.43564],[16.1448,43.43585],[16.14821,43.43252],[16.14433,43.42937],[16.1349,43.43144]]]}},{"type":"Feature","properties":{"kind":"coast","area_km2":11.22},"geometry":{"type":"Polygon","coordinates":[[[12.09186,37.94783],[12.08405,37.94514],[12.07992,37.95001],[12.05635,37.95202],[12.04469,37.95837],[12.04445,37.97055],[12.04094,37.97024],[12.03383,37.98881],[12.02912,37.98769],[12.02802,37.99158],[12.06052,37.99002],[12.06471,37.99284],[12.06129,37.98837],[12.06474,37.97757],[12.07702,37.96632],[12.07398,37.96641],[12.0819,37.95079],[12.09186,37.94783]]]}},{"type":"Feature","properties":{"kind":"coast","area_km2":10.7095},"geometry":{"type":"Polygon","coordinates":[[[12.31761,45.44472],[12.32208,45.44472],[12.34863,45.44296],[12.37061,45.44043],[12.37061,45.4293],[12.35346,45.4293],[12.34863,45.43202],[12.30469,45.4322],[12.30469,45.42501],[12.28875,45.4293],[12.28272,45.44472],[12.30469,45.44587],[12.318,45.44499],[12.31761,45.44472]]]}},{"type":"Feature","properties":{"kind":"coast","area_km2":10.5014},"geometry":{"type":"Polygon","coordinates":[[[10.32585,42.31923],[10.31824,42.3217],[10.3171,42.31337],[10.31277,42.31577],[10.30503,42.31394],[10.30188,42.31756],[10.29695,42.31562],[10.29082,42.32064],[10.28851,42.32701],[10.29301,42.32916],[10.28837,42.33433],[10.29387,42.33519],[10.29498,42.34592],[10.29942,42.3507],[10.30657,42.34876],[10.31304,42.35095],[10.32756,42.34276],[10.32878,42.33811],[10.32537,42.33716],[10.3309,42.3282],[10.32711,42.32676],[10.33127,42.32404],[10.32585,42.31923]]]}},{"type":"Feature","properties":{"kind":"coast","area_km2":10.4632},"geometry":{"type":"Polygon","coordinates":[[[6.48012,43.0297],[6.47287,43.02537],[6.47102,43.01678],[6.45974,43.01368],[6.45187,43.01806],[6.43793,43.00347],[6.433,43.01127],[6.43365,43.02036],[6.44064,43.02523],[6.45786,43.02765],[6.46865,43.04557],[6.50842,43.0529],[6.5103,43.04533],[6.50306,43.04141],[6.48823,43.04258],[6.48012,43.0297]]]}},{"type":"Feature","properties":{"kind":"coast","area_km2":10.3523},"geometry":{"type":"Polygon","coordinates":[[[14.20462,40.53865],[14.20384,40.53716],[14.19952,40.53604],[14.19685,40.53608],[14.2001,40.54107],[14.19576,40.54186],[14.19952,40.5464],[14.1967,40.54907],[14.20303,40.5516],[14.19806,40.55495],[14.19958,40.56085],[14.21363,40.56215],[14.24443,40.55579],[14.26039,40.56133],[14.26613,40.55638],[14.25243,40.5425],[14.24211,40.54637],[14.23295,40.54512],[14.22442,40.53804],[14.21411,40.54023],[14.21042,40.53817],[14.20462,40.53865]]]}},{"type":"Feature","properties":{"kind":"coast","area_km2":10.2958},"geometry":{"type":"Polygon","coordinates":[[[10.09475,42.5889],[10.09725,42.5879],[10.09883,42.58935],[10.10207,42.58848],[10.10242,42.58464],[10.09653,42.58229],[10.09783,42.57717],[10.10308,42.57571],[10.09262,42.57245],[10.09176,42.56789],[10.08853,42.56731],[10.08166,42.57111],[10.06792,42.57172],[10.0665,42.57553],[10.05223,42.57394],[10.04694,42.57785],[10.04619,42.58581],[10.0546,42.58986],[10.06426,42.58682],[10.07373,42.59069],[10.08318,42.60364],[10.07885,42.61903],[10.08913,42.61615],[10.08511,42.61115],[10.08619,42.60189],[10.09475,42.5889]]]}},{"type":"Feature","properties":{"kind":"coast","area_km2":9.7468},"geometry":{"type":"Polygon","coordinates":[[[14.75155,44.29008],[14.7527,44.29392],[14.76768,44.28987],[14.78386,44.27948],[14.78395,44.27382],[14.79567,44.2727],[14.79958,44.26945],[14.79024,44.26856],[14.79121,44.26416],[14.78585,44.26292],[14.76381,44.27259],[14.76885,44.25564],[14.76174,44.25611],[14.7384,44.27013],[14.73622,44.28035],[14.74293,44.27816],[14.74463,44.28186],[14.75241,44.27769],[14.75663,44.27968],[14.76078,44.27601],[14.76127,44.27642],[14.75155,44.29008]]]}},{"type":"Feature","properties":{"kind":"coast","area_km2":9.5472},"geometry":{"type":"Polygon","coordinates":[[[6.2325,43.01103],[6.23934,43.02525],[6.2431,43.02658],[6.24184,43.02281],[6.24887,43.0165],[6.25246,43.00441],[6.24922,43.00374],[6.25086,43.00003],[6.24589,42.99709],[6.2321,42.9966],[6.23055,42.99363],[6.21941,42.99217],[6.22012,42.98997],[6.21554,42.99132],[6.20664,42.98261],[6.2,42.98308],[6.2,43.00216],[6.20186,43.00107],[6.2,43.00305],[6.2,43.00332],[6.20348,43.00331],[6.2,43.0039],[6.2063,43.00299],[6.20744,43.00188],[6.21343,43.00389],[6.21735,43.01363],[6.2325,43.01103]]]}},{"type":"Feature","properties":{"kind":"coast","area_km2":9.0295},"geometry":{"type":"Polygon","coordinates":[[[14.52575,44.98322],[14.53276,44.98224],[14.53142,44.97859],[14.54353,44.97197],[14.55486,44.95772],[14.54109,44.95296],[14.5256,44.95875],[14.52656,44.96137],[14.51907,44.96152],[14.51332,44.96835],[14.49338,44.9752],[14.48566,44.98255],[14.50718,44.9796],[14.51582,44.98214],[14.52098,44.98789],[14.52575,44.98322]]]}},{"type":"Feature","properties":{"kind":"coast","area_km2":8.4302},"geometry":{"type":"Polygon","coordinates":[[[14.9544,44.41315],[14.963,44.4089],[14.96899,44.40167],[14.95933,44.4012],[14.95491,44.40847],[14.94302,44.40769],[14.93149,44.41334],[14.91799,44.42747],[14.89498,44.43987],[14.8848,44.45467],[14.89822,44.45538],[14.915,44.44194],[14.91722,44.43415],[14.93295,44.42766],[14.93994,44.42094],[14.94874,44.41912],[14.95305,44.41456],[14.94976,44.41197],[14.9544,44.41315]]]}},{"type":"Feature","properties":{"kind":"coast","area_km2":8.3845},"geometry":{"type":"Polygon","coordinates":[[[14.62878,44.31987],[14.62403,44.32398],[14.62145,44.32178],[14.61872,44.32345],[14.61792,44.32598],[14.62242,44.32561],[14.62078,44.32913],[14.61393,44.33138],[14.61193,44.32902],[14.59412,44.33622],[14.58242,44.35177],[14.58949,44.35255],[14.59009,44.35722],[14.5927,44.35652],[14.60677,44.34018],[14.61665,44.33902],[14.63291,44.32942],[14.63303,44.33185],[14.63754,44.33098],[14.64305,44.32679],[14.64126,44.32393],[14.65325,44.31637],[14.66919,44.30186],[14.65884,44.30783],[14.65918,44.3051],[14.65366,44.30639],[14.65132,44.31075],[14.6422,44.30895],[14.63703,44.3159],[14.62625,44.31852],[14.62878,44.31987]]]}},{"type":"Feature","properties":{"kind":"coast","area_km2":8.1229},"geometry":{"type":"Polygon","coordinates":[[[15.86887,43.67344],[15.86283,43.67369],[15.86986,43.66677],[15.86953,43.66043],[15.86151,43.66505],[15.85748,43.67285],[15.81957,43.69741],[15.82189,43.70154],[15.8349,43.69637],[15.83342,43.70395],[15.83705,43.70943],[15.85547,43.69741],[15.86707,43.68384],[15.86348,43.6803],[15.86964,43.67813],[15.86887,43.67344]]]}},{"type":"Feature","properties":{"kind":"coast","area_km2":8.1031},"geometry":{"type":"Polygon","coordinates":[[[13.20033,38.70925],[13.19526,38.70895],[13.18597,38.69548],[13.17289,38.6904],[13.15286,38.69381],[13.15136,38.7002],[13.16125,38.70741],[13.1601,38.71222],[13.17754,38.72],[13.19716,38.71404],[13.20033,38.70925]]]}},{"type":"Feature","properties":{"kind":"coast","area_km2":8.0316},"geometry":{"type":"Polygon","coordinates":[[[12.95453,40.92159],[12.96263,40.92006],[12.96218,40.9238],[12.96991,40.92576],[12.96476,40.92868],[12.96733,40.93037],[12.97531,40.92972],[12.98337,40.9357],[12.99384,40.93463],[12.99273,40.93],[12.96759,40.92098],[12.96431,40.91422],[12.96687,40.90891],[12.95938,40.90487],[12.96382,40.90059],[12.95958,40.89551],[12.97159,40.89551],[12.95207,40.87709],[12.95319,40.88049],[12.94655,40.88677],[12.9546,40.89419],[12.94169,40.89725],[12.94264,40.9058],[12.95222,40.91515],[12.94844,40.91835],[12.95453,40.92159]]]}},{"type":"Feature","properties":{"kind":"coast","area_km2":8.0233},"geometry":{"type":"Polygon","coordinates":[[[16.70014,43.08347],[16.6836,43.08234],[16.66053,43.08807],[16.66935,43.09012],[16.66767,43.09338],[16.67299,43.0917],[16.67214,43.09666],[16.67692,43.09453],[16.68708,43.09912],[16.69173,43.09865],[16.69203,43.09567],[16.69771,43.09823],[16.69606,43.0917],[16.70015,43.08979],[16.70205,43.09751],[16.70625,43.09726],[16.70684,43.09307],[16.70966,43.09726],[16.72369,43.09439],[16.7378,43.09231],[16.74005,43.08545],[16.7273,43.08623],[16.7262,43.08245],[16.72056,43.08491],[16.72143,43.08115],[16.71457,43.08409],[16.71604,43.08025],[16.70666,43.07994],[16.70014,43.08347]]]}},{"type":"Feature","properties":{"kind":"coast","area_km2":7.9152},"geometry":{"type":"Polygon","coordinates":[[[12.27041,44.81718],[12.27253,44.81803],[12.28597,44.81712],[12.2574,44.78053],[12.24858,44.76327],[12.24734,44.7525],[12.23782,44.77794],[12.23877,44.79353],[12.26074,44.80032],[12.27711,44.80912],[12.27041,44.81718]]]}},{"type":"Feature","properties":{"kind":"coast","area_km2":7.6466},"geometry":{"type":"Polygon","coordinates":[[[12.4585,44.84234],[12.45423,44.84029],[12.43652,44.84029],[12.43652,44.86473],[12.47719,44.86473],[12.46605,44.84365],[12.46476,44.84256],[12.4585,44.84234]]]}},{"type":"Feature","properties":{"kind":"coast","area_km2":7.5149},"geometry":{"type":"Polygon","coordinates":[[[8.95122,37.51644],[8.9419,37.52345],[8.91223,37.51369],[8.90351,37.51447],[8.89859,37.51906],[8.91152,37.53004],[8.93599,37.53239],[8.94062,37.54169],[8.94459,37.54226],[8.95865,37.52722],[8.95122,37.51644]]]}},{"type":"Feature","properties":{"kind":"coast","area_km2":7.4754},"geometry":{"type":"Polygon","coordinates":[[[12.26074,45.36758],[12.24092,45.36758],[12.21895,45.35215],[12.2168,45.35215],[12.2168,45.38199],[12.25107,45.38199],[12.26074,45.37443],[12.26074,45.36758]]]}},{"type":"Feature","properties":{"kind":"coast","area_km2":6.7789},"geometry":{"type":"Polygon","coordinates":[[[14.73503,44.87504],[14.74875,44.87491],[14.74653,44.88482],[14.76298,44.87752],[14.78017,44.86359],[14.782,44.85744],[14.77552,44.85447],[14.74592,44.85967],[14.73503,44.87504]]]}},{"type":"Feature","properties":{"kind":"coast","area_km2":6.6946},"geometry":{"type":"Polygon","coordinates":[[[15.69676,43.70426],[15.69812,43.70731],[15.70741,43.70246],[15.70877,43.7],[15.70408,43.69886],[15.7128,43.69563],[15.71531,43.69042],[15.72836,43.69139],[15.72894,43.68759],[15.72256,43.68639],[15.72337,43.68026],[15.71667,43.68047],[15.72247,43.67005],[15.70961,43.67952],[15.6974,43.68114],[15.69513,43.68739],[15.71147,43.68466],[15.68087,43.70281],[15.6875,43.70451],[15.68067,43.71091],[15.68089,43.71548],[15.67582,43.71403],[15.67135,43.71948],[15.68847,43.71509],[15.6919,43.7176],[15.68941,43.71355],[15.69676,43.70426]]]}},{"type":"Feature","properties":{"kind":"coast","area_km2":6.6858},"geometry":{"type":"Polygon","coordinates":[[[12.34863,45.07352],[12.34863,45.058],[12.33347,45.058],[12.32623,45.08904],[12.33007,45.1191],[12.33719,45.09473],[12.33044,45.08907],[12.34177,45.08801],[12.34863,45.08227],[12.34863,45.07486],[12.34665,45.07352],[12.34863,45.07352]]]}},{"type":"Feature","properties":{"kind":"coast","area_km2":6.4102},"geometry":{"type":"Polygon","coordinates":[[[6.39538,42.99305],[6.38736,42.99851],[6.37232,42.99592],[6.36893,43.00222],[6.37327,43.00213],[6.37731,43.00767],[6.38303,43.00667],[6.38295,43.00918],[6.37978,43.01047],[6.38347,43.01392],[6.39069,43.01156],[6.40902,43.0199],[6.40874,43.01701],[6.41445,43.01569],[6.41199,43.00933],[6.42086,43.01386],[6.40267,42.99347],[6.39538,42.99305]]]}},{"type":"Feature","properties":{"kind":"coast","area_km2":5.9815},"geometry":{"type":"Polygon","coordinates":[[[13.74921,44.9221],[13.74431,44.92014],[13.736,44.92266],[13.73517,44.92643],[13.75122,44.92658],[13.76145,44.9224],[13.75559,44.92086],[13.76458,44.92292],[13.77032,44.91853],[13.76805,44.91654],[13.77673,44.91919],[13.77997,44.91465],[13.77335,44.91045],[13.78121,44.90979],[13.77949,44.90416],[13.77294,44.90747],[13.77307,44.9046],[13.76535,44.90099],[13.76529,44.90682],[13.75756,44.90575],[13.75964,44.89347],[13.75421,44.89315],[13.75301,44.88779],[13.75184,44.89145],[13.7463,44.89149],[13.74729,44.89503],[13.754,44.89668],[13.74565,44.90632],[13.75483,44.90915],[13.75491,44.91704],[13.7498,44.9182],[13.74921,44.9221]]]}},{"type":"Feature","properties":{"kind":"coast","area_km2":5.9129},"geometry":{"type":"Polygon","coordinates":[[[12.4454,37.89196],[12.45287,37.8726],[12.44847,37.86854],[12.45173,37.85306],[12.44733,37.84413],[12.44594,37.84417],[12.44341,37.851],[12.43687,37.88213],[12.42905,37.89225],[12.4315,37.8962],[12.44662,37.8985],[12.45426,37.9052],[12.45505,37.89845],[12.4454,37.89196]]]}},{"type":"Feature","properties":{"kind":"coast","area_km2":5.9119},"geometry":{"type":"Polygon","coordinates":[[[15.99978,42.98685],[16.00018,42.99074],[16.00524,42.99436],[16.01797,42.98545],[16.02099,42.98839],[16.01931,42.98115],[16.02343,42.98094],[16.01925,42.97814],[16.02482,42.97652],[16.02339,42.97316],[16.01961,42.95993],[16.00917,42.9622],[15.99571,42.95343],[16.00302,42.97067],[15.9983,42.97982],[16.00467,42.98265],[15.99864,42.98224],[16.00367,42.98627],[15.99978,42.98685]]]}},{"type":"Feature","properties":{"kind":"coast","area_km2":5.8479},"geometry":{"type":"Polygon","coordinates":[[[12.39172,44.78665],[12.38029,44.78376],[12.34465,44.78509],[12.32608,44.78937],[12.34863,44.79653],[12.38278,44.79653],[12.37853,44.79353],[12.39258,44.79353],[12.39258,44.7873],[12.39172,44.78665]]]}},{"type":"Feature","properties":{"kind":"coast","area_km2":5.7067},"geometry":{"type":"Polygon","coordinates":[[[13.42529,45.69041],[13.44727,45.68806],[13.46209,45.69805],[13.46072,45.69214],[13.43447,45.68199],[13.43211,45.67626],[13.41103,45.67751],[13.38984,45.67407],[13.37394,45.68028],[13.38135,45.67861],[13.40332,45.6856],[13.42529,45.69041]]]}},{"type":"Feature","properties":{"kind":"coast","area_km2":5.4839},"geometry":{"type":"Polygon","coordinates":[[[14.56976,44.45451],[14.57949,44.44083],[14.57496,44.44391],[14.55912,44.44767],[14.55463,44.44111],[14.54002,44.44339],[14.52934,44.45576],[14.53396,44.45661],[14.53465,44.46196],[14.54452,44.46423],[14.54944,44.45949],[14.56976,44.45451]]]}},{"type":"Feature","properties":{"kind":"coast","area_km2":5.2293},"geometry":{"type":"Polygon","coordinates":[[[12.33918,37.98472],[12.33227,37.98642],[12.31997,38.00087],[12.32185,38.00844],[12.32951,38.00921],[12.33447,38.02069],[12.34266,38.00232],[12.35332,37.9929],[12.35103,37.98828],[12.34489,37.98973],[12.33918,37.98472]]]}},{"type":"Feature","properties":{"kind":"coast","area_km2":5.2109},"geometry":{"type":"Polygon","coordinates":[[[9.72911,40.91892],[9.72928,40.92283],[9.73718,40.92766],[9.73056,40.91957],[9.73904,40.92029],[9.74101,40.91102],[9.71932,40.90503],[9.69301,40.88789],[9.6838,40.89394],[9.67424,40.89051],[9.67282,40.89183],[9.68665,40.89559],[9.72911,40.91892]]]}},{"type":"Feature","properties":{"kind":"coast","area_km2":5.1338},"geometry":{"type":"Polygon","coordinates":[[[12.85989,35.85502],[12.85392,35.86305],[12.85379,35.86727],[12.84846,35.86784],[12.84953,35.8715],[12.85971,35.87572],[12.87633,35.87552],[12.88089,35.87311],[12.88365,35.85712],[12.88137,35.85436],[12.87278,35.85719],[12.85989,35.85502]]]}},{"type":"Feature","properties":{"kind":"coast","area_km2":5.1043},"geometry":{"type":"Polygon","coordinates":[[[14.76888,44.74302],[14.78842,44.73457],[14.82492,44.70901],[14.84284,44.69119],[14.84266,44.68643],[14.82802,44.69039],[14.80247,44.71966],[14.76888,44.74302]]]}},{"type":"Feature","properties":{"kind":"coast","area_km2":5.0466},"geometry":{"type":"Polygon","coordinates":[[[16.40117,43.16739],[16.40357,43.15619],[16.39757,43.15966],[16.38946,43.15213],[16.39158,43.15864],[16.38531,43.15299],[16.38092,43.1592],[16.37662,43.15447],[16.37659,43.16015],[16.37262,43.16197],[16.37231,43.15373],[16.36658,43.15313],[16.36956,43.15908],[16.36425,43.16359],[16.35791,43.15929],[16.35706,43.16466],[16.34667,43.16168],[16.34975,43.16719],[16.3433,43.16569],[16.34294,43.1695],[16.33125,43.16356],[16.33043,43.16708],[16.33914,43.17199],[16.33873,43.17633],[16.34276,43.17307],[16.35073,43.17729],[16.35408,43.16965],[16.3574,43.17259],[16.36242,43.16711],[16.36738,43.1648],[16.37659,43.16879],[16.38253,43.16226],[16.38681,43.16655],[16.38873,43.16347],[16.39566,43.16445],[16.39315,43.16138],[16.40055,43.163],[16.40117,43.16739]]]}},{"type":"Feature","properties":{"kind":"coast","area_km2":4.6163},"geometry":{"type":"Polygon","coordinates":[[[14.0377,40.76501],[14.03239,40.75832],[14.03042,40.76162],[14.0208,40.75724],[14.0249,40.75008],[14.0198,40.75212],[14.01288,40.74857],[14.01732,40.7392],[14.01026,40.74198],[14.00628,40.74899],[14.00413,40.745],[13.99541,40.74683],[13.99766,40.74004],[13.99042,40.74291],[13.99423,40.74884],[14.00183,40.74739],[14.00505,40.75149],[14.00974,40.7596],[14.00467,40.763],[14.00926,40.76317],[14.00918,40.76912],[14.01707,40.77083],[14.0212,40.76636],[14.02855,40.76984],[14.02481,40.76609],[14.03333,40.76835],[14.03074,40.76539],[14.03329,40.76752],[14.0377,40.76501]]]}},{"type":"Feature","properties":{"kind":"coast","area_km2":4.5627},"geometry":{"type":"Polygon","coordinates":[[[17.95983,42.68835],[17.95902,42.68498],[17.96531,42.68458],[17.9739,42.67773],[17.95346,42.68122],[17.95131,42.67888],[17.95557,42.67509],[17.93966,42.67472],[17.92366,42.68941],[17.9383,42.68588],[17.94233,42.69677],[17.94782,42.69757],[17.95983,42.68835]]]}},{"type":"Feature","properties":{"kind":"coast","area_km2":4.561},"geometry":{"type":"Polygon","coordinates":[[[14.82387,44.82966],[14.82597,44.82816],[14.82529,44.82707],[14.81691,44.83631],[14.8172,44.83844],[14.81376,44.83499],[14.80472,44.83884],[14.8009,44.85147],[14.83909,44.84689],[14.83876,44.83687],[14.82801,44.83786],[14.8295,44.832],[14.82435,44.83277],[14.82387,44.82966]]]}},{"type":"Feature","properties":{"kind":"coast","area_km2":4.3868},"geometry":{"type":"Polygon","coordinates":[[[9.33319,41.2473],[9.33997,41.2534],[9.34375,41.25079],[9.3516,41.25216],[9.36057,41.2424],[9.35243,41.23183],[9.33935,41.22816],[9.33924,41.23301],[9.33578,41.23247],[9.33272,41.23688],[9.33319,41.2473]]]}},{"type":"Feature","properties":{"kind":"coast","area_km2":4.2936},"geometry":{"type":"Polygon","coordinates":[[[15.76922,43.03161],[15.76155,43.02228],[15.7403,43.01606],[15.73734,43.01907],[15.72692,43.01908],[15.72523,43.02318],[15.72953,43.02668],[15.75764,43.03499],[15.76922,43.03161]]]}},{"type":"Feature","properties":{"kind":"coast","area_km2":4.2215},"geometry":{"type":"Polygon","coordinates":[[[14.90365,44.17284],[14.92329,44.16422],[14.94247,44.15148],[14.94789,44.14574],[14.94516,44.1444],[14.93385,44.14854],[14.9308,44.15394],[14.92757,44.15474],[14.92654,44.15063],[14.91832,44.154],[14.91497,44.16165],[14.90091,44.16241],[14.88937,44.17519],[14.90365,44.17284]]]}},{"type":"Feature","properties":{"kind":"coast","area_km2":4.1109},"geometry":{"type":"Polygon","coordinates":[[[10.8142,37.12761],[10.81929,37.12574],[10.8196,37.11858],[10.79487,37.11595],[10.78931,37.12671],[10.80239,37.13581],[10.80623,37.14315],[10.8142,37.12761]]]}},{"type":"Feature","properties":{"kind":"coast","area_km2":4.0909},"geometry":{"type":"Polygon","coordinates":[[[16.50766,42.75883],[16.50137,42.75974],[16.49873,42.75466],[16.49246,42.75403],[16.49485,42.74961],[16.4909,42.75107],[16.49014,42.74859],[16.48724,42.74968],[16.49253,42.75972],[16.49884,42.76204],[16.50753,42.77359],[16.52787,42.7712],[16.53504,42.76587],[16.53518,42.76292],[16.52523,42.75841],[16.50831,42.76391],[16.50766,42.75883]]]}},{"type":"Feature","properties":{"kind":"coast","area_km2":3.9612},"geometry":{"type":"Polygon","coordinates":[[[14.71188,44.27987],[14.71782,44.27586],[14.7143,44.27041],[14.70019,44.27679],[14.70082,44.2826],[14.69452,44.28205],[14.68624,44.28942],[14.69375,44.29261],[14.70039,44.28903],[14.71046,44.29084],[14.72198,44.28412],[14.72829,44.27421],[14.71188,44.27987]]]}},{"type":"Feature","properties":{"kind":"coast","area_km2":3.7876},"geometry":{"type":"Polygon","coordinates":[[[15.05165,44.04302],[15.06577,44.04028],[15.06162,44.03344],[15.06681,44.02709],[15.07394,44.02705],[15.07206,44.02366],[15.07778,44.02306],[15.08691,44.00805],[15.07676,44.00859],[15.05974,44.01997],[15.06008,44.0239],[15.05456,44.02273],[15.05421,44.02577],[15.06268,44.02903],[15.05562,44.03105],[15.05952,44.03353],[15.05618,44.0396],[15.05152,44.03766],[15.05165,44.04302]]]}},{"type":"Feature","properties":{"kind":"coast","area_km2":3.7776},"geometry":{"type":"Polygon","coordinates":[[[14.31496,44.506],[14.3059,44.49733],[14.29022,44.50871],[14.29008,44.51692],[14.28467,44.51839],[14.28759,44.52141],[14.31042,44.51527],[14.31006,44.50894],[14.32683,44.5108],[14.32339,44.50513],[14.31496,44.506]]]}},{"type":"Feature","properties":{"kind":"coast","area_km2":3.5102},"geometry":{"type":"Polygon","coordinates":[[[9.74318,40.87061],[9.73601,40.85923],[9.71325,40.86611],[9.71016,40.86925],[9.71584,40.87618],[9.73643,40.87613],[9.74318,40.87061]]]}},{"type":"Feature","properties":{"kind":"coast","area_km2":3.4839},"geometry":{"type":"Polygon","coordinates":[[[16.05474,43.44541],[16.05312,43.44854],[16.05672,43.45178],[16.06875,43.45058],[16.07494,43.45581],[16.07965,43.4534],[16.08881,43.45508],[16.09174,43.44813],[16.09819,43.44609],[16.09042,43.44395],[16.09254,43.43879],[16.0854,43.43544],[16.07973,43.43922],[16.08255,43.44485],[16.06597,43.44476],[16.0617,43.44797],[16.05474,43.44541]]]}},{"type":"Feature","properties":{"kind":"coast","area_km2":3.444},"geometry":{"type":"Polygon","coordinates":[[[15.02337,44.16143],[15.01912,44.16679],[15.02485,44.17075],[15.02666,44.16578],[15.034,44.16427],[15.04495,44.15462],[15.05496,44.15264],[15.05314,44.14723],[15.05759,44.14082],[15.04178,44.14435],[15.02337,44.16143]]]}},{"type":"Feature","properties":{"kind":"coast","area_km2":3.3941},"geometry":{"type":"Polygon","coordinates":[[[15.76348,43.68734],[15.75456,43.68453],[15.74923,43.69112],[15.74455,43.68958],[15.73837,43.69987],[15.74203,43.70527],[15.74387,43.70857],[15.75194,43.69649],[15.7537,43.69843],[15.75901,43.69476],[15.76228,43.69623],[15.76756,43.69016],[15.77215,43.69163],[15.77727,43.68584],[15.77322,43.68048],[15.76348,43.68734]]]}},{"type":"Feature","properties":{"kind":"coast","area_km2":3.3608},"geometry":{"type":"Polygon","coordinates":[[[17.8283,42.74316],[17.84061,42.73823],[17.83478,42.73565],[17.83996,42.7287],[17.83741,42.72793],[17.82832,42.7298],[17.81765,42.73888],[17.8045,42.74087],[17.78807,42.75375],[17.79347,42.75443],[17.80319,42.74846],[17.8082,42.74975],[17.82844,42.73693],[17.8283,42.74316]]]}},{"type":"Feature","properties":{"kind":"coast","area_km2":3.1982},"geometry":{"type":"Polygon","coordinates":[[[15.6501,43.69986],[15.65856,43.69843],[15.66644,43.69146],[15.67211,43.69247],[15.67628,43.69398],[15.67765,43.68932],[15.69029,43.68533],[15.69295,43.67818],[15.67755,43.67871],[15.66546,43.68981],[15.64376,43.70062],[15.63723,43.7096],[15.64675,43.70697],[15.6501,43.69986]]]}},{"type":"Feature","properties":{"kind":"coast","area_km2":3.0619},"geometry":{"type":"Polygon","coordinates":[[[9.40546,41.19035],[9.39951,41.19078],[9.39864,41.198],[9.40879,41.20166],[9.41078,41.20786],[9.41998,41.20722],[9.42293,41.19346],[9.41919,41.18869],[9.40976,41.18641],[9.40783,41.19399],[9.40546,41.19035]]]}},{"type":"Feature","properties":{"kind":"coast","area_km2":3.0162},"geometry":{"type":"Polygon","coordinates":[[[16.80613,42.77316],[16.81773,42.77656],[16.81942,42.77288],[16.82791,42.7765],[16.82157,42.77107],[16.8296,42.77284],[16.83164,42.76958],[16.82456,42.76938],[16.81735,42.76406],[16.80907,42.76428],[16.81504,42.7622],[16.80986,42.75781],[16.81483,42.75659],[16.81371,42.75397],[16.80712,42.75402],[16.807,42.75909],[16.79958,42.76136],[16.79808,42.76556],[16.80613,42.77316]]]}},{"type":"Feature","properties":{"kind":"coast","area_km2":2.9579},"geometry":{"type":"Polygon","coordinates":[[[12.48047,45.511],[12.50632,45.49095],[12.5002,45.49095],[12.48047,45.49699],[12.46153,45.49818],[12.4736,45.50635],[12.48047,45.50635],[12.48047,45.511]]]}},{"type":"Feature","properties":{"kind":"coast","area_km2":2.9534},"geometry":{"type":"Polygon","coordinates":[[[9.79963,37.23745],[9.80987,37.23378],[9.79894,37.21793],[9.78622,37.21467],[9.78439,37.22459],[9.79445,37.23363],[9.79963,37.23745]]]}},{"type":"Feature","properties":{"kind":"coast","area_km2":2.9155},"geometry":{"type":"Polygon","coordinates":[[[14.30103,44.76494],[14.30223,44.77008],[14.30947,44.77565],[14.30677,44.78165],[14.3189,44.79173],[14.32047,44.78341],[14.31311,44.76322],[14.30634,44.75753],[14.30103,44.76494]]]}},{"type":"Feature","properties":{"kind":"coast","area_km2":2.8202},"geometry":{"type":"Polygon","coordinates":[[[12.37293,45.42081],[12.3856,45.4293],[12.37374,45.44006],[12.39258,45.43789],[12.39258,45.42359],[12.37807,45.41335],[12.37539,45.41066],[12.37293,45.42081]]]}},{"type":"Feature","properties":{"kind":"coast","area_km2":2.7896},"geometry":{"type":"Polygon","coordinates":[[[18.00484,42.67732],[18.00182,42.68318],[18.01312,42.68045],[18.01614,42.6708],[18.02175,42.6709],[18.02394,42.6671],[18.0204,42.66111],[18.0158,42.66193],[18.01416,42.66929],[17.99547,42.67127],[17.9863,42.67547],[17.99938,42.67965],[18.00484,42.67732]]]}},{"type":"Feature","properties":{"kind":"coast","area_km2":2.5751},"geometry":{"type":"Polygon","coordinates":[[[11.1118,42.24354],[11.10931,42.23762],[11.09754,42.24248],[11.09732,42.24996],[11.09251,42.25264],[11.09549,42.25762],[11.10967,42.26299],[11.11375,42.26094],[11.11743,42.2528],[11.10881,42.25582],[11.10371,42.25388],[11.10666,42.25253],[11.10191,42.24808],[11.1118,42.24354]]]}},{"type":"Feature","properties":{"kind":"coast","area_km2":2.5641},"geometry":{"type":"Polygon","coordinates":[[[15.76395,43.71363],[15.76358,43.71779],[15.75103,43.72527],[15.75507,43.73358],[15.77752,43.72002],[15.78003,43.71558],[15.77617,43.71431],[15.76854,43.71841],[15.77385,43.70607],[15.76395,43.71363]]]}},{"type":"Feature","properties":{"kind":"coast","area_km2":2.5403},"geometry":{"type":"Polygon","coordinates":[[[14.32989,36.00905],[14.32393,36.01336],[14.32299,36.01826],[14.3263,36.01797],[14.32865,36.01961],[14.32954,36.01617],[14.33256,36.01962],[14.3372,36.01629],[14.33898,36.01997],[14.35048,36.00908],[14.34722,36.00617],[14.32447,36.0038],[14.32989,36.00905]]]}},{"type":"Feature","properties":{"kind":"coast","area_km2":2.4868},"geometry":{"type":"Polygon","coordinates":[[[15.34262,43.76115],[15.32703,43.77207],[15.32528,43.76941],[15.31279,43.77478],[15.32221,43.77801],[15.34383,43.76675],[15.3621,43.76479],[15.36322,43.76153],[15.35688,43.75798],[15.34262,43.76115]]]}},{"type":"Feature","properties":{"kind":"coast","area_km2":2.4659},"geometry":{"type":"Polygon","coordinates":[[[13.25623,45.7098],[13.27148,45.71749],[13.29527,45.70618],[13.29404,45.70142],[13.28522,45.70514],[13.2601,45.70751],[13.25623,45.7098]]]}},{"type":"Feature","properties":{"kind":"coast","area_km2":2.3849},"geometry":{"type":"Polygon","coordinates":[[[15.49489,42.11703],[15.49095,42.1084],[15.48259,42.10361],[15.47738,42.10583],[15.47519,42.11262],[15.48529,42.11742],[15.48247,42.11923],[15.49116,42.12596],[15.4988,42.12029],[15.49489,42.11703]]]}},{"type":"Feature","properties":{"kind":"coast","area_km2":2.3762},"geometry":{"type":"Polygon","coordinates":[[[12.36466,45.058],[12.3693,45.06751],[12.3853,45.05298],[12.39912,45.04363],[12.39258,45.04157],[12.36466,45.058]]]}},{"type":"Feature","properties":{"kind":"coast","area_km2":2.3078},"geometry":{"type":"Polygon","coordinates":[[[9.90151,43.42229],[9.90257,43.41984],[9.88918,43.42324],[9.89311,43.43636],[9.90199,43.43557],[9.90191,43.43964],[9.90947,43.43295],[9.90856,43.42549],[9.90151,43.42229]]]}},{"type":"Feature","properties":{"kind":"coast","area_km2":2.2151},"geometry":{"type":"Polygon","coordinates":[[[11.02575,35.78876],[11.02031,35.7918],[11.02768,35.80273],[11.04067,35.80508],[11.04646,35.79701],[11.02575,35.78876]]]}},{"type":"Feature","properties":{"kind":"coast","area_km2":2.16},"geometry":{"type":"Polygon","coordinates":[[[14.91213,44.19159],[14.92313,44.18634],[14.9348,44.17754],[14.93817,44.16897],[14.90435,44.18825],[14.90426,44.19033],[14.91213,44.19159]]]}},{"type":"Feature","properties":{"kind":"coast","area_km2":2.0975},"geometry":{"type":"Polygon","coordinates":[[[15.20682,43.92886],[15.19413,43.94619],[15.21041,43.93934],[15.22561,43.92245],[15.21708,43.92529],[15.21568,43.92265],[15.20682,43.92886]]]}},{"type":"Feature","properties":{"kind":"coast","area_km2":2.0729},"geometry":{"type":"Polygon","coordinates":[[[12.41455,45.46013],[12.41455,45.46556],[12.42819,45.47554],[12.43652,45.47554],[12.43652,45.46841],[12.42472,45.46013],[12.41455,45.46013]]]}},{"type":"Feature","properties":{"kind":"coast","area_km2":2.0683},"geometry":{"type":"Polygon","coordinates":[[[15.80508,43.72182],[15.80039,43.72362],[15.79477,43.72472],[15.79989,43.72048],[15.79734,43.71832],[15.79107,43.72217],[15.78731,43.73427],[15.78042,43.73845],[15.78294,43.74365],[15.80743,43.72426],[15.80508,43.72182]]]}},{"type":"Feature","properties":{"kind":"coast","area_km2":2.0092},"geometry":{"type":"Polygon","coordinates":[[[7.07075,43.51766],[7.06693,43.51484],[7.03441,43.5173],[7.03179,43.52243],[7.04816,43.52405],[7.07075,43.51766]]]}},{"type":"Feature","properties":{"kind":"coast","area_km2":1.9769},"geometry":{"type":"Polygon","coordinates":[[[15.51067,43.84963],[15.50708,43.84567],[15.49318,43.85025],[15.48599,43.86069],[15.49757,43.856],[15.49624,43.86063],[15.5011,43.8615],[15.5019,43.85691],[15.5171,43.85101],[15.51645,43.84805],[15.51067,43.84963]]]}},{"type":"Feature","properties":{"kind":"coast","area_km2":1.8311},"geometry":{"type":"Polygon","coordinates":[[[15.36562,43.76108],[15.36991,43.75846],[15.36404,43.753],[15.36592,43.75049],[15.37635,43.75792],[15.38337,43.75649],[15.37293,43.74308],[15.35854,43.7504],[15.36562,43.76108]]]}},{"type":"Feature","properties":{"kind":"coast","area_km2":1.7931},"geometry":{"type":"Polygon","coordinates":[[[9.36684,41.30177],[9.3731,41.30077],[9.37977,41.30816],[9.38456,41.29847],[9.37748,41.29271],[9.37129,41.29407],[9.3652,41.28744],[9.36746,41.29046],[9.36119,41.29306],[9.36125,41.29703],[9.36629,41.29652],[9.36684,41.30177]]]}},{"type":"Feature","properties":{"kind":"coast","area_km2":1.7779},"geometry":{"type":"Polygon","coordinates":[[[15.26512,43.81716],[15.25634,43.81961],[15.25227,43.81536],[15.25047,43.82077],[15.2416,43.81894],[15.24177,43.82317],[15.23006,43.83296],[15.24949,43.82673],[15.25421,43.82094],[15.25469,43.82664],[15.26336,43.82339],[15.26512,43.81716]]]}},{"type":"Feature","properties":{"kind":"coast","area_km2":1.7634},"geometry":{"type":"Polygon","coordinates":[[[15.28537,43.93893],[15.31692,43.91921],[15.31739,43.91596],[15.31112,43.91405],[15.30546,43.92203],[15.2847,43.93236],[15.28537,43.93893]]]}},{"type":"Feature","properties":{"kind":"coast","area_km2":1.7237},"geometry":{"type":"Polygon","coordinates":[[[9.33515,41.28335],[9.3454,41.28497],[9.34735,41.28929],[9.35598,41.2891],[9.35984,41.28601],[9.35639,41.27832],[9.34919,41.27584],[9.33515,41.28335]]]}},{"type":"Feature","properties":{"kind":"coast","area_km2":1.7108},"geometry":{"type":"Polygon","coordinates":[[[9.84567,44.04661],[9.85536,44.05142],[9.85174,44.04662],[9.85488,44.04324],[9.84705,44.03337],[9.83327,44.04681],[9.83907,44.04954],[9.84567,44.04661]]]}},{"type":"Feature","properties":{"kind":"coast","area_km2":1.6962},"geometry":{"type":"Polygon","coordinates":[[[14.86148,44.48313],[14.87162,44.46644],[14.84859,44.4804],[14.84721,44.487],[14.85498,44.48707],[14.86148,44.48313]]]}},{"type":"Feature","properties":{"kind":"coast","area_km2":1.6481},"geometry":{"type":"Polygon","coordinates":[[[9.34135,41.30907],[9.34999,41.30176],[9.35356,41.30307],[9.3594,41.29424],[9.35437,41.29304],[9.34413,41.29695],[9.3378,41.29462],[9.34831,41.2989],[9.33379,41.30125],[9.33422,41.30563],[9.34135,41.30907]]]}},{"type":"Feature","properties":{"kind":"coast","area_km2":1.616},"geometry":{"type":"Polygon","coordinates":[[[15.46847,43.71107],[15.4996,43.69498],[15.51869,43.69023],[15.52028,43.68704],[15.50157,43.69059],[15.49814,43.69431],[15.48417,43.69664],[15.46847,43.71107]]]}},{"type":"Feature","properties":{"kind":"coast","area_km2":1.5648},"geometry":{"type":"Polygon","coordinates":[[[12.85224,40.92553],[12.84981,40.92929],[12.85452,40.93232],[12.85285,40.93984],[12.85701,40.94552],[12.85439,40.94961],[12.8583,40.94641],[12.86101,40.94807],[12.86291,40.92943],[12.85224,40.92553]]]}},{"type":"Feature","properties":{"kind":"coast","area_km2":1.5279},"geometry":{"type":"Polygon","coordinates":[[[12.32666,45.35215],[12.33361,45.35515],[12.3297,45.34904],[12.32981,45.33733],[12.34348,45.33416],[12.34521,45.32922],[12.33648,45.32834],[12.32666,45.33562],[12.32666,45.3367],[12.3252,45.3367],[12.32666,45.35215]]]}},{"type":"Feature","properties":{"kind":"coast","area_km2":1.3516},"geometry":{"type":"Polygon","coordinates":[[[16.78629,42.77036],[16.78196,42.77337],[16.79142,42.77786],[16.79614,42.76186],[16.78989,42.76301],[16.78781,42.75866],[16.78311,42.76136],[16.78629,42.77036]]]}},{"type":"Feature","properties":{"kind":"coast","area_km2":1.3249},"geometry":{"type":"Polygon","coordinates":[[[13.40767,40.78572],[13.41711,40.7892],[13.431,40.80383],[13.43067,40.79917],[13.4331,40.80247],[13.43527,40.79698],[13.43037,40.79206],[13.41537,40.78536],[13.40767,40.78572]]]}},{"type":"Feature","properties":{"kind":"coast","area_km2":1.2487},"geometry":{"type":"Polygon","coordinates":[[[8.22372,40.97186],[8.22541,40.9693],[8.22084,40.96797],[8.21435,40.9694],[8.21157,40.97881],[8.2144,40.98268],[8.22584,40.97689],[8.2269,40.97445],[8.22062,40.97509],[8.22372,40.97186]]]}},{"type":"Feature","properties":{"kind":"coast","area_km2":1.2193},"geometry":{"type":"Polygon","coordinates":[[[9.27324,41.36986],[9.27468,41.36898],[9.2731,41.36559],[9.26602,41.36558],[9.26566,41.36245],[9.26041,41.36239],[9.26229,41.36606],[9.25316,41.36698],[9.25058,41.36789],[9.25091,41.36939],[9.25923,41.37435],[9.26154,41.37078],[9.2679,41.3732],[9.26596,41.36854],[9.27324,41.36986]]]}},{"type":"Feature","properties":{"kind":"coast","area_km2":1.1862},"geometry":{"type":"Polygon","coordinates":[[[15.53438,43.86478],[15.55037,43.85916],[15.5518,43.85185],[15.54642,43.84907],[15.53949,43.85845],[15.53251,43.86105],[15.53438,43.86478]]]}},{"type":"Feature","properties":{"kind":"coast","area_km2":1.1777},"geometry":{"type":"Polygon","coordinates":[[[10.48372,36.25265],[10.47357,36.21542],[10.46984,36.22655],[10.48372,36.25265]]]}},{"type":"Feature","properties":{"kind":"coast","area_km2":1.1708},"geometry":{"type":"Polygon","coordinates":[[[17.16091,40.45244],[17.16701,40.44805],[17.15783,40.44484],[17.14145,40.45172],[17.15247,40.45102],[17.161,40.46032],[17.16091,40.45244]]]}},{"type":"Feature","properties":{"kind":"coast","area_km2":1.1493},"geometry":{"type":"Polygon","coordinates":[[[13.74645,44.93745],[13.75013,44.93034],[13.74575,44.9286],[13.73979,44.93069],[13.7427,44.93653],[13.73375,44.93402],[13.73542,44.9308],[13.73016,44.93077],[13.72915,44.93591],[13.73442,44.9368],[13.73402,44.94095],[13.74645,44.93745]]]}},{"type":"Feature","properties":{"kind":"coast","area_km2":1.1032},"geometry":{"type":"Polygon","coordinates":[[[14.29624,44.59235],[14.31868,44.57843],[14.32363,44.56983],[14.30205,44.58349],[14.29624,44.59235]]]}},{"type":"Feature","properties":{"kind":"coast","area_km2":1.0319},"geometry":{"type":"Polygon","coordinates":[[[10.30379,43.58039],[10.30514,43.56651],[10.29065,43.55774],[10.30101,43.57278],[10.29791,43.58039],[10.30379,43.58039]]]}},{"type":"Feature","properties":{"kind":"coast","area_km2":1.0313},"geometry":{"type":"Polygon","coordinates":[[[14.55413,44.49832],[14.54536,44.50886],[14.55158,44.50418],[14.55532,44.5059],[14.56219,44.50227],[14.56219,44.49339],[14.55867,44.49328],[14.55359,44.49374],[14.55413,44.49832]]]}},{"type":"Feature","properties":{"kind":"coast","area_km2":1.0252},"geometry":{"type":"Polygon","coordinates":[[[13.0605,40.96437],[13.0484,40.96506],[13.04506,40.96888],[13.05431,40.97389],[13.06289,40.96978],[13.0605,40.96437]]]}},{"type":"Feature","properties":{"kind":"coast","area_km2":1.0198},"geometry":{"type":"Polygon","coordinates":[[[15.47281,43.7248],[15.46797,43.73147],[15.47291,43.73453],[15.4818,43.73033],[15.48357,43.72357],[15.47617,43.7271],[15.47481,43.71987],[15.46997,43.72152],[15.47281,43.7248]]]}},{"type":"Feature","properties":{"kind":"coast","area_km2":1.0047},"geometry":{"type":"Polygon","coordinates":[[[8.30117,39.9875],[8.30007,39.99384],[8.31359,39.99642],[8.31106,39.98902],[8.29654,39.98103],[8.30117,39.9875]]]}},{"type":"Feature","properties":{"kind":"coast","area_km2":0.9907},"geometry":{"type":"Polygon","coordinates":[[[15.2193,43.87572],[15.21834,43.87942],[15.20748,43.87692],[15.2171,43.88348],[15.21354,43.88694],[15.21755,43.88912],[15.22699,43.88489],[15.22265,43.88103],[15.22579,43.87646],[15.22276,43.87814],[15.2193,43.87572]]]}},{"type":"Feature","properties":{"kind":"coast","area_km2":0.9691},"geometry":{"type":"Polygon","coordinates":[[[17.16508,42.95756],[17.17006,42.95406],[17.16812,42.95058],[17.15678,42.95146],[17.1508,42.95573],[17.15375,42.95854],[17.16508,42.95756]]]}},{"type":"Feature","properties":{"kind":"coast","area_km2":0.9377},"geometry":{"type":"Polygon","coordinates":[[[15.4166,43.88471],[15.42597,43.88764],[15.43339,43.88276],[15.42586,43.87571],[15.4166,43.88471]]]}},{"type":"Feature","properties":{"kind":"coast","area_km2":0.9144},"geometry":{"type":"Polygon","coordinates":[[[16.72751,42.75331],[16.72342,42.74926],[16.71079,42.74809],[16.7084,42.75093],[16.71381,42.75381],[16.71425,42.75103],[16.71998,42.7517],[16.72022,42.75742],[16.72324,42.75599],[16.72536,42.75855],[16.73328,42.75218],[16.72751,42.75331]]]}},{"type":"Feature","properties":{"kind":"coast","area_km2":0.8776},"geometry":{"type":"Polygon","coordinates":[[[14.86309,44.3787],[14.86875,44.37058],[14.85235,44.37916],[14.84739,44.38897],[14.86309,44.3787]]]}},{"type":"Feature","properties":{"kind":"coast","area_km2":0.8465},"geometry":{"type":"Polygon","coordinates":[[[14.54809,44.47189],[14.552,44.46632],[14.55896,44.46698],[14.56463,44.45928],[14.55638,44.46047],[14.54184,44.47059],[14.54809,44.47189]]]}},{"type":"Feature","properties":{"kind":"coast","area_km2":0.8356},"geometry":{"type":"Polygon","coordinates":[[[12.43652,45.47554],[12.43652,45.48164],[12.45511,45.48139],[12.44768,45.47554],[12.43652,45.47554]]]}},{"type":"Feature","properties":{"kind":"coast","area_km2":0.8183},"geometry":{"type":"Polygon","coordinates":[[[12.12891,44.62175],[12.14459,44.62175],[12.12891,44.61059],[12.12891,44.62175]]]}},{"type":"Feature","properties":{"kind":"coast","area_km2":0.8116},"geometry":{"type":"Polygon","coordinates":[[[14.56184,45.25664],[14.56749,45.25402],[14.56902,45.24539],[14.56693,45.24421],[14.55541,45.25332],[14.56184,45.25664]]]}},{"type":"Feature","properties":{"kind":"coast","area_km2":0.8061},"geometry":{"type":"Polygon","coordinates":[[[12.3477,45.3772],[12.34156,45.36758],[12.32364,45.36758],[12.3477,45.3772]]]}},{"type":"Feature","properties":{"kind":"coast","area_km2":0.7896},"geometry":{"type":"Polygon","coordinates":[[[15.45015,43.72147],[15.44357,43.72941],[15.46054,43.72225],[15.46197,43.71454],[15.45015,43.72147]]]}},{"type":"Feature","properties":{"kind":"coast","area_km2":0.7552},"geometry":{"type":"Polygon","coordinates":[[[12.4036,44.79571],[12.39859,44.79922],[12.41455,44.80638],[12.41455,44.79997],[12.41179,44.79762],[12.40695,44.79827],[12.4036,44.79571]]]}},{"type":"Feature","properties":{"kind":"coast","area_km2":0.7535},"geometry":{"type":"Polygon","coordinates":[[[14.42793,44.55386],[14.43007,44.55769],[14.43915,44.54958],[14.43242,44.54383],[14.42658,44.54613],[14.43146,44.54995],[14.42793,44.55386]]]}},{"type":"Feature","properties":{"kind":"coast","area_km2":0.7514},"geometry":{"type":"Polygon","coordinates":[[[17.40305,42.7893],[17.4039,42.79148],[17.42526,42.79033],[17.43204,42.78779],[17.41138,42.78715],[17.40305,42.7893]]]}},{"type":"Feature","properties":{"kind":"coast","area_km2":0.725},"geometry":{"type":"Polygon","coordinates":[[[17.7777,42.75763],[17.76612,42.763],[17.77872,42.76926],[17.77671,42.76521],[17.78195,42.75956],[17.7777,42.75763]]]}},{"type":"Feature","properties":{"kind":"coast","area_km2":0.7219},"geometry":{"type":"Polygon","coordinates":[[[15.39753,43.96118],[15.41209,43.95475],[15.40754,43.95122],[15.39451,43.95682],[15.39753,43.96118]]]}},{"type":"Feature","properties":{"kind":"coast","area_km2":0.6627},"geometry":{"type":"Polygon","coordinates":[[[18.11889,42.62215],[18.11891,42.62694],[18.11361,42.63051],[18.11569,42.63425],[18.11945,42.63191],[18.1245,42.6274],[18.12594,42.62158],[18.11889,42.62215]]]}},{"type":"Feature","properties":{"kind":"coast","area_km2":0.6502},"geometry":{"type":"Polygon","coordinates":[[[16.4296,43.15674],[16.42662,43.15553],[16.42109,43.15999],[16.41747,43.15075],[16.41201,43.15482],[16.41812,43.15794],[16.4224,43.16483],[16.4296,43.15674]]]}},{"type":"Feature","properties":{"kind":"coast","area_km2":0.6497},"geometry":{"type":"Polygon","coordinates":[[[9.49219,42.04094],[9.49219,42.04808],[9.51165,42.06253],[9.49219,42.04094]]]}},{"type":"Feature","properties":{"kind":"coast","area_km2":0.6295},"geometry":{"type":"Polygon","coordinates":[[[15.42778,43.87028],[15.44004,43.86793],[15.44672,43.85956],[15.43204,43.86535],[15.42778,43.87028]]]}},{"type":"Feature","properties":{"kind":"coast","area_km2":0.6293},"geometry":{"type":"Polygon","coordinates":[[[15.39533,43.89376],[15.4109,43.88421],[15.40603,43.88224],[15.39685,43.88676],[15.39533,43.89376]]]}},{"type":"Feature","properties":{"kind":"coast","area_km2":0.6195},"geometry":{"type":"Polygon","coordinates":[[[15.22488,43.85964],[15.2337,43.85422],[15.23388,43.84713],[15.22106,43.85707],[15.22488,43.85964]]]}},{"type":"Feature","properties":{"kind":"coast","area_km2":0.6122},"geometry":{"type":"Polygon","coordinates":[[[16.61634,42.98357],[16.61342,42.98098],[16.60675,42.98354],[16.61844,42.98965],[16.6238,42.98235],[16.61634,42.98357]]]}},{"type":"Feature","properties":{"kind":"coast","area_km2":0.6},"geometry":{"type":"Polygon","coordinates":[[[14.7782,44.22733],[14.77981,44.21803],[14.77117,44.22008],[14.76579,44.22546],[14.77124,44.22422],[14.7782,44.22733]]]}},{"type":"Feature","properties":{"kind":"coast","area_km2":0.5917},"geometry":{"type":"Polygon","coordinates":[[[11.00031,35.75944],[11.00889,35.76318],[11.00928,35.76596],[11.00067,35.76731],[11.00266,35.77131],[11.00905,35.77156],[11.01284,35.76554],[11.01095,35.7628],[11.00176,35.75932],[11.00058,35.75928],[11.00031,35.75944]]]}},{"type":"Feature","properties":{"kind":"coast","area_km2":0.5747},"geometry":{"type":"Polygon","coordinates":[[[10.46998,36.10729],[10.47065,36.1047],[10.46346,36.12013],[10.46875,36.12729],[10.46998,36.10729]]]}},{"type":"Feature","properties":{"kind":"coast","area_km2":0.5738},"geometry":{"type":"Polygon","coordinates":[[[9.25665,41.3383],[9.24875,41.33952],[9.2572,41.34829],[9.25798,41.33932],[9.26172,41.34004],[9.25834,41.33345],[9.25665,41.3383]]]}},{"type":"Feature","properties":{"kind":"coast","area_km2":0.5509},"geometry":{"type":"Polygon","coordinates":[[[14.3251,44.56881],[14.3408,44.56043],[14.33274,44.55962],[14.32443,44.5647],[14.3251,44.56881]]]}},{"type":"Feature","properties":{"kind":"coast","area_km2":0.5308},"geometry":{"type":"Polygon","coordinates":[[[15.41296,43.72706],[15.40883,43.73124],[15.42189,43.73135],[15.42513,43.72542],[15.42238,43.72815],[15.41976,43.72569],[15.41296,43.72706]]]}},{"type":"Feature","properties":{"kind":"coast","area_km2":0.5196},"geometry":{"type":"Polygon","coordinates":[[[15.56831,43.84838],[15.57421,43.84402],[15.56662,43.83993],[15.56118,43.84462],[15.56831,43.84838]]]}},{"type":"Feature","properties":{"kind":"coast","area_km2":0.5186},"geometry":{"type":"Polygon","coordinates":[[[16.02822,43.47032],[16.02041,43.47261],[16.01903,43.47434],[16.03285,43.4762],[16.03431,43.47203],[16.02822,43.47032]]]}},{"type":"Feature","properties":{"kind":"coast","area_km2":0.5097},"geometry":{"type":"Polygon","coordinates":[[[12.5017,44.91111],[12.49402,44.89658],[12.48969,44.90258],[12.5017,44.91111]]]}},{"type":"Feature","properties":{"kind":"coast","area_km2":0.5096},"geometry":{"type":"Polygon","coordinates":[[[9.44342,41.23639],[9.4479,41.23284],[9.44475,41.23244],[9.44285,41.22821],[9.43596,41.22902],[9.43867,41.23519],[9.44342,41.23639]]]}},{"type":"Feature","properties":{"kind":"coast","area_km2":0.4954},"geometry":{"type":"Polygon","coordinates":[[[15.25695,43.92686],[15.27158,43.9234],[15.27391,43.92016],[15.26111,43.92129],[15.25695,43.92686]]]}},{"type":"Feature","properties":{"kind":"coast","area_km2":0.4787},"geometry":{"type":"Polygon","coordinates":[[[15.51613,42.13596],[15.51495,42.13421],[15.50827,42.12953],[15.51005,42.13856],[15.5238,42.13871],[15.51613,42.13596]]]}},{"type":"Feature","properties":{"kind":"coast","area_km2":0.455},"geometry":{"type":"Polygon","coordinates":[[[16.985,42.77259],[16.98356,42.76549],[16.97858,42.76913],[16.97029,42.76772],[16.9676,42.76935],[16.985,42.77259]]]}},{"type":"Feature","properties":{"kind":"coast","area_km2":0.4505},"geometry":{"type":"Polygon","coordinates":[[[12.36035,45.49095],[12.34863,45.48273],[12.34863,45.49095],[12.36035,45.49095]]]}},{"type":"Feature","properties":{"kind":"coast","area_km2":0.438},"geometry":{"type":"Polygon","coordinates":[[[6.36289,43.01849],[6.36843,43.01792],[6.36429,43.01255],[6.36326,43.00404],[6.35997,43.01487],[6.36289,43.01849]]]}},{"type":"Feature","properties":{"kind":"coast","area_km2":0.4343},"geometry":{"type":"Polygon","coordinates":[[[15.20734,43.87032],[15.21575,43.87066],[15.21471,43.86141],[15.21277,43.86166],[15.20734,43.87032]]]}},{"type":"Feature","properties":{"kind":"coast","area_km2":0.4328},"geometry":{"type":"Polygon","coordinates":[[[16.1703,43.40765],[16.18163,43.4005],[16.17287,43.39915],[16.16926,43.4054],[16.1703,43.40765]]]}},{"type":"Feature","properties":{"kind":"coast","area_km2":0.4265},"geometry":{"type":"Polygon","coordinates":[[[9.53446,39.08932],[9.53535,39.08444],[9.53416,39.08225],[9.52679,39.08471],[9.529,39.09003],[9.53446,39.08932]]]}},{"type":"Feature","properties":{"kind":"coast","area_km2":0.4233},"geometry":{"type":"Polygon","coordinates":[[[15.52494,43.82624],[15.51063,43.8323],[15.50581,43.83187],[15.51135,43.8351],[15.51738,43.83359],[15.52494,43.82624]]]}},{"type":"Feature","properties":{"kind":"coast","area_km2":0.4217},"geometry":{"type":"Polygon","coordinates":[[[15.5638,43.86534],[15.56198,43.86622],[15.57454,43.86622],[15.56703,43.85892],[15.56779,43.86383],[15.55966,43.85987],[15.5638,43.86534]]]}},{"type":"Feature","properties":{"kind":"coast","area_km2":0.4078},"geometry":{"type":"Polygon","coordinates":[[[15.19174,44.29916],[15.2079,44.29217],[15.20163,44.29115],[15.19663,44.29248],[15.19174,44.29916]]]}},{"type":"Feature","properties":{"kind":"coast","area_km2":0.4038},"geometry":{"type":"Polygon","coordinates":[[[12.33849,44.81954],[12.3354,44.82471],[12.34863,44.82471],[12.34863,44.82294],[12.33849,44.81954]]]}},{"type":"Feature","properties":{"kind":"coast","area_km2":0.3992},"geometry":{"type":"Polygon","coordinates":[[[15.25441,43.89274],[15.24676,43.90094],[15.25118,43.9023],[15.25621,43.8994],[15.25441,43.89274]]]}},{"type":"Feature","properties":{"kind":"coast","area_km2":0.3986},"geometry":{"type":"Polygon","coordinates":[[[15.91954,43.67206],[15.9175,43.66962],[15.91267,43.67191],[15.91054,43.66999],[15.90836,43.67249],[15.91143,43.67726],[15.91954,43.67206]]]}},{"type":"Feature","properties":{"kind":"coast","area_km2":0.3972},"geometry":{"type":"Polygon","coordinates":[[[18.68986,42.4134],[18.70121,42.40745],[18.69328,42.40813],[18.68273,42.41109],[18.68986,42.4134]]]}},{"type":"Feature","properties":{"kind":"coast","area_km2":0.3908},"geometry":{"type":"Polygon","coordinates":[[[8.46657,39.05873],[8.47805,39.06088],[8.47802,39.06185],[8.49046,39.06185],[8.47182,39.05806],[8.46924,39.0539],[8.46657,39.05873]]]}},{"type":"Feature","properties":{"kind":"coast","area_km2":0.3904},"geometry":{"type":"Polygon","coordinates":[[[12.30204,45.26768],[12.29194,45.27489],[12.30352,45.27489],[12.30204,45.26768]]]}},{"type":"Feature","properties":{"kind":"coast","area_km2":0.3902},"geometry":{"type":"Polygon","coordinates":[[[15.51754,42.12823],[15.51189,42.12215],[15.50183,42.11894],[15.51314,42.1282],[15.51754,42.12823]]]}},{"type":"Feature","properties":{"kind":"coast","area_km2":0.3853},"geometry":{"type":"Polygon","coordinates":[[[9.57919,41.0678],[9.57991,41.0626],[9.5765,41.06167],[9.56933,41.06402],[9.57406,41.06513],[9.57503,41.06966],[9.57919,41.0678]]]}},{"type":"Feature","properties":{"kind":"coast","area_km2":0.3783},"geometry":{"type":"Polygon","coordinates":[[[10.18967,37.07862],[10.18367,37.07705],[10.18736,37.07974],[10.19512,37.08348],[10.19854,37.0878],[10.19153,37.07762],[10.18679,37.07442],[10.18288,37.07243],[10.18201,37.07259],[10.18747,37.07525],[10.18147,37.07465],[10.18967,37.07862]]]}},{"type":"Feature","properties":{"kind":"coast","area_km2":0.3768},"geometry":{"type":"Polygon","coordinates":[[[8.93825,44.38877],[8.91632,44.39632],[8.87678,44.40286],[8.87577,44.40396],[8.91674,44.39666],[8.9311,44.39214],[8.93825,44.38877]]]}},{"type":"Feature","properties":{"kind":"coast","area_km2":0.3718},"geometry":{"type":"Polygon","coordinates":[[[17.95152,40.05181],[17.95563,40.05014],[17.94652,40.04533],[17.94506,40.04897],[17.94879,40.05322],[17.95152,40.05181]]]}},{"type":"Feature","properties":{"kind":"coast","area_km2":0.3695},"geometry":{"type":"Polygon","coordinates":[[[8.58567,41.8741],[8.58644,41.87595],[8.59807,41.88201],[8.59375,41.87424],[8.58567,41.8741]]]}},{"type":"Feature","properties":{"kind":"coast","area_km2":0.3673},"geometry":{"type":"Polygon","coordinates":[[[15.74305,43.74957],[15.75772,43.74],[15.75592,43.73749],[15.75044,43.74073],[15.74305,43.74957]]]}},{"type":"Feature","properties":{"kind":"coast","area_km2":0.3633},"geometry":{"type":"Polygon","coordinates":[[[15.27466,43.80079],[15.2748,43.80408],[15.27672,43.79758],[15.27031,43.80076],[15.26035,43.80188],[15.26642,43.805],[15.27466,43.80079]]]}},{"type":"Feature","properties":{"kind":"coast","area_km2":0.3578},"geometry":{"type":"Polygon","coordinates":[[[15.27219,43.86459],[15.28022,43.86143],[15.27763,43.85761],[15.26918,43.86153],[15.27219,43.86459]]]}},{"type":"Feature","properties":{"kind":"coast","area_km2":0.3575},"geometry":{"type":"Polygon","coordinates":[[[16.98188,42.78006],[16.99649,42.77876],[16.98813,42.77585],[16.98249,42.77596],[16.98188,42.78006]]]}},{"type":"Feature","properties":{"kind":"coast","area_km2":0.3553},"geometry":{"type":"Polygon","coordinates":[[[15.78766,43.67204],[15.78324,43.68609],[15.78888,43.68359],[15.78895,43.67787],[15.78766,43.67204]]]}},{"type":"Feature","properties":{"kind":"coast","area_km2":0.3533},"geometry":{"type":"Polygon","coordinates":[[[9.59768,41.0777],[9.60068,41.07603],[9.60979,41.08214],[9.60368,41.07468],[9.60913,41.07321],[9.60134,41.07159],[9.59768,41.0777]]]}},{"type":"Feature","properties":{"kind":"coast","area_km2":0.3517},"geometry":{"type":"Polygon","coordinates":[[[16.96477,42.77904],[16.96903,42.7724],[16.96411,42.76926],[16.96141,42.77345],[16.96477,42.77904]]]}},{"type":"Feature","properties":{"kind":"coast","area_km2":0.3493},"geometry":{"type":"Polygon","coordinates":[[[7.03718,43.50866],[7.05521,43.508],[7.04758,43.50505],[7.03708,43.50711],[7.03718,43.50866]]]}},{"type":"Feature","properties":{"kind":"coast","area_km2":0.3452},"geometry":{"type":"Polygon","coordinates":[[[15.43123,43.73046],[15.43904,43.72779],[15.43688,43.72467],[15.42836,43.72567],[15.43123,43.73046]]]}},{"type":"Feature","properties":{"kind":"coast","area_km2":0.3436},"geometry":{"type":"Polygon","coordinates":[[[15.13172,43.96775],[15.13991,43.96937],[15.14308,43.95974],[15.13865,43.96379],[15.13172,43.96775]]]}},{"type":"Feature","properties":{"kind":"coast","area_km2":0.3387},"geometry":{"type":"Polygon","coordinates":[[[14.56681,44.49505],[14.56858,44.48632],[14.56726,44.48261],[14.56257,44.49149],[14.56681,44.49505]]]}},{"type":"Feature","properties":{"kind":"coast","area_km2":0.3352},"geometry":{"type":"Polygon","coordinates":[[[16.96335,42.76207],[16.97438,42.76129],[16.97141,42.75776],[16.9651,42.75736],[16.96335,42.76207]]]}},{"type":"Feature","properties":{"kind":"coast","area_km2":0.3314},"geometry":{"type":"Polygon","coordinates":[[[11.04622,35.62745],[11.03583,35.63996],[11.02018,35.64305],[11.02648,35.64333],[11.04114,35.63807],[11.04622,35.62745]]]}},{"type":"Feature","properties":{"kind":"coast","area_km2":0.3299},"geometry":{"type":"Polygon","coordinates":[[[15.33066,43.91079],[15.32944,43.90661],[15.32592,43.90725],[15.32191,43.91315],[15.3227,43.91441],[15.33066,43.91079]]]}},{"type":"Feature","properties":{"kind":"coast","area_km2":0.3251},"geometry":{"type":"Polygon","coordinates":[[[15.47766,43.69348],[15.47265,43.68928],[15.47238,43.69556],[15.46634,43.69567],[15.46846,43.69958],[15.47766,43.69348]]]}},{"type":"Feature","properties":{"kind":"coast","area_km2":0.3152},"geometry":{"type":"Polygon","coordinates":[[[16.36127,43.14942],[16.35541,43.15478],[16.3627,43.15645],[16.36423,43.151],[16.36127,43.14942]]]}},{"type":"Feature","properties":{"kind":"coast","area_km2":0.3142},"geometry":{"type":"Polygon","coordinates":[[[15.56297,43.85593],[15.56592,43.85196],[15.55336,43.85192],[15.55676,43.85513],[15.56297,43.85593]]]}},{"type":"Feature","properties":{"kind":"coast","area_km2":0.3073},"geometry":{"type":"Polygon","coordinates":[[[14.57961,44.55527],[14.58684,44.54754],[14.58333,44.54553],[14.57865,44.55132],[14.57961,44.55527]]]}},{"type":"Feature","properties":{"kind":"coast","area_km2":0.3058},"geometry":{"type":"Polygon","coordinates":[[[15.3932,43.74267],[15.38758,43.7359],[15.38605,43.73814],[15.39111,43.7458],[15.39693,43.74216],[15.3932,43.74267]]]}},{"type":"Feature","properties":{"kind":"coast","area_km2":0.2989},"geometry":{"type":"Polygon","coordinates":[[[8.58684,38.95558],[8.5851,38.95941],[8.59576,38.95941],[8.59494,38.95647],[8.58684,38.95558]]]}},{"type":"Feature","properties":{"kind":"coast","area_km2":0.2983},"geometry":{"type":"Polygon","coordinates":[[[16.11898,43.42058],[16.12702,43.4196],[16.13025,43.41511],[16.12325,43.41577],[16.11898,43.42058]]]}},{"type":"Feature","properties":{"kind":"coast","area_km2":0.2909},"geometry":{"type":"Polygon","coordinates":[[[15.08876,43.99221],[15.08268,43.99932],[15.09311,43.99419],[15.09404,43.99019],[15.08876,43.99221]]]}},{"type":"Feature","properties":{"kind":"coast","area_km2":0.2892},"geometry":{"type":"Polygon","coordinates":[[[12.4706,37.87065],[12.47236,37.86706],[12.46797,37.86359],[12.46427,37.86886],[12.4706,37.87065]]]}},{"type":"Feature","properties":{"kind":"coast","area_km2":0.2817},"geometry":{"type":"Polygon","coordinates":[[[8.8696,37.49632],[8.87155,37.50044],[8.87849,37.49864],[8.87682,37.49504],[8.8696,37.49632]]]}},{"type":"Feature","properties":{"kind":"coast","area_km2":0.2812},"geometry":{"type":"Polygon","coordinates":[[[16.25237,42.39208],[16.24964,42.39381],[16.26311,42.39352],[16.26529,42.39031],[16.25237,42.39208]]]}},{"type":"Feature","properties":{"kind":"coast","area_km2":0.2787},"geometry":{"type":"Polygon","coordinates":[[[15.14824,36.68915],[15.15412,36.68889],[15.14369,36.68166],[15.14499,36.68696],[15.14824,36.68915]]]}},{"type":"Feature","properties":{"kind":"coast","area_km2":0.2712},"geometry":{"type":"Polygon","coordinates":[[[16.22215,43.01757],[16.2305,43.02175],[16.23077,43.01963],[16.22786,43.01439],[16.22215,43.01757]]]}},{"type":"Feature","properties":{"kind":"coast","area_km2":0.2681},"geometry":{"type":"Polygon","coordinates":[[[15.2525,43.80908],[15.24678,43.8129],[15.25838,43.81209],[15.25729,43.80853],[15.2525,43.80908]]]}},{"type":"Feature","properties":{"kind":"coast","area_km2":0.2632},"geometry":{"type":"Polygon","coordinates":[[[9.52007,41.16288],[9.51679,41.16658],[9.5252,41.16626],[9.52625,41.16184],[9.52007,41.16288]]]}},{"type":"Feature","properties":{"kind":"coast","area_km2":0.2612},"geometry":{"type":"Polygon","coordinates":[[[17.92515,42.70648],[17.92888,42.71071],[17.9344,42.70845],[17.92972,42.70485],[17.92515,42.70648]]]}},{"type":"Feature","properties":{"kind":"coast","area_km2":0.2593},"geometry":{"type":"Polygon","coordinates":[[[17.39556,42.79359],[17.39517,42.79731],[17.40126,42.79843],[17.40414,42.7952],[17.39556,42.79359]]]}},{"type":"Feature","properties":{"kind":"coast","area_km2":0.2545},"geometry":{"type":"Polygon","coordinates":[[[16.67141,42.91322],[16.67289,42.91729],[16.6809,42.91254],[16.67952,42.91108],[16.67141,42.91322]]]}},{"type":"Feature","properties":{"kind":"coast","area_km2":0.2536},"geometry":{"type":"Polygon","coordinates":[[[12.18164,45.36758],[12.17285,45.36141],[12.17285,45.36758],[12.18164,45.36758]]]}},{"type":"Feature","properties":{"kind":"coast","area_km2":0.249},"geometry":{"type":"Polygon","coordinates":[[[15.13166,44.04241],[15.13679,44.04161],[15.13825,44.03567],[15.13193,44.0385],[15.13166,44.04241]]]}},{"type":"Feature","properties":{"kind":"coast","area_km2":0.2451},"geometry":{"type":"Polygon","coordinates":[[[9.60856,39.14224],[9.60517,39.1334],[9.60368,39.13855],[9.60456,39.14368],[9.60856,39.14224]]]}},{"type":"Feature","properties":{"kind":"coast","area_km2":0.2451},"geometry":{"type":"Polygon","coordinates":[[[15.59871,43.7232],[15.59625,43.72013],[15.59017,43.72206],[15.59237,43.72575],[15.59871,43.7232]]]}},{"type":"Feature","properties":{"kind":"coast","area_km2":0.2432},"geometry":{"type":"Polygon","coordinates":[[[15.40901,43.72087],[15.40404,43.72709],[15.41059,43.72469],[15.41444,43.71932],[15.40901,43.72087]]]}},{"type":"Feature","properties":{"kind":"coast","area_km2":0.2413},"geometry":{"type":"Polygon","coordinates":[[[12.50658,44.94714],[12.51046,44.9337],[12.50662,44.9337],[12.50658,44.94714]]]}},{"type":"Feature","properties":{"kind":"coast","area_km2":0.241},"geometry":{"type":"Polygon","coordinates":[[[10.8336,35.72225],[10.82778,35.7322],[10.82915,35.74243],[10.82865,35.73645],[10.83225,35.72856],[10.83394,35.72288],[10.8336,35.72225]]]}},{"type":"Feature","properties":{"kind":"coast","area_km2":0.2396},"geometry":{"type":"Polygon","coordinates":[[[9.37038,41.31088],[9.37619,41.31264],[9.37944,41.30819],[9.37082,41.30858],[9.37038,41.31088]]]}},{"type":"Feature","properties":{"kind":"coast","area_km2":0.2391},"geometry":{"type":"Polygon","coordinates":[[[15.20728,44.0791],[15.21205,44.07867],[15.21175,44.0718],[15.20648,44.07633],[15.20728,44.0791]]]}},{"type":"Feature","properties":{"kind":"coast","area_km2":0.2379},"geometry":{"type":"Polygon","coordinates":[[[15.76151,43.67062],[15.76356,43.6658],[15.7548,43.66931],[15.75649,43.672],[15.76151,43.67062]]]}},{"type":"Feature","properties":{"kind":"coast","area_km2":0.2363},"geometry":{"type":"Polygon","coordinates":[[[15.34176,43.90035],[15.33628,43.907],[15.34837,43.89928],[15.34829,43.89741],[15.34176,43.90035]]]}},{"type":"Feature","properties":{"kind":"coast","area_km2":0.2354},"geometry":{"type":"Polygon","coordinates":[[[15.77953,39.87152],[15.77847,39.87246],[15.76888,39.87199],[15.77431,39.87579],[15.77979,39.87453],[15.77953,39.87152]]]}},{"type":"Feature","properties":{"kind":"coast","area_km2":0.2348},"geometry":{"type":"Polygon","coordinates":[[[15.7331,43.67256],[15.73856,43.67377],[15.74572,43.66934],[15.73551,43.67057],[15.7331,43.67256]]]}},{"type":"Feature","properties":{"kind":"coast","area_km2":0.2342},"geometry":{"type":"Polygon","coordinates":[[[15.43687,43.71447],[15.43433,43.71683],[15.43702,43.72204],[15.44322,43.71788],[15.43749,43.71749],[15.43687,43.71447]]]}},{"type":"Feature","properties":{"kind":"coast","area_km2":0.2273},"geometry":{"type":"Polygon","coordinates":[[[17.16643,42.93832],[17.17143,42.93717],[17.17223,42.93174],[17.16569,42.9353],[17.16643,42.93832]]]}},{"type":"Feature","properties":{"kind":"coast","area_km2":0.2252},"geometry":{"type":"Polygon","coordinates":[[[13.72592,44.91208],[13.72909,44.91415],[13.73299,44.90971],[13.73195,44.90638],[13.72592,44.91208]]]}},{"type":"Feature","properties":{"kind":"coast","area_km2":0.2209},"geometry":{"type":"Polygon","coordinates":[[[12.40447,44.82614],[12.40275,44.82471],[12.39258,44.82471],[12.39258,44.82746],[12.40447,44.82614]]]}},{"type":"Feature","properties":{"kind":"coast","area_km2":0.2194},"geometry":{"type":"Polygon","coordinates":[[[16.69654,42.90718],[16.69767,42.90276],[16.69649,42.90142],[16.68953,42.90344],[16.69654,42.90718]]]}},{"type":"Feature","properties":{"kind":"coast","area_km2":0.2186},"geometry":{"type":"Polygon","coordinates":[[[16.24048,43.02968],[16.24932,43.027],[16.24416,43.02577],[16.24222,43.02184],[16.24048,43.02968]]]}},{"type":"Feature","properties":{"kind":"coast","area_km2":0.2117},"geometry":{"type":"Polygon","coordinates":[[[14.57493,44.67034],[14.58163,44.66817],[14.58191,44.6628],[14.57249,44.67269],[14.57515,44.67337],[14.57493,44.67034]]]}},{"type":"Feature","properties":{"kind":"coast","area_km2":0.2087},"geometry":{"type":"Polygon","coordinates":[[[14.68406,44.69442],[14.69019,44.69123],[14.6884,44.68853],[14.68282,44.69095],[14.68406,44.69442]]]}},{"type":"Feature","properties":{"kind":"coast","area_km2":0.2063},"geometry":{"type":"Polygon","coordinates":[[[15.34904,43.77334],[15.3434,43.77751],[15.35052,43.77821],[15.35112,43.7731],[15.34904,43.77334]]]}},{"type":"Feature","properties":{"kind":"coast","area_km2":0.2046},"geometry":{"type":"Polygon","coordinates":[[[15.81558,43.71744],[15.81446,43.71388],[15.80777,43.71859],[15.81196,43.71985],[15.81558,43.71744]]]}},{"type":"Feature","properties":{"kind":"coast","area_km2":0.204},"geometry":{"type":"Polygon","coordinates":[[[16.22532,43.47752],[16.23764,43.48009],[16.23824,43.47699],[16.23161,43.47696],[16.22532,43.47752]]]}},{"type":"Feature","properties":{"kind":"coast","area_km2":0.202},"geometry":{"type":"Polygon","coordinates":[[[18.1891,42.57993],[18.192,42.57898],[18.19494,42.57546],[18.20006,42.57196],[18.19371,42.57309],[18.1891,42.57993]]]}},{"type":"Feature","properties":{"kind":"coast","area_km2":0.2013},"geometry":{"type":"Polygon","coordinates":[[[8.32077,39.19414],[8.32483,39.1913],[8.32487,39.18996],[8.3241,39.18934],[8.31694,39.19006],[8.32077,39.19414]]]}},{"type":"Feature","properties":{"kind":"coast","area_km2":0.2011},"geometry":{"type":"Polygon","coordinates":[[[15.90499,43.56896],[15.89496,43.56957],[15.89247,43.57306],[15.89986,43.5714],[15.90499,43.56896]]]}},{"type":"Feature","properties":{"kind":"coast","area_km2":0.1998},"geometry":{"type":"Polygon","coordinates":[[[15.90765,43.63022],[15.90607,43.62921],[15.89692,43.62898],[15.89783,43.63224],[15.90765,43.63022]]]}},{"type":"Feature","properties":{"kind":"coast","area_km2":0.199},"geometry":{"type":"Polygon","coordinates":[[[12.49731,37.97172],[12.49435,37.9849],[12.49752,37.98516],[12.49731,37.97172]]]}},{"type":"Feature","properties":{"kind":"coast","area_km2":0.1952},"geometry":{"type":"Polygon","coordinates":[[[13.45242,40.79208],[13.4588,40.78985],[13.45597,40.78713],[13.45201,40.78756],[13.45242,40.79208]]]}},{"type":"Feature","properties":{"kind":"coast","area_km2":0.1946},"geometry":{"type":"Polygon","coordinates":[[[15.37995,43.74664],[15.38578,43.75091],[15.38468,43.74513],[15.38187,43.74336],[15.37995,43.74664]]]}},{"type":"Feature","properties":{"kind":"coast","area_km2":0.1917},"geometry":{"type":"Polygon","coordinates":[[[15.74508,43.62529],[15.73797,43.6259],[15.73608,43.62889],[15.74061,43.6294],[15.74508,43.62529]]]}},{"type":"Feature","properties":{"kind":"coast","area_km2":0.19},"geometry":{"type":"Polygon","coordinates":[[[16.43182,43.15638],[16.43056,43.15748],[16.4331,43.16167],[16.43847,43.15843],[16.43182,43.15638]]]}},{"type":"Feature","properties":{"kind":"coast","area_km2":0.1897},"geometry":{"type":"Polygon","coordinates":[[[15.87951,43.6602],[15.87874,43.66915],[15.88241,43.66644],[15.88172,43.66157],[15.87951,43.6602]]]}},{"type":"Feature","properties":{"kind":"coast","area_km2":0.189},"geometry":{"type":"Polygon","coordinates":[[[17.34559,42.79137],[17.34052,42.79097],[17.34083,42.79598],[17.34396,42.79403],[17.3464,42.79618],[17.34559,42.79137]]]}},{"type":"Feature","properties":{"kind":"coast","area_km2":0.1878},"geometry":{"type":"Polygon","coordinates":[[[15.2353,43.88765],[15.22868,43.88946],[15.2285,43.89081],[15.23445,43.89113],[15.23813,43.88851],[15.2353,43.88765]]]}},{"type":"Feature","properties":{"kind":"coast","area_km2":0.1849},"geometry":{"type":"Polygon","coordinates":[[[15.31065,43.78233],[15.30922,43.77637],[15.30241,43.77781],[15.29603,43.78035],[15.30575,43.77805],[15.31065,43.78233]]]}},{"type":"Feature","properties":{"kind":"coast","area_km2":0.184},"geometry":{"type":"Polygon","coordinates":[[[15.89949,43.65287],[15.89464,43.64988],[15.89275,43.65049],[15.89346,43.6553],[15.89949,43.65287]]]}},{"type":"Feature","properties":{"kind":"coast","area_km2":0.1815},"geometry":{"type":"Polygon","coordinates":[[[17.5085,42.91973],[17.50209,42.92029],[17.5015,42.9243],[17.50467,42.92415],[17.5085,42.91973]]]}},{"type":"Feature","properties":{"kind":"coast","area_km2":0.18},"geometry":{"type":"Polygon","coordinates":[[[15.0545,44.08234],[15.057,44.08143],[15.05878,44.07656],[15.05199,44.0792],[15.0545,44.08234]]]}},{"type":"Feature","properties":{"kind":"coast","area_km2":0.1796},"geometry":{"type":"Polygon","coordinates":[[[9.64274,40.97757],[9.63969,40.98265],[9.64407,40.98277],[9.64641,40.98005],[9.64274,40.97757]]]}},{"type":"Feature","properties":{"kind":"coast","area_km2":0.1793},"geometry":{"type":"Polygon","coordinates":[[[13.83847,44.82699],[13.84053,44.8316],[13.84495,44.82866],[13.84231,44.82614],[13.83847,44.82699]]]}},{"type":"Feature","properties":{"kind":"coast","area_km2":0.1749},"geometry":{"type":"Polygon","coordinates":[[[15.36545,43.831],[15.37169,43.82769],[15.37098,43.82491],[15.36762,43.82541],[15.36545,43.831]]]}},{"type":"Feature","properties":{"kind":"coast","area_km2":0.1722},"geometry":{"type":"Polygon","coordinates":[[[16.67902,42.95938],[16.67724,42.96231],[16.68568,42.96176],[16.68348,42.95901],[16.67902,42.95938]]]}},{"type":"Feature","properties":{"kind":"coast","area_km2":0.1699},"geometry":{"type":"Polygon","coordinates":[[[15.66543,43.70044],[15.66182,43.69876],[15.65999,43.70341],[15.66422,43.70413],[15.66543,43.70044]]]}},{"type":"Feature","properties":{"kind":"coast","area_km2":0.1678},"geometry":{"type":"Polygon","coordinates":[[[16.31041,43.16829],[16.31512,43.17529],[16.31833,43.1706],[16.31211,43.16988],[16.31041,43.16829]]]}},{"type":"Feature","properties":{"kind":"coast","area_km2":0.1655},"geometry":{"type":"Polygon","coordinates":[[[15.36,43.80768],[15.35821,43.80927],[15.36249,43.8123],[15.36554,43.80866],[15.36,43.80768]]]}},{"type":"Feature","properties":{"kind":"coast","area_km2":0.165},"geometry":{"type":"Polygon","coordinates":[[[17.16546,42.94811],[17.16912,42.94681],[17.16987,42.94216],[17.16456,42.94496],[17.16546,42.94811]]]}},{"type":"Feature","properties":{"kind":"coast","area_km2":0.1633},"geometry":{"type":"Polygon","coordinates":[[[9.39411,41.67269],[9.39643,41.67012],[9.39164,41.66801],[9.38923,41.67062],[9.39411,41.67269]]]}},{"type":"Feature","properties":{"kind":"coast","area_km2":0.1615},"geometry":{"type":"Polygon","coordinates":[[[13.94677,44.77548],[13.94971,44.77245],[13.94544,44.76956],[13.94432,44.77442],[13.94677,44.77548]]]}},{"type":"Feature","properties":{"kind":"coast","area_km2":0.1594},"geometry":{"type":"Polygon","coordinates":[[[16.19228,43.39107],[16.19295,43.39439],[16.19814,43.39406],[16.19596,43.39011],[16.19228,43.39107]]]}},{"type":"Feature","properties":{"kind":"coast","area_km2":0.157},"geometry":{"type":"Polygon","coordinates":[[[15.2852,43.9255],[15.28428,43.92187],[15.28031,43.92141],[15.2806,43.92566],[15.2852,43.9255]]]}},{"type":"Feature","properties":{"kind":"coast","area_km2":0.1565},"geometry":{"type":"Polygon","coordinates":[[[16.41258,43.15981],[16.4058,43.15732],[16.40521,43.16058],[16.4107,43.16135],[16.41258,43.15981]]]}},{"type":"Feature","properties":{"kind":"coast","area_km2":0.1554},"geometry":{"type":"Polygon","coordinates":[[[15.32979,43.87077],[15.33518,43.87359],[15.33655,43.87224],[15.33429,43.86848],[15.32979,43.87077]]]}},{"type":"Feature","properties":{"kind":"coast","area_km2":0.1528},"geometry":{"type":"Polygon","coordinates":[[[14.73344,44.43374],[14.73753,44.43231],[14.73744,44.42852],[14.73241,44.43082],[14.73344,44.43374]]]}},{"type":"Feature","properties":{"kind":"coast","area_km2":0.152},"geometry":{"type":"Polygon","coordinates":[[[15.28902,43.78725],[15.28824,43.79105],[15.29389,43.78982],[15.29124,43.78596],[15.28902,43.78725]]]}},{"type":"Feature","properties":{"kind":"coast","area_km2":0.1496},"geometry":{"type":"Polygon","coordinates":[[[14.98764,44.18846],[14.99304,44.18439],[14.99207,44.18231],[14.98796,44.18422],[14.98764,44.18846]]]}},{"type":"Feature","properties":{"kind":"coast","area_km2":0.1486},"geometry":{"type":"Polygon","coordinates":[[[15.57175,43.83941],[15.57746,43.8423],[15.58223,43.84108],[15.57999,43.83781],[15.57688,43.84078],[15.57175,43.83941]]]}},{"type":"Feature","properties":{"kind":"coast","area_km2":0.1469},"geometry":{"type":"Polygon","coordinates":[[[13.17418,45.70618],[13.16395,45.70618],[13.17699,45.70925],[13.17418,45.70618]]]}},{"type":"Feature","properties":{"kind":"coast","area_km2":0.1466},"geometry":{"type":"Polygon","coordinates":[[[14.99132,44.09357],[14.99184,44.08936],[14.99043,44.08805],[14.98622,44.08972],[14.99132,44.09357]]]}},{"type":"Feature","properties":{"kind":"coast","area_km2":0.1434},"geometry":{"type":"Polygon","coordinates":[[[16.73997,42.90501],[16.72158,42.91471],[16.73397,42.90873],[16.7386,42.90927],[16.73997,42.90501]]]}},{"type":"Feature","properties":{"kind":"coast","area_km2":0.1431},"geometry":{"type":"Polygon","coordinates":[[[15.7967,43.67384],[15.79306,43.67511],[15.79481,43.67926],[15.79779,43.67774],[15.7967,43.67384]]]}},{"type":"Feature","properties":{"kind":"coast","area_km2":0.1403},"geometry":{"type":"Polygon","coordinates":[[[14.54161,44.47615],[14.54196,44.48045],[14.5461,44.47744],[14.54485,44.4746],[14.54161,44.47615]]]}},{"type":"Feature","properties":{"kind":"coast","area_km2":0.1367},"geometry":{"type":"Polygon","coordinates":[[[15.5845,43.83492],[15.58023,43.8317],[15.57874,43.83532],[15.58349,43.83655],[15.5845,43.83492]]]}},{"type":"Feature","properties":{"kind":"coast","area_km2":0.1356},"geometry":{"type":"Polygon","coordinates":[[[13.93465,44.78819],[13.93701,44.78676],[13.93487,44.78393],[13.93026,44.78561],[13.93465,44.78819]]]}},{"type":"Feature","properties":{"kind":"coast","area_km2":0.1338},"geometry":{"type":"Polygon","coordinates":[[[9.35875,41.54854],[9.36145,41.55358],[9.3645,41.55165],[9.36087,41.54829],[9.35875,41.54854]]]}},{"type":"Feature","properties":{"kind":"coast","area_km2":0.1308},"geometry":{"type":"Polygon","coordinates":[[[14.99789,44.39506],[14.99283,44.39598],[14.99279,44.39897],[14.99671,44.39849],[14.99789,44.39506]]]}},{"type":"Feature","properties":{"kind":"coast","area_km2":0.1289},"geometry":{"type":"Polygon","coordinates":[[[8.54039,42.36831],[8.53473,42.37233],[8.5415,42.37156],[8.54118,42.36638],[8.54039,42.36831]]]}},{"type":"Feature","properties":{"kind":"coast","area_km2":0.1285},"geometry":{"type":"Polygon","coordinates":[[[15.21087,44.03277],[15.21499,44.02974],[15.21207,44.02823],[15.20874,44.03048],[15.21087,44.03277]]]}},{"type":"Feature","properties":{"kind":"coast","area_km2":0.1212},"geometry":{"type":"Polygon","coordinates":[[[15.93786,43.51591],[15.94465,43.51301],[15.94195,43.51115],[15.93782,43.51462],[15.93786,43.51591]]]}},{"type":"Feature","properties":{"kind":"coast","area_km2":0.1133},"geometry":{"type":"Polygon","coordinates":[[[15.27079,43.93887],[15.26819,43.94002],[15.27304,43.94046],[15.27942,43.93719],[15.27079,43.93887]]]}},{"type":"Feature","properties":{"kind":"coast","area_km2":0.1121},"geometry":{"type":"Polygon","coordinates":[[[15.45493,43.85294],[15.45874,43.85308],[15.46228,43.85047],[15.45912,43.84969],[15.45493,43.85294]]]}},{"type":"Feature","properties":{"kind":"coast","area_km2":0.1119},"geometry":{"type":"Polygon","coordinates":[[[13.35109,45.68108],[13.35938,45.68355],[13.36491,45.68231],[13.35109,45.68108]]]}},{"type":"Feature","properties":{"kind":"coast","area_km2":0.1109},"geometry":{"type":"Polygon","coordinates":[[[14.57126,44.36352],[14.57298,44.36561],[14.57709,44.36493],[14.57607,44.36229],[14.57126,44.36352]]]}},{"type":"Feature","properties":{"kind":"coast","area_km2":0.1098},"geometry":{"type":"Polygon","coordinates":[[[15.39222,43.9664],[15.39175,43.96794],[15.39768,43.9667],[15.3961,43.96388],[15.39222,43.9664]]]}},{"type":"Feature","properties":{"kind":"coast","area_km2":0.1077},"geometry":{"type":"Polygon","coordinates":[[[15.8136,43.66527],[15.81111,43.66362],[15.80826,43.66676],[15.81255,43.66753],[15.8136,43.66527]]]}},{"type":"Feature","properties":{"kind":"coast","area_km2":0.1047},"geometry":{"type":"Polygon","coordinates":[[[14.85663,44.17831],[14.85235,44.18069],[14.85312,44.18202],[14.85431,44.185],[14.85663,44.17831]]]}},{"type":"Feature","properties":{"kind":"coast","area_km2":0.0958},"geometry":{"type":"Polygon","coordinates":[[[16.7943,42.74735],[16.80266,42.74667],[16.79925,42.74524],[16.79532,42.74566],[16.7943,42.74735]]]}},{"type":"Feature","properties":{"kind":"coast","area_km2":0.0886},"geometry":{"type":"Polygon","coordinates":[[[12.29185,44.4932],[12.29019,44.49055],[12.28504,44.49204],[12.28553,44.49254],[12.29185,44.4932]]]}},{"type":"Feature","properties":{"kind":"coast","area_km2":0.0742},"geometry":{"type":"Polygon","coordinates":[[[13.25437,45.70502],[13.24983,45.70658],[13.25395,45.70866],[13.25437,45.70502]]]}},{"type":"Feature","properties":{"kind":"coast","area_km2":0.0729},"geometry":{"type":"Polygon","coordinates":[[[10.30891,36.80633],[10.30322,36.80929],[10.30849,36.80929],[10.30891,36.80633]]]}},{"type":"Feature","properties":{"kind":"coast","area_km2":0.0573},"geometry":{"type":"Polygon","coordinates":[[[9.34296,44.30302],[9.33405,44.30813],[9.33645,44.30813],[9.34296,44.30302]]]}},{"type":"Feature","properties":{"kind":"coast","area_km2":0.0537},"geometry":{"type":"Polygon","coordinates":[[[10.64803,35.82478],[10.64787,35.82046],[10.64529,35.82256],[10.64803,35.82478]]]}}]}